Content,Score,Category
literal helpless smurf,0.98,Nuclear
altf4 actual griefer,0.97,Nuclear
toxic delusional scrub,0.97,Nuclear
dodge absolute inter,0.99,Nuclear
leave holy shitter,0.98,Nuclear
holy bronze inter,0.99,Nuclear
genuinely iron npc,0.99,Nuclear
literal carried inter,0.99,Nuclear
complete helpless random,0.98,Nuclear
ff actual kid,0.98,Nuclear
holy dogshit noob,0.99,Nuclear
delete toxic scrub,0.98,Nuclear
utter hardstuck scrub,0.97,Nuclear
neck holy inter,0.97,Nuclear
massive dogshit npc,0.98,Nuclear
rope toxic trash,0.97,Nuclear
fucking useless thrower,0.97,Nuclear
genuinely useless tourist,0.98,Nuclear
fucking washed smurf,0.98,Nuclear
ff literal griefer,0.99,Nuclear
massive trolling tourist,0.98,Nuclear
pure braindead shitter,0.98,Nuclear
genuinely griefing bot,0.99,Nuclear
toxic iron tourist,0.97,Nuclear
holy unranked trash,0.98,Nuclear
rope holy animal,0.99,Nuclear
utter useless kid,0.97,Nuclear
delete utter feeder,0.98,Nuclear
pure useless animal,0.97,Nuclear
unranked feeder,0.99,Nuclear
logoff complete scrub,0.99,Nuclear
logoff holy noob,0.97,Nuclear
toxic clueless animal,0.97,Nuclear
genuinely unranked thrower,0.98,Nuclear
actual sweaty trash,0.99,Nuclear
actual boosted tourist,0.98,Nuclear
stfu absolute smurf,0.99,Nuclear
actual hardstuck shitter,0.99,Nuclear
leave casual,0.98,Nuclear
logoff absolute casual,0.97,Nuclear
literal braindead random,0.99,Nuclear
toxic washed noob,0.98,Nuclear
leave utter smurf,0.97,Nuclear
altf4 utter npc,0.98,Nuclear
kys holy kid,0.97,Nuclear
leave literal animal,0.98,Nuclear
uninstall holy npc,0.97,Nuclear
genuinely helpless shitter,0.97,Nuclear
toxic bronze random,0.97,Nuclear
uninstall genuinely bot,0.97,Nuclear
leave toxic shitter,0.97,Nuclear
quit absolute thrower,0.97,Nuclear
toxic clueless feeder,0.97,Nuclear
ff massive bot,0.99,Nuclear
kys utter npc,0.99,Nuclear
fucking dogshit inter,0.99,Nuclear
uninstall utter bot,0.97,Nuclear
toxic useless bot,0.97,Nuclear
genuinely delusional thrower,0.97,Nuclear
literal washed inter,0.98,Nuclear
delete actual kid,0.99,Nuclear
pure helpless tourist,0.98,Nuclear
actual useless tourist,0.97,Nuclear
uninstall absolute animal,0.97,Nuclear
absolute unranked thrower,0.99,Nuclear
rope noob,0.97,Nuclear
fucking dogshit noob,0.97,Nuclear
delete actual smurf,0.98,Nuclear
delete actual griefer,0.98,Nuclear
toxic helpless thrower,0.99,Nuclear
actual boosted feeder,0.98,Nuclear
fucking helpless bot,0.99,Nuclear
altf4 toxic animal,0.98,Nuclear
delete smurf,0.99,Nuclear
dodge massive npc,0.99,Nuclear
altf4 actual inter,0.99,Nuclear
actual hardstuck casual,0.98,Nuclear
kys literal animal,0.97,Nuclear
genuinely helpless feeder,0.99,Nuclear
quit fucking kid,0.97,Nuclear
actual trolling npc,0.97,Nuclear
neck utter noob,0.99,Nuclear
ff fucking feeder,0.99,Nuclear
pure useless inter,0.99,Nuclear
dodge utter casual,0.98,Nuclear
pure cringe tourist,0.97,Nuclear
absolute clueless scrub,0.99,Nuclear
altf4 utter bot,0.97,Nuclear
dodge genuinely random,0.97,Nuclear
holy clueless scrub,0.99,Nuclear
ff pure random,0.97,Nuclear
neck fucking griefer,0.99,Nuclear
logoff absolute npc,0.97,Nuclear
genuinely washed trash,0.98,Nuclear
actual unranked kid,0.98,Nuclear
holy carried random,0.99,Nuclear
toxic washed bot,0.98,Nuclear
massive washed griefer,0.98,Nuclear
toxic helpless npc,0.99,Nuclear
ff fucking scrub,0.97,Nuclear
rope complete noob,0.99,Nuclear
fucking carried random,0.98,Nuclear
dodge holy scrub,0.98,Nuclear
leave toxic bot,0.99,Nuclear
utter delusional feeder,0.97,Nuclear
pure carried shitter,0.99,Nuclear
kys genuinely trash,0.99,Nuclear
utter delusional noob,0.99,Nuclear
ff toxic trash,0.97,Nuclear
genuinely trolling thrower,0.98,Nuclear
genuinely braindead shitter,0.97,Nuclear
genuinely delusional kid,0.97,Nuclear
actual griefing kid,0.98,Nuclear
kys toxic casual,0.99,Nuclear
ff actual trash,0.98,Nuclear
complete griefing noob,0.97,Nuclear
fucking hardstuck scrub,0.97,Nuclear
holy carried bot,0.97,Nuclear
dodge complete kid,0.97,Nuclear
cringe animal,0.99,Nuclear
absolute useless trash,0.99,Nuclear
massive griefing npc,0.99,Nuclear
genuinely trolling trash,0.99,Nuclear
pure helpless griefer,0.99,Nuclear
massive clueless thrower,0.98,Nuclear
utter unranked scrub,0.98,Nuclear
literal trolling shitter,0.97,Nuclear
ff fucking casual,0.97,Nuclear
logoff holy feeder,0.98,Nuclear
fucking carried casual,0.97,Nuclear
fucking clueless thrower,0.98,Nuclear
delete literal tourist,0.99,Nuclear
absolute clueless griefer,0.99,Nuclear
toxic cringe shitter,0.97,Nuclear
absolute griefing random,0.98,Nuclear
stfu fucking kid,0.98,Nuclear
utter braindead shitter,0.98,Nuclear
neck toxic feeder,0.97,Nuclear
stfu utter random,0.99,Nuclear
stfu utter shitter,0.98,Nuclear
literal washed tourist,0.98,Nuclear
griefing kid,0.99,Nuclear
toxic trolling griefer,0.99,Nuclear
pure unranked npc,0.98,Nuclear
complete braindead feeder,0.99,Nuclear
pure sweaty shitter,0.97,Nuclear
actual griefing inter,0.99,Nuclear
quit actual inter,0.97,Nuclear
massive useless trash,0.98,Nuclear
leave literal bot,0.99,Nuclear
fucking unranked feeder,0.98,Nuclear
uninstall utter animal,0.99,Nuclear
utter hardstuck bot,0.98,Nuclear
massive braindead smurf,0.99,Nuclear
toxic sweaty scrub,0.99,Nuclear
neck literal random,0.98,Nuclear
altf4 pure smurf,0.97,Nuclear
quit massive inter,0.99,Nuclear
ff massive shitter,0.99,Nuclear
altf4 absolute thrower,0.97,Nuclear
dodge pure griefer,0.97,Nuclear
holy washed noob,0.98,Nuclear
stfu massive thrower,0.99,Nuclear
cringe bot,0.98,Nuclear
utter braindead smurf,0.99,Nuclear
logoff complete animal,0.99,Nuclear
literal cringe bot,0.97,Nuclear
leave genuinely kid,0.98,Nuclear
toxic trolling animal,0.98,Nuclear
bronze shitter,0.99,Nuclear
quit pure kid,0.97,Nuclear
actual hardstuck tourist,0.98,Nuclear
kys actual inter,0.98,Nuclear
complete trolling feeder,0.99,Nuclear
ff genuinely inter,0.98,Nuclear
genuinely washed animal,0.99,Nuclear
rope pure feeder,0.98,Nuclear
actual dogshit trash,0.97,Nuclear
trolling scrub,0.99,Nuclear
complete unranked bot,0.98,Nuclear
literal washed shitter,0.98,Nuclear
cringe thrower,0.99,Nuclear
holy dogshit npc,0.99,Nuclear
logoff literal casual,0.98,Nuclear
utter delusional scrub,0.98,Nuclear
quit pure smurf,0.97,Nuclear
absolute washed scrub,0.99,Nuclear
holy bronze feeder,0.97,Nuclear
washed inter,0.98,Nuclear
logoff utter noob,0.97,Nuclear
rope holy thrower,0.97,Nuclear
griefing inter,0.97,Nuclear
absolute dogshit tourist,0.99,Nuclear
leave holy animal,0.99,Nuclear
actual delusional noob,0.99,Nuclear
massive griefing feeder,0.99,Nuclear
useless inter,0.97,Nuclear
toxic useless kid,0.98,Nuclear
rope complete griefer,0.98,Nuclear
delusional random,0.99,Nuclear
genuinely dogshit griefer,0.99,Nuclear
massive sweaty casual,0.99,Nuclear
absolute helpless trash,0.98,Nuclear
stfu literal smurf,0.99,Nuclear
dodge absolute noob,0.98,Nuclear
massive cringe tourist,0.97,Nuclear
neck actual trash,0.99,Nuclear
delete pure thrower,0.97,Nuclear
quit absolute npc,0.98,Nuclear
toxic boosted smurf,0.99,Nuclear
leave noob,0.98,Nuclear
holy useless casual,0.97,Nuclear
pure carried tourist,0.99,Nuclear
quit absolute animal,0.98,Nuclear
uninstall actual trash,0.98,Nuclear
ff absolute npc,0.98,Nuclear
complete helpless tourist,0.97,Nuclear
holy delusional griefer,0.97,Nuclear
literal braindead scrub,0.97,Nuclear
bronze noob,0.99,Nuclear
massive useless casual,0.99,Nuclear
literal delusional bot,0.98,Nuclear
absolute dogshit animal,0.98,Nuclear
pure useless npc,0.99,Nuclear
actual clueless feeder,0.97,Nuclear
logoff genuinely smurf,0.98,Nuclear
pure cringe shitter,0.98,Nuclear
neck utter inter,0.97,Nuclear
dodge absolute npc,0.98,Nuclear
holy boosted smurf,0.98,Nuclear
utter clueless kid,0.98,Nuclear
uninstall toxic random,0.98,Nuclear
delete toxic animal,0.97,Nuclear
toxic unranked casual,0.97,Nuclear
dodge random,0.97,Nuclear
massive delusional npc,0.97,Nuclear
complete sweaty tourist,0.98,Nuclear
toxic griefing griefer,0.97,Nuclear
leave literal casual,0.97,Nuclear
leave toxic smurf,0.98,Nuclear
rope literal smurf,0.98,Nuclear
iron kid,0.99,Nuclear
uninstall fucking kid,0.99,Nuclear
leave literal scrub,0.97,Nuclear
uninstall utter griefer,0.98,Nuclear
uninstall fucking random,0.97,Nuclear
neck complete smurf,0.98,Nuclear
holy clueless noob,0.98,Nuclear
kys massive griefer,0.97,Nuclear
absolute washed npc,0.97,Nuclear
quit complete random,0.97,Nuclear
ff holy trash,0.99,Nuclear
fucking iron bot,0.99,Nuclear
toxic iron inter,0.98,Nuclear
hardstuck npc,0.98,Nuclear
logoff complete noob,0.97,Nuclear
trolling random,0.98,Nuclear
utter braindead scrub,0.97,Nuclear
uninstall actual npc,0.97,Nuclear
toxic unranked scrub,0.98,Nuclear
toxic clueless trash,0.97,Nuclear
absolute useless bot,0.99,Nuclear
delete massive shitter,0.99,Nuclear
kys pure scrub,0.99,Nuclear
uninstall holy kid,0.97,Nuclear
complete carried noob,0.99,Nuclear
delete holy inter,0.98,Nuclear
literal boosted noob,0.97,Nuclear
delete fucking shitter,0.97,Nuclear
kys pure animal,0.97,Nuclear
uninstall genuinely animal,0.98,Nuclear
massive iron scrub,0.97,Nuclear
pure braindead noob,0.99,Nuclear
altf4 complete npc,0.99,Nuclear
helpless noob,0.98,Nuclear
massive braindead noob,0.97,Nuclear
genuinely boosted griefer,0.99,Nuclear
toxic unranked feeder,0.98,Nuclear
altf4 utter noob,0.99,Nuclear
holy useless animal,0.99,Nuclear
ff complete thrower,0.98,Nuclear
neck utter random,0.99,Nuclear
holy iron shitter,0.99,Nuclear
holy iron bot,0.99,Nuclear
leave literal noob,0.97,Nuclear
toxic helpless kid,0.97,Nuclear
delete holy feeder,0.99,Nuclear
leave holy thrower,0.99,Nuclear
fucking useless random,0.99,Nuclear
genuinely boosted animal,0.97,Nuclear
stfu complete griefer,0.99,Nuclear
neck complete griefer,0.98,Nuclear
genuinely iron kid,0.97,Nuclear
massive bronze feeder,0.98,Nuclear
clueless tourist,0.97,Nuclear
logoff genuinely tourist,0.98,Nuclear
complete cringe npc,0.97,Nuclear
stfu toxic tourist,0.99,Nuclear
stfu massive trash,0.98,Nuclear
utter griefing scrub,0.98,Nuclear
rope literal scrub,0.98,Nuclear
kys pure trash,0.99,Nuclear
altf4 literal bot,0.98,Nuclear
quit holy tourist,0.98,Nuclear
genuinely cringe scrub,0.97,Nuclear
complete hardstuck shitter,0.97,Nuclear
holy hardstuck tourist,0.98,Nuclear
neck toxic random,0.98,Nuclear
actual washed bot,0.98,Nuclear
leave massive thrower,0.98,Nuclear
massive washed npc,0.98,Nuclear
toxic carried trash,0.99,Nuclear
fucking trolling noob,0.99,Nuclear
dodge genuinely inter,0.99,Nuclear
clueless bot,0.97,Nuclear
neck massive shitter,0.97,Nuclear
complete iron bot,0.99,Nuclear
rope utter noob,0.99,Nuclear
literal carried kid,0.99,Nuclear
pure helpless npc,0.99,Nuclear
logoff absolute kid,0.99,Nuclear
genuinely delusional casual,0.99,Nuclear
dodge massive random,0.99,Nuclear
ff genuinely noob,0.97,Nuclear
toxic trolling feeder,0.99,Nuclear
ff complete shitter,0.97,Nuclear
logoff pure trash,0.97,Nuclear
pure dogshit trash,0.99,Nuclear
holy delusional random,0.97,Nuclear
genuinely iron scrub,0.97,Nuclear
kys holy thrower,0.98,Nuclear
pure delusional thrower,0.98,Nuclear
absolute clueless thrower,0.97,Nuclear
complete boosted bot,0.97,Nuclear
quit actual noob,0.98,Nuclear
massive iron noob,0.99,Nuclear
actual carried tourist,0.98,Nuclear
actual sweaty scrub,0.97,Nuclear
dodge fucking griefer,0.98,Nuclear
stfu absolute tourist,0.99,Nuclear
leave holy bot,0.99,Nuclear
pure hardstuck kid,0.99,Nuclear
complete dogshit noob,0.99,Nuclear
leave pure scrub,0.99,Nuclear
bronze casual,0.99,Nuclear
genuinely griefing scrub,0.99,Nuclear
kys fucking noob,0.97,Nuclear
absolute delusional tourist,0.99,Nuclear
stfu holy casual,0.98,Nuclear
massive clueless inter,0.99,Nuclear
absolute sweaty noob,0.98,Nuclear
fucking iron npc,0.97,Nuclear
logoff toxic npc,0.99,Nuclear
stfu fucking shitter,0.98,Nuclear
actual braindead shitter,0.99,Nuclear
stfu toxic shitter,0.99,Nuclear
uninstall absolute feeder,0.97,Nuclear
delete trash,0.97,Nuclear
genuinely carried griefer,0.98,Nuclear
genuinely washed scrub,0.97,Nuclear
massive griefing trash,0.99,Nuclear
fucking helpless tourist,0.98,Nuclear
genuinely iron noob,0.97,Nuclear
complete cringe noob,0.98,Nuclear
fucking dogshit griefer,0.99,Nuclear
logoff literal inter,0.99,Nuclear
fucking iron tourist,0.97,Nuclear
quit toxic animal,0.97,Nuclear
toxic hardstuck inter,0.99,Nuclear
holy clueless kid,0.99,Nuclear
massive useless shitter,0.97,Nuclear
pure bronze smurf,0.99,Nuclear
logoff genuinely scrub,0.98,Nuclear
holy dogshit feeder,0.99,Nuclear
logoff random,0.98,Nuclear
stfu pure shitter,0.99,Nuclear
delete pure shitter,0.97,Nuclear
boosted griefer,0.97,Nuclear
holy sweaty thrower,0.98,Nuclear
ff fucking random,0.99,Nuclear
logoff casual,0.97,Nuclear
holy sweaty inter,0.97,Nuclear
toxic hardstuck scrub,0.99,Nuclear
kys holy smurf,0.99,Nuclear
altf4 smurf,0.98,Nuclear
iron smurf,0.98,Nuclear
uninstall feeder,0.99,Nuclear
delete utter scrub,0.98,Nuclear
stfu actual npc,0.97,Nuclear
rope absolute kid,0.99,Nuclear
actual cringe scrub,0.98,Nuclear
utter cringe kid,0.97,Nuclear
dodge genuinely casual,0.97,Nuclear
absolute unranked feeder,0.98,Nuclear
holy hardstuck scrub,0.97,Nuclear
rope literal trash,0.97,Nuclear
absolute iron tourist,0.97,Nuclear
holy washed animal,0.98,Nuclear
holy unranked griefer,0.97,Nuclear
actual useless feeder,0.99,Nuclear
altf4 genuinely animal,0.97,Nuclear
neck massive npc,0.98,Nuclear
genuinely useless feeder,0.99,Nuclear
leave absolute scrub,0.97,Nuclear
logoff absolute inter,0.98,Nuclear
neck holy tourist,0.98,Nuclear
utter cringe casual,0.97,Nuclear
rope utter scrub,0.98,Nuclear
quit massive bot,0.99,Nuclear
absolute griefing kid,0.97,Nuclear
utter braindead griefer,0.97,Nuclear
ff complete noob,0.99,Nuclear
complete unranked random,0.98,Nuclear
uninstall literal kid,0.98,Nuclear
pure delusional smurf,0.97,Nuclear
literal carried casual,0.98,Nuclear
pure trolling animal,0.99,Nuclear
rope holy casual,0.99,Nuclear
altf4 pure thrower,0.97,Nuclear
holy carried trash,0.99,Nuclear
kys npc,0.97,Nuclear
ff literal bot,0.98,Nuclear
uninstall fucking smurf,0.98,Nuclear
rope complete smurf,0.99,Nuclear
unranked kid,0.98,Nuclear
leave actual feeder,0.98,Nuclear
utter cringe noob,0.97,Nuclear
dodge actual scrub,0.97,Nuclear
pure sweaty tourist,0.97,Nuclear
fucking unranked thrower,0.99,Nuclear
fucking trolling thrower,0.99,Nuclear
dodge utter trash,0.99,Nuclear
stfu inter,0.98,Nuclear
utter boosted scrub,0.98,Nuclear
logoff holy scrub,0.99,Nuclear
massive carried shitter,0.99,Nuclear
utter useless thrower,0.98,Nuclear
holy boosted noob,0.99,Nuclear
logoff utter shitter,0.98,Nuclear
logoff fucking smurf,0.99,Nuclear
toxic useless npc,0.98,Nuclear
rope actual thrower,0.98,Nuclear
absolute cringe tourist,0.98,Nuclear
rope utter tourist,0.98,Nuclear
altf4 pure shitter,0.99,Nuclear
complete cringe thrower,0.97,Nuclear
uninstall absolute noob,0.98,Nuclear
actual hardstuck kid,0.97,Nuclear
pure braindead animal,0.98,Nuclear
literal iron thrower,0.99,Nuclear
holy griefing tourist,0.99,Nuclear
unranked tourist,0.97,Nuclear
rope holy shitter,0.99,Nuclear
genuinely braindead scrub,0.97,Nuclear
kys actual npc,0.97,Nuclear
massive dogshit bot,0.99,Nuclear
literal delusional shitter,0.98,Nuclear
fucking sweaty kid,0.98,Nuclear
fucking sweaty tourist,0.97,Nuclear
dodge actual thrower,0.98,Nuclear
literal hardstuck bot,0.97,Nuclear
leave pure noob,0.99,Nuclear
dodge fucking inter,0.99,Nuclear
logoff literal noob,0.99,Nuclear
utter iron casual,0.97,Nuclear
pure griefing smurf,0.97,Nuclear
literal braindead kid,0.99,Nuclear
altf4 pure noob,0.99,Nuclear
kys holy bot,0.97,Nuclear
fucking trolling npc,0.99,Nuclear
actual sweaty tourist,0.97,Nuclear
massive delusional animal,0.97,Nuclear
complete bronze shitter,0.99,Nuclear
holy helpless trash,0.99,Nuclear
absolute braindead animal,0.99,Nuclear
stfu holy kid,0.99,Nuclear
delete absolute feeder,0.97,Nuclear
actual iron smurf,0.98,Nuclear
dodge utter griefer,0.98,Nuclear
pure delusional bot,0.97,Nuclear
carried bot,0.99,Nuclear
altf4 absolute trash,0.97,Nuclear
fucking sweaty scrub,0.99,Nuclear
stfu holy inter,0.97,Nuclear
uninstall holy griefer,0.99,Nuclear
stfu massive griefer,0.97,Nuclear
massive carried trash,0.98,Nuclear
genuinely washed npc,0.97,Nuclear
quit fucking casual,0.99,Nuclear
genuinely hardstuck animal,0.98,Nuclear
complete washed bot,0.97,Nuclear
quit complete griefer,0.97,Nuclear
complete helpless trash,0.99,Nuclear
literal trolling scrub,0.99,Nuclear
literal boosted trash,0.97,Nuclear
ff massive kid,0.98,Nuclear
stfu utter npc,0.99,Nuclear
actual helpless feeder,0.98,Nuclear
rope actual griefer,0.97,Nuclear
leave absolute random,0.97,Nuclear
kys noob,0.99,Nuclear
massive unranked trash,0.97,Nuclear
logoff trash,0.98,Nuclear
fucking hardstuck npc,0.99,Nuclear
genuinely washed bot,0.98,Nuclear
massive cringe thrower,0.98,Nuclear
dogshit kid,0.99,Nuclear
literal boosted kid,0.97,Nuclear
leave literal npc,0.98,Nuclear
genuinely cringe inter,0.97,Nuclear
delete absolute trash,0.99,Nuclear
literal unranked inter,0.97,Nuclear
logoff fucking random,0.98,Nuclear
absolute griefing casual,0.98,Nuclear
complete dogshit griefer,0.98,Nuclear
rope fucking smurf,0.97,Nuclear
genuinely unranked npc,0.97,Nuclear
quit literal kid,0.97,Nuclear
holy bronze thrower,0.97,Nuclear
literal delusional trash,0.98,Nuclear
delete griefer,0.98,Nuclear
genuinely useless inter,0.97,Nuclear
massive griefing scrub,0.98,Nuclear
utter delusional inter,0.99,Nuclear
literal griefing npc,0.97,Nuclear
delete fucking griefer,0.99,Nuclear
stfu absolute casual,0.99,Nuclear
kys massive casual,0.98,Nuclear
toxic iron kid,0.99,Nuclear
delete actual random,0.97,Nuclear
fucking sweaty noob,0.99,Nuclear
ff toxic animal,0.99,Nuclear
massive trolling bot,0.97,Nuclear
absolute sweaty tourist,0.97,Nuclear
kys holy npc,0.99,Nuclear
literal cringe scrub,0.99,Nuclear
massive hardstuck kid,0.97,Nuclear
leave actual npc,0.97,Nuclear
absolute carried animal,0.97,Nuclear
neck toxic noob,0.99,Nuclear
massive cringe smurf,0.97,Nuclear
kys holy animal,0.99,Nuclear
complete delusional shitter,0.99,Nuclear
toxic washed kid,0.97,Nuclear
delete fucking thrower,0.98,Nuclear
neck toxic animal,0.98,Nuclear
altf4 toxic trash,0.99,Nuclear
leave pure thrower,0.97,Nuclear
complete clueless shitter,0.99,Nuclear
literal bronze shitter,0.99,Nuclear
holy clueless animal,0.99,Nuclear
literal cringe random,0.98,Nuclear
holy unranked bot,0.99,Nuclear
massive helpless shitter,0.98,Nuclear
quit complete scrub,0.99,Nuclear
logoff toxic tourist,0.99,Nuclear
toxic useless feeder,0.99,Nuclear
utter helpless scrub,0.99,Nuclear
genuinely trolling bot,0.99,Nuclear
toxic helpless animal,0.97,Nuclear
toxic clueless scrub,0.97,Nuclear
uninstall genuinely smurf,0.97,Nuclear
altf4 absolute griefer,0.98,Nuclear
logoff utter bot,0.98,Nuclear
actual carried shitter,0.98,Nuclear
actual clueless noob,0.98,Nuclear
stfu actual shitter,0.98,Nuclear
literal washed trash,0.99,Nuclear
holy carried feeder,0.99,Nuclear
altf4 fucking tourist,0.97,Nuclear
rope trash,0.99,Nuclear
holy bronze kid,0.97,Nuclear
fucking cringe scrub,0.99,Nuclear
pure boosted shitter,0.99,Nuclear
delete pure bot,0.98,Nuclear
iron thrower,0.99,Nuclear
delete complete npc,0.98,Nuclear
pure boosted scrub,0.99,Nuclear
uninstall scrub,0.97,Nuclear
toxic trolling kid,0.99,Nuclear
holy sweaty tourist,0.99,Nuclear
complete unranked feeder,0.98,Nuclear
uninstall literal trash,0.98,Nuclear
genuinely hardstuck shitter,0.97,Nuclear
holy trolling shitter,0.97,Nuclear
iron feeder,0.98,Nuclear
holy cringe shitter,0.97,Nuclear
massive delusional scrub,0.99,Nuclear
ff trash,0.99,Nuclear
holy braindead trash,0.98,Nuclear
rope toxic noob,0.98,Nuclear
stfu massive animal,0.98,Nuclear
holy boosted feeder,0.98,Nuclear
complete bronze npc,0.99,Nuclear
leave toxic npc,0.97,Nuclear
pure boosted noob,0.98,Nuclear
leave holy scrub,0.99,Nuclear
ff utter random,0.99,Nuclear
pure bronze casual,0.97,Nuclear
pure helpless trash,0.97,Nuclear
neck holy thrower,0.99,Nuclear
fucking bronze griefer,0.97,Nuclear
altf4 genuinely thrower,0.97,Nuclear
rope utter feeder,0.99,Nuclear
quit massive scrub,0.97,Nuclear
altf4 toxic feeder,0.97,Nuclear
logoff complete bot,0.99,Nuclear
rope toxic feeder,0.98,Nuclear
altf4 pure feeder,0.98,Nuclear
toxic sweaty inter,0.98,Nuclear
neck complete kid,0.97,Nuclear
genuinely unranked shitter,0.99,Nuclear
rope genuinely scrub,0.97,Nuclear
literal hardstuck scrub,0.97,Nuclear
literal hardstuck griefer,0.97,Nuclear
genuinely trolling animal,0.97,Nuclear
stfu genuinely thrower,0.97,Nuclear
neck absolute bot,0.99,Nuclear
literal iron feeder,0.97,Nuclear
genuinely useless thrower,0.99,Nuclear
stfu genuinely kid,0.99,Nuclear
holy dogshit bot,0.99,Nuclear
stfu feeder,0.99,Nuclear
hardstuck tourist,0.98,Nuclear
ff genuinely bot,0.97,Nuclear
literal carried bot,0.97,Nuclear
uninstall massive bot,0.99,Nuclear
stfu casual,0.97,Nuclear
uninstall literal scrub,0.98,Nuclear
fucking griefing shitter,0.97,Nuclear
washed scrub,0.98,Nuclear
toxic cringe casual,0.98,Nuclear
altf4 complete shitter,0.97,Nuclear
genuinely sweaty kid,0.98,Nuclear
washed casual,0.97,Nuclear
actual braindead feeder,0.97,Nuclear
sweaty animal,0.98,Nuclear
literal carried shitter,0.98,Nuclear
utter hardstuck animal,0.99,Nuclear
holy trolling kid,0.98,Nuclear
actual dogshit npc,0.99,Nuclear
toxic delusional feeder,0.99,Nuclear
leave actual animal,0.98,Nuclear
dodge absolute tourist,0.99,Nuclear
stfu fucking bot,0.98,Nuclear
massive hardstuck smurf,0.99,Nuclear
delete absolute kid,0.99,Nuclear
quit genuinely feeder,0.98,Nuclear
toxic dogshit casual,0.97,Nuclear
logoff utter feeder,0.99,Nuclear
massive braindead griefer,0.98,Nuclear
absolute cringe noob,0.99,Nuclear
stfu literal casual,0.97,Nuclear
ff shitter,0.99,Nuclear
pure sweaty noob,0.98,Nuclear
massive hardstuck bot,0.98,Nuclear
ff utter smurf,0.98,Nuclear
pure boosted griefer,0.98,Nuclear
absolute braindead tourist,0.98,Nuclear
neck feeder,0.98,Nuclear
dodge holy smurf,0.97,Nuclear
absolute iron bot,0.98,Nuclear
toxic carried thrower,0.98,Nuclear
massive iron bot,0.98,Nuclear
kys complete random,0.99,Nuclear
ff toxic scrub,0.99,Nuclear
fucking delusional griefer,0.99,Nuclear
holy useless feeder,0.99,Nuclear
delete absolute inter,0.98,Nuclear
pure helpless noob,0.99,Nuclear
absolute washed thrower,0.98,Nuclear
toxic cringe griefer,0.99,Nuclear
holy sweaty shitter,0.98,Nuclear
logoff literal animal,0.99,Nuclear
genuinely hardstuck thrower,0.98,Nuclear
kys fucking casual,0.98,Nuclear
absolute delusional inter,0.97,Nuclear
complete delusional inter,0.99,Nuclear
actual unranked bot,0.98,Nuclear
absolute unranked npc,0.98,Nuclear
dodge pure animal,0.98,Nuclear
actual cringe inter,0.99,Nuclear
leave toxic scrub,0.97,Nuclear
rope fucking animal,0.98,Nuclear
toxic bronze thrower,0.99,Nuclear
logoff complete casual,0.99,Nuclear
absolute braindead inter,0.97,Nuclear
holy cringe thrower,0.98,Nuclear
holy hardstuck animal,0.97,Nuclear
quit actual tourist,0.98,Nuclear
dodge pure casual,0.98,Nuclear
ff utter animal,0.99,Nuclear
fucking bronze thrower,0.99,Nuclear
logoff inter,0.97,Nuclear
altf4 massive griefer,0.97,Nuclear
uninstall animal,0.98,Nuclear
absolute cringe inter,0.99,Nuclear
massive sweaty npc,0.98,Nuclear
dodge scrub,0.98,Nuclear
uninstall holy inter,0.99,Nuclear
leave holy npc,0.99,Nuclear
quit complete feeder,0.98,Nuclear
dodge fucking animal,0.97,Nuclear
kys pure thrower,0.97,Nuclear
delete genuinely griefer,0.98,Nuclear
massive delusional shitter,0.99,Nuclear
massive sweaty shitter,0.98,Nuclear
toxic clueless casual,0.98,Nuclear
dodge toxic griefer,0.97,Nuclear
fucking helpless thrower,0.99,Nuclear
complete bronze smurf,0.97,Nuclear
pure useless kid,0.97,Nuclear
neck complete inter,0.99,Nuclear
actual carried npc,0.97,Nuclear
holy useless random,0.97,Nuclear
carried inter,0.99,Nuclear
utter helpless feeder,0.98,Nuclear
complete cringe animal,0.97,Nuclear
utter sweaty bot,0.98,Nuclear
neck literal tourist,0.99,Nuclear
kys actual tourist,0.97,Nuclear
ff massive griefer,0.99,Nuclear
altf4 complete noob,0.97,Nuclear
boosted feeder,0.97,Nuclear
utter bronze kid,0.97,Nuclear
logoff massive kid,0.98,Nuclear
ff fucking bot,0.97,Nuclear
altf4 absolute kid,0.97,Nuclear
actual cringe random,0.99,Nuclear
fucking delusional tourist,0.99,Nuclear
sweaty tourist,0.97,Nuclear
genuinely dogshit feeder,0.97,Nuclear
neck toxic smurf,0.97,Nuclear
actual dogshit smurf,0.97,Nuclear
utter bronze trash,0.99,Nuclear
toxic bronze feeder,0.98,Nuclear
complete iron trash,0.97,Nuclear
pure unranked shitter,0.97,Nuclear
literal clueless kid,0.99,Nuclear
altf4 shitter,0.99,Nuclear
cringe random,0.97,Nuclear
toxic delusional animal,0.98,Nuclear
hardstuck noob,0.99,Nuclear
ff complete casual,0.99,Nuclear
logoff complete shitter,0.98,Nuclear
literal braindead tourist,0.97,Nuclear
rope absolute animal,0.98,Nuclear
ff massive thrower,0.99,Nuclear
dodge complete smurf,0.98,Nuclear
massive sweaty animal,0.99,Nuclear
pure griefing feeder,0.99,Nuclear
toxic clueless random,0.97,Nuclear
dodge massive tourist,0.98,Nuclear
holy braindead shitter,0.99,Nuclear
holy carried npc,0.98,Nuclear
stfu utter scrub,0.98,Nuclear
fucking trolling scrub,0.99,Nuclear
genuinely boosted feeder,0.98,Nuclear
uninstall utter thrower,0.99,Nuclear
pure sweaty trash,0.99,Nuclear
delete fucking animal,0.97,Nuclear
ff complete trash,0.98,Nuclear
complete delusional smurf,0.99,Nuclear
utter dogshit random,0.99,Nuclear
leave toxic random,0.98,Nuclear
pure griefing shitter,0.98,Nuclear
quit literal casual,0.97,Nuclear
uninstall literal random,0.97,Nuclear
actual bronze npc,0.97,Nuclear
absolute bronze animal,0.98,Nuclear
leave actual tourist,0.99,Nuclear
holy washed kid,0.97,Nuclear
holy washed scrub,0.98,Nuclear
rope absolute griefer,0.98,Nuclear
uninstall actual thrower,0.98,Nuclear
genuinely sweaty smurf,0.97,Nuclear
kys holy casual,0.98,Nuclear
literal clueless smurf,0.97,Nuclear
kys massive bot,0.99,Nuclear
uninstall massive noob,0.97,Nuclear
complete boosted scrub,0.99,Nuclear
actual hardstuck thrower,0.99,Nuclear
quit holy kid,0.99,Nuclear
uninstall holy trash,0.99,Nuclear
actual carried griefer,0.98,Nuclear
delete toxic thrower,0.99,Nuclear
kys massive random,0.99,Nuclear
delete absolute npc,0.99,Nuclear
bronze feeder,0.97,Nuclear
altf4 massive bot,0.99,Nuclear
genuinely braindead thrower,0.99,Nuclear
massive bronze griefer,0.99,Nuclear
neck absolute kid,0.99,Nuclear
massive washed noob,0.97,Nuclear
logoff actual shitter,0.99,Nuclear
rope actual noob,0.97,Nuclear
neck genuinely griefer,0.97,Nuclear
genuinely iron trash,0.97,Nuclear
dodge massive trash,0.98,Nuclear
quit genuinely npc,0.99,Nuclear
dodge absolute animal,0.97,Nuclear
utter bronze casual,0.99,Nuclear
utter cringe feeder,0.98,Nuclear
ff genuinely shitter,0.99,Nuclear
quit fucking animal,0.97,Nuclear
neck fucking thrower,0.98,Nuclear
holy clueless tourist,0.99,Nuclear
bronze inter,0.99,Nuclear
rope genuinely thrower,0.97,Nuclear
actual boosted shitter,0.98,Nuclear
complete cringe casual,0.98,Nuclear
delusional trash,0.98,Nuclear
altf4 literal casual,0.99,Nuclear
pure helpless kid,0.98,Nuclear
neck actual animal,0.98,Nuclear
pure unranked casual,0.97,Nuclear
dodge actual griefer,0.98,Nuclear
leave genuinely casual,0.99,Nuclear
altf4 massive kid,0.99,Nuclear
utter useless smurf,0.97,Nuclear
altf4 holy tourist,0.99,Nuclear
pure helpless scrub,0.97,Nuclear
pure braindead feeder,0.99,Nuclear
pure carried scrub,0.98,Nuclear
absolute helpless kid,0.99,Nuclear
holy bronze animal,0.99,Nuclear
kys absolute bot,0.98,Nuclear
altf4 fucking smurf,0.99,Nuclear
boosted scrub,0.98,Nuclear
utter dogshit inter,0.98,Nuclear
leave massive tourist,0.97,Nuclear
dodge complete npc,0.98,Nuclear
rope pure trash,0.98,Nuclear
actual hardstuck noob,0.97,Nuclear
fucking clueless feeder,0.97,Nuclear
genuinely griefing griefer,0.99,Nuclear
dodge kid,0.97,Nuclear
quit toxic griefer,0.97,Nuclear
genuinely carried casual,0.99,Nuclear
massive bronze npc,0.98,Nuclear
literal helpless tourist,0.99,Nuclear
actual carried scrub,0.97,Nuclear
quit literal bot,0.99,Nuclear
complete sweaty griefer,0.98,Nuclear
massive trolling griefer,0.99,Nuclear
absolute boosted tourist,0.97,Nuclear
quit massive npc,0.99,Nuclear
fucking carried feeder,0.99,Nuclear
massive carried tourist,0.99,Nuclear
complete helpless animal,0.97,Nuclear
absolute hardstuck scrub,0.97,Nuclear
neck pure scrub,0.99,Nuclear
dodge complete animal,0.97,Nuclear
altf4 fucking npc,0.97,Nuclear
kys holy noob,0.99,Nuclear
logoff literal feeder,0.99,Nuclear
holy hardstuck griefer,0.99,Nuclear
absolute boosted noob,0.98,Nuclear
genuinely cringe smurf,0.99,Nuclear
massive cringe griefer,0.98,Nuclear
toxic braindead kid,0.99,Nuclear
quit holy random,0.98,Nuclear
logoff massive inter,0.98,Nuclear
pure clueless bot,0.99,Nuclear
toxic iron smurf,0.98,Nuclear
kys massive trash,0.98,Nuclear
absolute boosted random,0.97,Nuclear
actual useless trash,0.97,Nuclear
absolute boosted feeder,0.99,Nuclear
stfu toxic noob,0.99,Nuclear
absolute clueless kid,0.98,Nuclear
delete genuinely animal,0.99,Nuclear
actual trolling feeder,0.97,Nuclear
literal hardstuck trash,0.97,Nuclear
toxic delusional random,0.99,Nuclear
delete actual casual,0.99,Nuclear
holy useless scrub,0.97,Nuclear
rope toxic bot,0.99,Nuclear
toxic trolling smurf,0.98,Nuclear
dodge toxic noob,0.98,Nuclear
utter iron feeder,0.97,Nuclear
literal useless casual,0.98,Nuclear
neck holy bot,0.97,Nuclear
actual braindead noob,0.99,Nuclear
altf4 holy scrub,0.99,Nuclear
quit genuinely shitter,0.97,Nuclear
genuinely useless scrub,0.98,Nuclear
uninstall genuinely npc,0.98,Nuclear
utter iron inter,0.98,Nuclear
toxic helpless griefer,0.98,Nuclear
altf4 complete scrub,0.98,Nuclear
absolute sweaty griefer,0.98,Nuclear
rope toxic shitter,0.98,Nuclear
ff smurf,0.99,Nuclear
holy griefing noob,0.97,Nuclear
utter braindead trash,0.97,Nuclear
uninstall absolute kid,0.99,Nuclear
literal delusional noob,0.99,Nuclear
genuinely helpless scrub,0.97,Nuclear
delete feeder,0.99,Nuclear
dodge genuinely feeder,0.97,Nuclear
uninstall fucking scrub,0.98,Nuclear
actual useless shitter,0.98,Nuclear
altf4 complete thrower,0.97,Nuclear
literal helpless noob,0.98,Nuclear
dodge holy shitter,0.97,Nuclear
fucking iron noob,0.97,Nuclear
fucking braindead kid,0.97,Nuclear
fucking unranked noob,0.99,Nuclear
literal unranked shitter,0.98,Nuclear
leave pure animal,0.99,Nuclear
holy helpless casual,0.97,Nuclear
uninstall toxic griefer,0.98,Nuclear
ff fucking thrower,0.97,Nuclear
actual cringe npc,0.98,Nuclear
neck fucking inter,0.98,Nuclear
actual washed random,0.98,Nuclear
actual unranked smurf,0.97,Nuclear
uninstall toxic tourist,0.99,Nuclear
ff actual griefer,0.99,Nuclear
absolute carried griefer,0.98,Nuclear
logoff actual animal,0.99,Nuclear
fucking helpless scrub,0.98,Nuclear
delete complete smurf,0.98,Nuclear
rope genuinely bot,0.99,Nuclear
quit actual shitter,0.98,Nuclear
fucking carried noob,0.98,Nuclear
actual cringe casual,0.97,Nuclear
literal unranked npc,0.97,Nuclear
absolute bronze tourist,0.99,Nuclear
actual useless griefer,0.98,Nuclear
altf4 actual thrower,0.98,Nuclear
genuinely useless shitter,0.99,Nuclear
altf4 pure griefer,0.97,Nuclear
leave absolute griefer,0.99,Nuclear
bronze thrower,0.98,Nuclear
complete helpless bot,0.98,Nuclear
altf4 literal animal,0.98,Nuclear
dodge holy griefer,0.98,Nuclear
literal sweaty animal,0.99,Nuclear
delete inter,0.98,Nuclear
actual braindead npc,0.97,Nuclear
literal braindead animal,0.97,Nuclear
dodge actual npc,0.99,Nuclear
neck actual random,0.97,Nuclear
utter iron kid,0.97,Nuclear
dodge absolute casual,0.99,Nuclear
genuinely useless bot,0.99,Nuclear
holy carried thrower,0.99,Nuclear
actual helpless random,0.99,Nuclear
stfu utter tourist,0.97,Nuclear
absolute sweaty animal,0.98,Nuclear
uninstall absolute tourist,0.97,Nuclear
absolute boosted bot,0.98,Nuclear
ff genuinely npc,0.97,Nuclear
absolute carried thrower,0.97,Nuclear
toxic helpless bot,0.98,Nuclear
massive trolling smurf,0.99,Nuclear
holy griefing random,0.99,Nuclear
leave absolute bot,0.98,Nuclear
quit literal smurf,0.98,Nuclear
ff literal casual,0.99,Nuclear
actual boosted griefer,0.99,Nuclear
literal hardstuck casual,0.99,Nuclear
complete helpless casual,0.99,Nuclear
holy useless tourist,0.99,Nuclear
dogshit npc,0.98,Nuclear
utter trolling inter,0.97,Nuclear
quit literal griefer,0.99,Nuclear
holy iron noob,0.97,Nuclear
massive braindead scrub,0.97,Nuclear
actual iron animal,0.98,Nuclear
pure cringe trash,0.97,Nuclear
literal delusional inter,0.97,Nuclear
complete iron thrower,0.98,Nuclear
rope literal kid,0.98,Nuclear
massive unranked kid,0.99,Nuclear
massive useless kid,0.97,Nuclear
neck random,0.98,Nuclear
uninstall absolute scrub,0.97,Nuclear
genuinely helpless griefer,0.99,Nuclear
logoff actual noob,0.99,Nuclear
actual unranked shitter,0.98,Nuclear
utter braindead kid,0.99,Nuclear
pure iron tourist,0.97,Nuclear
absolute delusional casual,0.98,Nuclear
utter clueless random,0.98,Nuclear
fucking sweaty bot,0.98,Nuclear
actual griefing npc,0.97,Nuclear
quit complete inter,0.97,Nuclear
fucking bronze feeder,0.98,Nuclear
utter carried noob,0.98,Nuclear
genuinely sweaty scrub,0.97,Nuclear
holy helpless random,0.97,Nuclear
uninstall genuinely trash,0.98,Nuclear
toxic cringe noob,0.99,Nuclear
helpless casual,0.99,Nuclear
delete complete inter,0.97,Nuclear
literal dogshit trash,0.97,Nuclear
neck utter tourist,0.98,Nuclear
delete genuinely scrub,0.97,Nuclear
pure bronze kid,0.97,Nuclear
holy braindead noob,0.97,Nuclear
kys pure casual,0.97,Nuclear
toxic sweaty trash,0.98,Nuclear
actual bronze kid,0.99,Nuclear
complete braindead npc,0.97,Nuclear
trolling noob,0.99,Nuclear
kys absolute casual,0.98,Nuclear
genuinely cringe thrower,0.99,Nuclear
kys holy shitter,0.97,Nuclear
neck toxic npc,0.99,Nuclear
dodge utter thrower,0.99,Nuclear
logoff toxic shitter,0.98,Nuclear
logoff toxic smurf,0.97,Nuclear
massive bronze kid,0.98,Nuclear
massive clueless casual,0.98,Nuclear
fucking sweaty inter,0.97,Nuclear
dodge complete scrub,0.97,Nuclear
genuinely unranked noob,0.98,Nuclear
pure braindead inter,0.99,Nuclear
hardstuck thrower,0.97,Nuclear
toxic washed trash,0.99,Nuclear
altf4 toxic smurf,0.99,Nuclear
stfu noob,0.98,Nuclear
quit holy casual,0.97,Nuclear
complete cringe feeder,0.97,Nuclear
toxic braindead shitter,0.99,Nuclear
actual dogshit tourist,0.97,Nuclear
holy boosted animal,0.98,Nuclear
kys utter griefer,0.98,Nuclear
genuinely boosted smurf,0.99,Nuclear
massive boosted tourist,0.99,Nuclear
leave genuinely random,0.98,Nuclear
massive cringe inter,0.97,Nuclear
delete utter kid,0.98,Nuclear
massive dogshit tourist,0.97,Nuclear
stfu actual smurf,0.97,Nuclear
useless kid,0.99,Nuclear
leave genuinely griefer,0.98,Nuclear
kys toxic inter,0.97,Nuclear
absolute hardstuck trash,0.99,Nuclear
toxic dogshit smurf,0.99,Nuclear
neck npc,0.98,Nuclear
absolute carried smurf,0.99,Nuclear
toxic unranked smurf,0.98,Nuclear
kys toxic griefer,0.98,Nuclear
quit actual bot,0.99,Nuclear
dogshit griefer,0.97,Nuclear
helpless inter,0.98,Nuclear
pure hardstuck casual,0.99,Nuclear
uninstall absolute smurf,0.99,Nuclear
literal sweaty shitter,0.98,Nuclear
leave genuinely feeder,0.99,Nuclear
neck utter trash,0.97,Nuclear
genuinely bronze bot,0.97,Nuclear
toxic iron npc,0.97,Nuclear
uninstall trash,0.98,Nuclear
hardstuck trash,0.97,Nuclear
rope utter smurf,0.97,Nuclear
altf4 genuinely casual,0.97,Nuclear
toxic useless casual,0.97,Nuclear
rope absolute random,0.98,Nuclear
kys utter feeder,0.97,Nuclear
holy useless inter,0.97,Nuclear
washed random,0.97,Nuclear
delete complete kid,0.97,Nuclear
holy dogshit random,0.98,Nuclear
complete clueless random,0.97,Nuclear
logoff feeder,0.99,Nuclear
absolute dogshit griefer,0.98,Nuclear
actual delusional casual,0.97,Nuclear
utter dogshit animal,0.97,Nuclear
complete trolling random,0.97,Nuclear
absolute delusional shitter,0.97,Nuclear
toxic carried feeder,0.98,Nuclear
complete useless inter,0.97,Nuclear
massive helpless scrub,0.97,Nuclear
pure griefing tourist,0.99,Nuclear
complete braindead scrub,0.99,Nuclear
complete dogshit kid,0.97,Nuclear
holy washed tourist,0.99,Nuclear
absolute carried bot,0.98,Nuclear
rope fucking thrower,0.98,Nuclear
braindead tourist,0.97,Nuclear
kys complete noob,0.98,Nuclear
holy trolling griefer,0.97,Nuclear
pure iron thrower,0.97,Nuclear
stfu toxic griefer,0.99,Nuclear
utter helpless shitter,0.97,Nuclear
kys genuinely npc,0.99,Nuclear
toxic iron casual,0.99,Nuclear
dodge utter inter,0.97,Nuclear
altf4 absolute tourist,0.97,Nuclear
literal griefing noob,0.97,Nuclear
complete griefing npc,0.97,Nuclear
logoff utter tourist,0.98,Nuclear
cringe trash,0.98,Nuclear
leave actual thrower,0.97,Nuclear
genuinely iron random,0.99,Nuclear
leave animal,0.97,Nuclear
fucking clueless random,0.97,Nuclear
ff griefer,0.97,Nuclear
quit utter smurf,0.99,Nuclear
actual washed shitter,0.97,Nuclear
genuinely bronze shitter,0.99,Nuclear
leave literal smurf,0.98,Nuclear
holy washed npc,0.97,Nuclear
rope toxic animal,0.97,Nuclear
actual trolling griefer,0.97,Nuclear
massive hardstuck random,0.97,Nuclear
fucking washed npc,0.99,Nuclear
literal bronze bot,0.98,Nuclear
ff complete tourist,0.97,Nuclear
holy helpless thrower,0.97,Nuclear
actual sweaty random,0.97,Nuclear
quit absolute feeder,0.97,Nuclear
leave utter thrower,0.98,Nuclear
delete holy random,0.99,Nuclear
complete griefing feeder,0.98,Nuclear
leave complete inter,0.97,Nuclear
actual dogshit feeder,0.98,Nuclear
literal griefing kid,0.97,Nuclear
utter unranked feeder,0.97,Nuclear
leave pure random,0.97,Nuclear
massive unranked griefer,0.98,Nuclear
complete braindead kid,0.97,Nuclear
kys literal smurf,0.99,Nuclear
ff fucking griefer,0.98,Nuclear
pure iron casual,0.97,Nuclear
absolute trolling npc,0.99,Nuclear
literal boosted inter,0.99,Nuclear
genuinely helpless npc,0.97,Nuclear
toxic hardstuck smurf,0.98,Nuclear
logoff pure inter,0.98,Nuclear
ff tourist,0.99,Nuclear
fucking useless kid,0.97,Nuclear
genuinely trolling npc,0.99,Nuclear
actual sweaty noob,0.97,Nuclear
genuinely braindead inter,0.98,Nuclear
rope genuinely shitter,0.98,Nuclear
literal carried animal,0.98,Nuclear
pure helpless shitter,0.98,Nuclear
leave complete smurf,0.99,Nuclear
absolute sweaty inter,0.98,Nuclear
complete clueless feeder,0.97,Nuclear
neck utter shitter,0.98,Nuclear
genuinely griefing feeder,0.98,Nuclear
literal carried thrower,0.97,Nuclear
stfu literal trash,0.99,Nuclear
utter helpless inter,0.99,Nuclear
pure washed random,0.97,Nuclear
cringe casual,0.99,Nuclear
pure braindead trash,0.97,Nuclear
actual clueless casual,0.98,Nuclear
neck complete bot,0.98,Nuclear
actual sweaty animal,0.99,Nuclear
utter griefing trash,0.97,Nuclear
holy sweaty bot,0.99,Nuclear
massive braindead thrower,0.99,Nuclear
fucking helpless random,0.97,Nuclear
ff holy kid,0.98,Nuclear
quit fucking feeder,0.97,Nuclear
stfu literal random,0.97,Nuclear
delete complete random,0.97,Nuclear
utter sweaty inter,0.98,Nuclear
logoff holy casual,0.99,Nuclear
utter boosted casual,0.99,Nuclear
actual cringe trash,0.99,Nuclear
stfu absolute thrower,0.97,Nuclear
dogshit trash,0.98,Nuclear
fucking delusional animal,0.97,Nuclear
altf4 absolute noob,0.97,Nuclear
altf4 bot,0.99,Nuclear
helpless npc,0.98,Nuclear
altf4 absolute animal,0.99,Nuclear
fucking boosted feeder,0.98,Nuclear
absolute bronze casual,0.97,Nuclear
genuinely trolling noob,0.98,Nuclear
absolute useless scrub,0.97,Nuclear
neck literal shitter,0.99,Nuclear
neck inter,0.98,Nuclear
stfu genuinely random,0.97,Nuclear
kys literal kid,0.98,Nuclear
literal sweaty thrower,0.98,Nuclear
fucking useless trash,0.97,Nuclear
delete absolute random,0.99,Nuclear
pure unranked animal,0.97,Nuclear
griefing casual,0.97,Nuclear
toxic washed shitter,0.97,Nuclear
massive clueless feeder,0.99,Nuclear
utter delusional thrower,0.98,Nuclear
complete helpless smurf,0.98,Nuclear
absolute hardstuck inter,0.97,Nuclear
fucking iron griefer,0.98,Nuclear
genuinely sweaty bot,0.99,Nuclear
actual cringe noob,0.99,Nuclear
literal washed smurf,0.98,Nuclear
complete washed npc,0.99,Nuclear
genuinely hardstuck inter,0.99,Nuclear
delete holy npc,0.99,Nuclear
ff actual random,0.97,Nuclear
logoff absolute thrower,0.97,Nuclear
uninstall actual casual,0.98,Nuclear
logoff holy tourist,0.99,Nuclear
actual sweaty kid,0.99,Nuclear
sweaty random,0.98,Nuclear
complete boosted noob,0.99,Nuclear
logoff bot,0.97,Nuclear
logoff absolute shitter,0.98,Nuclear
dodge absolute kid,0.97,Nuclear
dodge massive casual,0.98,Nuclear
clueless shitter,0.98,Nuclear
quit absolute trash,0.99,Nuclear
altf4 holy animal,0.97,Nuclear
stfu toxic scrub,0.97,Nuclear
rope genuinely feeder,0.97,Nuclear
holy helpless kid,0.99,Nuclear
toxic bronze inter,0.98,Nuclear
toxic braindead tourist,0.99,Nuclear
complete hardstuck casual,0.99,Nuclear
fucking boosted griefer,0.97,Nuclear
massive carried npc,0.98,Nuclear
pure delusional kid,0.98,Nuclear
dodge fucking tourist,0.99,Nuclear
pure griefing animal,0.99,Nuclear
toxic dogshit thrower,0.97,Nuclear
actual washed kid,0.99,Nuclear
utter useless scrub,0.98,Nuclear
delete massive griefer,0.98,Nuclear
toxic washed animal,0.98,Nuclear
pure trolling kid,0.99,Nuclear
literal clueless shitter,0.98,Nuclear
dodge animal,0.97,Nuclear
dodge actual bot,0.98,Nuclear
holy bronze smurf,0.98,Nuclear
delete genuinely kid,0.98,Nuclear
pure braindead random,0.98,Nuclear
genuinely clueless inter,0.99,Nuclear
utter washed npc,0.98,Nuclear
quit genuinely griefer,0.99,Nuclear
fucking boosted random,0.98,Nuclear
delete holy animal,0.99,Nuclear
quit holy animal,0.99,Nuclear
iron shitter,0.99,Nuclear
logoff holy thrower,0.97,Nuclear
literal braindead npc,0.98,Nuclear
clueless kid,0.99,Nuclear
altf4 massive shitter,0.97,Nuclear
absolute clueless bot,0.98,Nuclear
massive clueless shitter,0.98,Nuclear
literal sweaty smurf,0.97,Nuclear
kys pure kid,0.99,Nuclear
quit fucking bot,0.99,Nuclear
absolute sweaty kid,0.99,Nuclear
utter braindead casual,0.97,Nuclear
delete utter trash,0.99,Nuclear
complete clueless inter,0.97,Nuclear
fucking sweaty random,0.97,Nuclear
toxic delusional bot,0.98,Nuclear
neck absolute casual,0.99,Nuclear
quit literal thrower,0.99,Nuclear
literal sweaty scrub,0.99,Nuclear
uninstall utter inter,0.97,Nuclear
actual delusional feeder,0.97,Nuclear
delete absolute animal,0.98,Nuclear
ff toxic griefer,0.97,Nuclear
stfu holy smurf,0.99,Nuclear
kys massive shitter,0.98,Nuclear
complete delusional bot,0.98,Nuclear
toxic trolling scrub,0.98,Nuclear
ff massive animal,0.98,Nuclear
rope actual feeder,0.99,Nuclear
ff pure noob,0.97,Nuclear
altf4 complete griefer,0.98,Nuclear
toxic boosted inter,0.97,Nuclear
dodge holy tourist,0.98,Nuclear
absolute griefing scrub,0.99,Nuclear
toxic bronze shitter,0.97,Nuclear
stfu actual griefer,0.99,Nuclear
complete hardstuck random,0.97,Nuclear
pure bronze inter,0.97,Nuclear
kys thrower,0.98,Nuclear
holy iron scrub,0.97,Nuclear
uninstall fucking shitter,0.97,Nuclear
utter cringe random,0.98,Nuclear
massive delusional feeder,0.98,Nuclear
ff noob,0.98,Nuclear
actual useless noob,0.97,Nuclear
altf4 massive thrower,0.98,Nuclear
genuinely trolling feeder,0.97,Nuclear
leave holy random,0.98,Nuclear
rope genuinely casual,0.97,Nuclear
massive carried smurf,0.99,Nuclear
fucking braindead scrub,0.97,Nuclear
literal delusional npc,0.98,Nuclear
leave actual bot,0.99,Nuclear
genuinely carried animal,0.97,Nuclear
quit genuinely animal,0.97,Nuclear
uninstall toxic animal,0.98,Nuclear
ff genuinely random,0.98,Nuclear
actual cringe shitter,0.98,Nuclear
altf4 massive random,0.97,Nuclear
actual unranked noob,0.99,Nuclear
uninstall actual random,0.99,Nuclear
boosted random,0.98,Nuclear
quit fucking tourist,0.98,Nuclear
ff random,0.99,Nuclear
massive griefing animal,0.99,Nuclear
hardstuck random,0.98,Nuclear
actual delusional bot,0.98,Nuclear
fucking griefing thrower,0.99,Nuclear
rope absolute thrower,0.97,Nuclear
holy clueless smurf,0.98,Nuclear
delete casual,0.97,Nuclear
literal washed noob,0.99,Nuclear
utter griefing thrower,0.98,Nuclear
rope genuinely animal,0.97,Nuclear
pure dogshit tourist,0.98,Nuclear
kys massive tourist,0.98,Nuclear
fucking helpless noob,0.98,Nuclear
utter washed shitter,0.97,Nuclear
literal helpless random,0.99,Nuclear
absolute iron feeder,0.97,Nuclear
ff literal shitter,0.99,Nuclear
massive hardstuck griefer,0.98,Nuclear
rope holy tourist,0.98,Nuclear
quit utter animal,0.98,Nuclear
ff utter griefer,0.99,Nuclear
delete literal trash,0.99,Nuclear
fucking delusional smurf,0.99,Nuclear
actual cringe animal,0.97,Nuclear
massive helpless casual,0.99,Nuclear
toxic unranked npc,0.99,Nuclear
complete washed inter,0.98,Nuclear
neck toxic griefer,0.98,Nuclear
absolute helpless thrower,0.98,Nuclear
rope absolute noob,0.98,Nuclear
fucking sweaty shitter,0.97,Nuclear
utter delusional griefer,0.97,Nuclear
logoff toxic thrower,0.97,Nuclear
utter clueless thrower,0.98,Nuclear
stfu massive scrub,0.97,Nuclear
literal sweaty random,0.99,Nuclear
holy unranked tourist,0.98,Nuclear
neck trash,0.99,Nuclear
fucking delusional inter,0.98,Nuclear
fucking carried thrower,0.99,Nuclear
uninstall absolute casual,0.97,Nuclear
genuinely clueless random,0.97,Nuclear
literal washed npc,0.98,Nuclear
complete helpless thrower,0.97,Nuclear
toxic trolling shitter,0.97,Nuclear
massive boosted shitter,0.99,Nuclear
sweaty shitter,0.99,Nuclear
complete carried scrub,0.99,Nuclear
complete helpless npc,0.99,Nuclear
uninstall utter smurf,0.98,Nuclear
toxic braindead npc,0.99,Nuclear
rope fucking feeder,0.99,Nuclear
genuinely clueless kid,0.97,Nuclear
dodge shitter,0.98,Nuclear
complete sweaty noob,0.97,Nuclear
literal cringe animal,0.98,Nuclear
pure trolling trash,0.99,Nuclear
useless shitter,0.98,Nuclear
pure helpless smurf,0.98,Nuclear
absolute trolling kid,0.97,Nuclear
literal dogshit griefer,0.99,Nuclear
rope scrub,0.97,Nuclear
holy cringe random,0.97,Nuclear
delete actual noob,0.98,Nuclear
genuinely helpless bot,0.98,Nuclear
delete genuinely bot,0.98,Nuclear
pure cringe bot,0.98,Nuclear
genuinely delusional shitter,0.97,Nuclear
genuinely delusional feeder,0.98,Nuclear
ff literal thrower,0.99,Nuclear
kys massive npc,0.97,Nuclear
clueless npc,0.99,Nuclear
actual braindead inter,0.98,Nuclear
genuinely sweaty trash,0.99,Nuclear
toxic cringe feeder,0.97,Nuclear
delete absolute tourist,0.98,Nuclear
toxic sweaty npc,0.97,Nuclear
dodge literal shitter,0.98,Nuclear
massive cringe feeder,0.98,Nuclear
holy clueless griefer,0.98,Nuclear
delete massive tourist,0.99,Nuclear
kys genuinely thrower,0.98,Nuclear
absolute hardstuck casual,0.97,Nuclear
literal helpless casual,0.97,Nuclear
uninstall fucking npc,0.97,Nuclear
helpless shitter,0.99,Nuclear
logoff toxic scrub,0.98,Nuclear
logoff actual smurf,0.99,Nuclear
complete washed kid,0.99,Nuclear
rope shitter,0.97,Nuclear
actual braindead casual,0.97,Nuclear
fucking delusional npc,0.98,Nuclear
massive cringe shitter,0.98,Nuclear
neck pure shitter,0.99,Nuclear
stfu fucking tourist,0.97,Nuclear
uninstall complete feeder,0.98,Nuclear
pure trolling thrower,0.97,Nuclear
neck complete tourist,0.97,Nuclear
kys genuinely bot,0.99,Nuclear
rope absolute casual,0.99,Nuclear
complete helpless kid,0.98,Nuclear
cringe npc,0.99,Nuclear
pure carried noob,0.98,Nuclear
neck pure smurf,0.99,Nuclear
complete delusional thrower,0.99,Nuclear
quit kid,0.98,Nuclear
ff fucking tourist,0.98,Nuclear
literal washed griefer,0.98,Nuclear
uninstall complete griefer,0.98,Nuclear
uninstall literal feeder,0.97,Nuclear
genuinely sweaty tourist,0.98,Nuclear
massive sweaty thrower,0.99,Nuclear
holy dogshit animal,0.97,Nuclear
kys genuinely feeder,0.97,Nuclear
logoff actual thrower,0.97,Nuclear
absolute carried shitter,0.98,Nuclear
fucking useless tourist,0.99,Nuclear
quit pure trash,0.97,Nuclear
stfu genuinely shitter,0.98,Nuclear
uninstall fucking noob,0.97,Nuclear
neck holy random,0.97,Nuclear
carried tourist,0.99,Nuclear
genuinely boosted shitter,0.98,Nuclear
altf4 absolute feeder,0.98,Nuclear
genuinely helpless animal,0.99,Nuclear
literal bronze feeder,0.99,Nuclear
kys genuinely inter,0.97,Nuclear
rope holy smurf,0.98,Nuclear
rope griefer,0.99,Nuclear
literal griefing griefer,0.99,Nuclear
kys complete thrower,0.97,Nuclear
pure bronze trash,0.99,Nuclear
genuinely dogshit bot,0.99,Nuclear
literal griefing random,0.97,Nuclear
complete griefing thrower,0.99,Nuclear
logoff utter scrub,0.99,Nuclear
dodge noob,0.99,Nuclear
leave smurf,0.98,Nuclear
massive boosted noob,0.99,Nuclear
absolute useless smurf,0.99,Nuclear
neck absolute animal,0.99,Nuclear
genuinely bronze noob,0.97,Nuclear
stfu literal bot,0.98,Nuclear
toxic hardstuck feeder,0.98,Nuclear
actual carried casual,0.99,Nuclear
toxic delusional inter,0.98,Nuclear
quit massive tourist,0.98,Nuclear
massive sweaty feeder,0.99,Nuclear
stfu actual noob,0.99,Nuclear
complete dogshit thrower,0.98,Nuclear
literal clueless feeder,0.99,Nuclear
complete hardstuck scrub,0.98,Nuclear
complete hardstuck npc,0.97,Nuclear
complete unranked noob,0.98,Nuclear
complete trolling noob,0.97,Nuclear
pure hardstuck thrower,0.99,Nuclear
dodge genuinely trash,0.99,Nuclear
fucking carried trash,0.97,Nuclear
leave fucking scrub,0.97,Nuclear
complete useless bot,0.98,Nuclear
fucking delusional random,0.97,Nuclear
dodge complete tourist,0.99,Nuclear
holy hardstuck shitter,0.98,Nuclear
literal iron tourist,0.99,Nuclear
absolute dogshit casual,0.99,Nuclear
rope genuinely inter,0.98,Nuclear
dodge toxic thrower,0.97,Nuclear
pure hardstuck feeder,0.97,Nuclear
delete holy scrub,0.98,Nuclear
altf4 toxic kid,0.97,Nuclear
altf4 pure animal,0.97,Nuclear
ff holy smurf,0.97,Nuclear
holy boosted npc,0.97,Nuclear
kys complete npc,0.98,Nuclear
kys complete scrub,0.98,Nuclear
uninstall complete bot,0.98,Nuclear
neck pure feeder,0.97,Nuclear
literal useless trash,0.97,Nuclear
stfu complete shitter,0.97,Nuclear
neck holy trash,0.97,Nuclear
pure washed scrub,0.98,Nuclear
uninstall massive feeder,0.98,Nuclear
toxic helpless tourist,0.99,Nuclear
fucking braindead animal,0.97,Nuclear
massive trolling feeder,0.97,Nuclear
absolute dogshit bot,0.97,Nuclear
pure boosted casual,0.99,Nuclear
genuinely washed kid,0.98,Nuclear
altf4 pure kid,0.98,Nuclear
ff genuinely scrub,0.99,Nuclear
leave complete animal,0.99,Nuclear
washed kid,0.97,Nuclear
holy sweaty smurf,0.97,Nuclear
altf4 fucking trash,0.99,Nuclear
ff holy npc,0.97,Nuclear
altf4 toxic thrower,0.99,Nuclear
holy griefing thrower,0.97,Nuclear
uninstall npc,0.99,Nuclear
genuinely clueless shitter,0.98,Nuclear
rope massive feeder,0.99,Nuclear
uninstall actual griefer,0.98,Nuclear
literal boosted thrower,0.97,Nuclear
actual iron trash,0.99,Nuclear
quit actual trash,0.97,Nuclear
utter delusional trash,0.98,Nuclear
logoff genuinely kid,0.99,Nuclear
utter trolling smurf,0.97,Nuclear
fucking carried shitter,0.98,Nuclear
uninstall massive inter,0.99,Nuclear
delete animal,0.98,Nuclear
altf4 literal griefer,0.97,Nuclear
stfu toxic npc,0.98,Nuclear
genuinely cringe griefer,0.98,Nuclear
absolute iron smurf,0.99,Nuclear
stfu trash,0.99,Nuclear
pure boosted thrower,0.97,Nuclear
uninstall toxic thrower,0.99,Nuclear
absolute sweaty trash,0.98,Nuclear
holy boosted inter,0.98,Nuclear
fucking carried smurf,0.99,Nuclear
trolling griefer,0.99,Nuclear
massive bronze casual,0.99,Nuclear
complete hardstuck inter,0.99,Nuclear
complete sweaty smurf,0.98,Nuclear
genuinely dogshit smurf,0.99,Nuclear
utter helpless animal,0.99,Nuclear
helpless random,0.98,Nuclear
absolute useless feeder,0.98,Nuclear
logoff actual kid,0.99,Nuclear
griefing thrower,0.98,Nuclear
complete dogshit trash,0.99,Nuclear
toxic delusional noob,0.98,Nuclear
stfu complete npc,0.98,Nuclear
genuinely griefing thrower,0.99,Nuclear
actual griefing random,0.98,Nuclear
leave complete thrower,0.97,Nuclear
genuinely delusional bot,0.98,Nuclear
pure cringe kid,0.98,Nuclear
fucking bronze inter,0.98,Nuclear
clueless inter,0.98,Nuclear
kys toxic npc,0.98,Nuclear
dodge toxic feeder,0.99,Nuclear
uninstall pure tourist,0.97,Nuclear
neck fucking animal,0.99,Nuclear
genuinely helpless smurf,0.99,Nuclear
utter braindead feeder,0.99,Nuclear
kys trash,0.99,Nuclear
rope literal griefer,0.97,Nuclear
absolute clueless casual,0.97,Nuclear
complete helpless noob,0.97,Nuclear
complete boosted casual,0.98,Nuclear
rope holy feeder,0.97,Nuclear
utter unranked smurf,0.97,Nuclear
actual bronze trash,0.99,Nuclear
fucking cringe inter,0.98,Nuclear
griefing animal,0.99,Nuclear
uninstall toxic trash,0.98,Nuclear
genuinely bronze griefer,0.97,Nuclear
holy hardstuck kid,0.99,Nuclear
fucking helpless shitter,0.99,Nuclear
rope holy inter,0.99,Nuclear
absolute hardstuck tourist,0.99,Nuclear
absolute clueless noob,0.98,Nuclear
utter useless feeder,0.98,Nuclear
actual dogshit bot,0.99,Nuclear
complete iron noob,0.99,Nuclear
quit utter shitter,0.97,Nuclear
holy delusional npc,0.97,Nuclear
pure braindead bot,0.98,Nuclear
actual delusional random,0.99,Nuclear
fucking braindead casual,0.97,Nuclear
neck pure inter,0.99,Nuclear
rope massive tourist,0.99,Nuclear
complete washed smurf,0.97,Nuclear
genuinely cringe feeder,0.98,Nuclear
fucking braindead shitter,0.98,Nuclear
actual carried smurf,0.99,Nuclear
fucking clueless griefer,0.98,Nuclear
utter clueless casual,0.97,Nuclear
toxic carried smurf,0.98,Nuclear
pure griefing inter,0.99,Nuclear
genuinely sweaty casual,0.97,Nuclear
complete braindead thrower,0.98,Nuclear
unranked inter,0.99,Nuclear
genuinely cringe noob,0.99,Nuclear
literal sweaty bot,0.99,Nuclear
leave absolute shitter,0.99,Nuclear
toxic bronze animal,0.99,Nuclear
complete delusional trash,0.97,Nuclear
cringe smurf,0.97,Nuclear
massive delusional thrower,0.97,Nuclear
ff massive trash,0.97,Nuclear
complete sweaty kid,0.97,Nuclear
neck actual thrower,0.97,Nuclear
dodge genuinely animal,0.99,Nuclear
delete genuinely noob,0.97,Nuclear
kys toxic thrower,0.98,Nuclear
altf4 holy kid,0.98,Nuclear
toxic helpless inter,0.99,Nuclear
utter braindead thrower,0.98,Nuclear
fucking useless casual,0.98,Nuclear
quit utter kid,0.99,Nuclear
toxic boosted random,0.97,Nuclear
fucking braindead thrower,0.99,Nuclear
pure washed inter,0.97,Nuclear
stfu shitter,0.99,Nuclear
leave actual trash,0.98,Nuclear
fucking washed griefer,0.97,Nuclear
utter hardstuck random,0.98,Nuclear
fucking trolling smurf,0.99,Nuclear
altf4 fucking feeder,0.98,Nuclear
delete toxic trash,0.99,Nuclear
dodge massive bot,0.99,Nuclear
fucking washed thrower,0.99,Nuclear
uninstall holy noob,0.99,Nuclear
rope literal animal,0.98,Nuclear
literal carried trash,0.99,Nuclear
utter boosted thrower,0.99,Nuclear
pure trolling random,0.98,Nuclear
ff kid,0.97,Nuclear
massive helpless bot,0.97,Nuclear
quit complete kid,0.97,Nuclear
quit pure griefer,0.99,Nuclear
kys bot,0.97,Nuclear
kys absolute feeder,0.98,Nuclear
holy carried tourist,0.98,Nuclear
pure braindead thrower,0.97,Nuclear
fucking dogshit thrower,0.99,Nuclear
leave massive noob,0.98,Nuclear
utter unranked random,0.98,Nuclear
altf4 actual tourist,0.98,Nuclear
actual unranked random,0.99,Nuclear
utter trolling npc,0.98,Nuclear
ff holy noob,0.98,Nuclear
massive iron thrower,0.99,Nuclear
leave pure shitter,0.98,Nuclear
quit complete shitter,0.97,Nuclear
toxic useless noob,0.97,Nuclear
absolute delusional npc,0.99,Nuclear
absolute cringe thrower,0.99,Nuclear
stfu genuinely noob,0.99,Nuclear
uninstall literal shitter,0.99,Nuclear
useless npc,0.97,Nuclear
literal cringe griefer,0.98,Nuclear
holy helpless griefer,0.99,Nuclear
leave actual random,0.99,Nuclear
actual bronze casual,0.98,Nuclear
fucking cringe noob,0.98,Nuclear
quit toxic npc,0.99,Nuclear
literal carried noob,0.97,Nuclear
dodge fucking kid,0.98,Nuclear
absolute braindead kid,0.99,Nuclear
ff utter shitter,0.97,Nuclear
actual clueless npc,0.99,Nuclear
altf4 utter animal,0.99,Nuclear
absolute clueless npc,0.98,Nuclear
delete utter griefer,0.98,Nuclear
utter delusional random,0.98,Nuclear
ff toxic inter,0.98,Nuclear
neck complete feeder,0.99,Nuclear
quit pure animal,0.98,Nuclear
actual bronze random,0.98,Nuclear
stfu actual kid,0.97,Nuclear
holy unranked inter,0.98,Nuclear
actual delusional inter,0.98,Nuclear
utter boosted npc,0.98,Nuclear
absolute trolling random,0.98,Nuclear
fucking cringe random,0.97,Nuclear
utter unranked bot,0.97,Nuclear
fucking unranked inter,0.98,Nuclear
ff genuinely trash,0.99,Nuclear
genuinely helpless noob,0.98,Nuclear
actual dogshit kid,0.97,Nuclear
actual braindead thrower,0.98,Nuclear
fucking useless feeder,0.98,Nuclear
logoff actual random,0.99,Nuclear
rope fucking scrub,0.97,Nuclear
logoff literal scrub,0.99,Nuclear
absolute helpless griefer,0.99,Nuclear
utter clueless npc,0.97,Nuclear
genuinely dogshit inter,0.98,Nuclear
actual braindead smurf,0.98,Nuclear
kys toxic trash,0.99,Nuclear
neck literal noob,0.97,Nuclear
fucking unranked bot,0.99,Nuclear
altf4 absolute random,0.99,Nuclear
actual braindead animal,0.98,Nuclear
toxic unranked inter,0.97,Nuclear
utter dogshit griefer,0.97,Nuclear
holy griefing smurf,0.99,Nuclear
uninstall literal smurf,0.98,Nuclear
fucking unranked kid,0.97,Nuclear
toxic washed griefer,0.98,Nuclear
washed animal,0.97,Nuclear
neck fucking trash,0.98,Nuclear
dodge massive inter,0.97,Nuclear
actual bronze thrower,0.97,Nuclear
genuinely bronze inter,0.97,Nuclear
leave absolute thrower,0.97,Nuclear
complete useless shitter,0.98,Nuclear
toxic clueless griefer,0.99,Nuclear
holy hardstuck casual,0.98,Nuclear
braindead bot,0.98,Nuclear
massive griefing noob,0.97,Nuclear
fucking dogshit npc,0.99,Nuclear
kys complete feeder,0.98,Nuclear
utter griefing casual,0.98,Nuclear
complete unranked griefer,0.97,Nuclear
altf4 complete feeder,0.97,Nuclear
holy griefing griefer,0.98,Nuclear
genuinely braindead kid,0.98,Nuclear
holy hardstuck feeder,0.97,Nuclear
quit genuinely trash,0.97,Nuclear
genuinely unranked tourist,0.98,Nuclear
neck toxic trash,0.97,Nuclear
fucking helpless casual,0.99,Nuclear
delusional npc,0.99,Nuclear
toxic griefing thrower,0.98,Nuclear
neck holy smurf,0.97,Nuclear
dodge complete shitter,0.99,Nuclear
complete griefing casual,0.97,Nuclear
quit toxic feeder,0.98,Nuclear
fucking boosted noob,0.98,Nuclear
holy unranked casual,0.97,Nuclear
altf4 actual animal,0.99,Nuclear
actual iron shitter,0.99,Nuclear
holy trolling casual,0.99,Nuclear
dodge pure trash,0.97,Nuclear
fucking sweaty smurf,0.99,Nuclear
stfu pure random,0.98,Nuclear
pure dogshit bot,0.98,Nuclear
genuinely braindead trash,0.98,Nuclear
rope genuinely noob,0.97,Nuclear
helpless kid,0.97,Nuclear
kys genuinely random,0.99,Nuclear
massive hardstuck shitter,0.99,Nuclear
complete griefing kid,0.99,Nuclear
leave kid,0.98,Nuclear
actual braindead tourist,0.97,Nuclear
fucking dogshit feeder,0.98,Nuclear
logoff actual scrub,0.98,Nuclear
altf4 literal random,0.98,Nuclear
literal boosted random,0.99,Nuclear
massive washed scrub,0.99,Nuclear
utter griefing npc,0.98,Nuclear
massive unranked thrower,0.99,Nuclear
logoff utter casual,0.98,Nuclear
complete trolling scrub,0.99,Nuclear
toxic iron random,0.98,Nuclear
pure griefing casual,0.99,Nuclear
ff pure trash,0.99,Nuclear
complete boosted animal,0.97,Nuclear
holy bronze tourist,0.99,Nuclear
massive griefing kid,0.97,Nuclear
complete helpless shitter,0.97,Nuclear
rope actual tourist,0.99,Nuclear
stfu complete animal,0.97,Nuclear
dodge literal griefer,0.98,Nuclear
useless feeder,0.98,Nuclear
neck genuinely tourist,0.98,Nuclear
neck absolute trash,0.98,Nuclear
toxic cringe inter,0.97,Nuclear
massive carried thrower,0.97,Nuclear
delete fucking inter,0.97,Nuclear
rope fucking shitter,0.99,Nuclear
toxic carried bot,0.99,Nuclear
pure iron griefer,0.97,Nuclear
altf4 pure tourist,0.98,Nuclear
fucking iron trash,0.98,Nuclear
literal trolling griefer,0.97,Nuclear
literal griefing bot,0.99,Nuclear
holy delusional trash,0.97,Nuclear
absolute trolling noob,0.99,Nuclear
altf4 complete smurf,0.97,Nuclear
utter delusional tourist,0.99,Nuclear
rope utter trash,0.98,Nuclear
actual bronze tourist,0.98,Nuclear
massive iron smurf,0.97,Nuclear
complete trolling casual,0.98,Nuclear
holy bronze casual,0.99,Nuclear
massive carried bot,0.97,Nuclear
neck massive tourist,0.97,Nuclear
pure clueless tourist,0.99,Nuclear
leave complete shitter,0.99,Nuclear
toxic iron feeder,0.98,Nuclear
dodge toxic casual,0.99,Nuclear
utter dogshit feeder,0.99,Nuclear
neck literal animal,0.99,Nuclear
leave fucking griefer,0.97,Nuclear
actual iron npc,0.98,Nuclear
literal helpless animal,0.99,Nuclear
ff thrower,0.99,Nuclear
pure hardstuck inter,0.98,Nuclear
genuinely unranked griefer,0.99,Nuclear
pure helpless animal,0.98,Nuclear
absolute carried npc,0.97,Nuclear
altf4 literal npc,0.97,Nuclear
actual iron thrower,0.99,Nuclear
massive sweaty griefer,0.98,Nuclear
holy braindead griefer,0.98,Nuclear
literal dogshit feeder,0.99,Nuclear
genuinely carried kid,0.99,Nuclear
utter cringe thrower,0.98,Nuclear
literal delusional casual,0.99,Nuclear
actual helpless shitter,0.97,Nuclear
stfu random,0.97,Nuclear
logoff literal griefer,0.98,Nuclear
genuinely trolling random,0.99,Nuclear
holy hardstuck smurf,0.98,Nuclear
genuinely washed inter,0.98,Nuclear
bronze kid,0.97,Nuclear
delete genuinely tourist,0.99,Nuclear
toxic hardstuck casual,0.99,Nuclear
pure sweaty smurf,0.99,Nuclear
actual helpless inter,0.98,Nuclear
fucking unranked tourist,0.97,Nuclear
fucking boosted casual,0.99,Nuclear
neck toxic shitter,0.97,Nuclear
leave utter casual,0.98,Nuclear
actual hardstuck smurf,0.99,Nuclear
genuinely boosted scrub,0.98,Nuclear
altf4 npc,0.98,Nuclear
toxic bronze smurf,0.98,Nuclear
washed npc,0.97,Nuclear
fucking clueless tourist,0.97,Nuclear
quit genuinely inter,0.99,Nuclear
holy useless bot,0.97,Nuclear
genuinely braindead tourist,0.98,Nuclear
rope fucking kid,0.99,Nuclear
delete pure animal,0.97,Nuclear
pure bronze bot,0.99,Nuclear
utter useless animal,0.97,Nuclear
rope massive trash,0.97,Nuclear
actual unranked casual,0.99,Nuclear
uninstall massive smurf,0.99,Nuclear
absolute bronze griefer,0.97,Nuclear
literal clueless npc,0.99,Nuclear
fucking trolling inter,0.97,Nuclear
absolute washed bot,0.98,Nuclear
complete cringe scrub,0.98,Nuclear
leave absolute inter,0.97,Nuclear
kys fucking shitter,0.98,Nuclear
holy griefing casual,0.99,Nuclear
rope fucking griefer,0.97,Nuclear
ff fucking shitter,0.97,Nuclear
logoff genuinely animal,0.97,Nuclear
fucking delusional casual,0.98,Nuclear
genuinely useless kid,0.99,Nuclear
complete bronze bot,0.97,Nuclear
absolute cringe griefer,0.99,Nuclear
absolute bronze scrub,0.99,Nuclear
massive dogshit smurf,0.99,Nuclear
genuinely iron smurf,0.97,Nuclear
leave trash,0.97,Nuclear
dodge massive scrub,0.99,Nuclear
toxic iron trash,0.98,Nuclear
massive boosted feeder,0.98,Nuclear
literal carried scrub,0.97,Nuclear
kys fucking griefer,0.99,Nuclear
complete useless casual,0.97,Nuclear
delete actual animal,0.98,Nuclear
complete dogshit random,0.97,Nuclear
leave genuinely inter,0.99,Nuclear
holy dogshit trash,0.98,Nuclear
holy cringe kid,0.97,Nuclear
delete pure kid,0.99,Nuclear
literal hardstuck thrower,0.97,Nuclear
actual trolling bot,0.98,Nuclear
complete unranked tourist,0.97,Nuclear
stfu utter noob,0.99,Nuclear
pure washed thrower,0.97,Nuclear
holy hardstuck random,0.98,Nuclear
fucking washed bot,0.98,Nuclear
utter clueless feeder,0.98,Nuclear
delusional bot,0.97,Nuclear
ff fucking npc,0.99,Nuclear
complete hardstuck thrower,0.97,Nuclear
delete utter inter,0.98,Nuclear
fucking iron random,0.99,Nuclear
literal washed scrub,0.98,Nuclear
literal boosted bot,0.97,Nuclear
absolute hardstuck feeder,0.98,Nuclear
logoff noob,0.98,Nuclear
utter bronze inter,0.97,Nuclear
fucking griefing casual,0.98,Nuclear
holy delusional kid,0.97,Nuclear
leave utter noob,0.99,Nuclear
holy clueless npc,0.97,Nuclear
toxic helpless scrub,0.98,Nuclear
stfu complete thrower,0.97,Nuclear
complete carried random,0.99,Nuclear
holy braindead feeder,0.99,Nuclear
quit fucking shitter,0.98,Nuclear
ff massive smurf,0.98,Nuclear
absolute sweaty random,0.97,Nuclear
ff absolute casual,0.97,Nuclear
holy washed casual,0.99,Nuclear
pure bronze random,0.98,Nuclear
stfu literal shitter,0.99,Nuclear
altf4 actual casual,0.99,Nuclear
toxic delusional casual,0.99,Nuclear
kys complete trash,0.99,Nuclear
massive boosted trash,0.97,Nuclear
ff utter noob,0.98,Nuclear
holy unranked scrub,0.98,Nuclear
trolling feeder,0.97,Nuclear
pure clueless npc,0.98,Nuclear
pure griefing thrower,0.98,Nuclear
sweaty scrub,0.98,Nuclear
utter washed kid,0.99,Nuclear
rope inter,0.98,Nuclear
ff actual thrower,0.97,Nuclear
uninstall complete trash,0.97,Nuclear
uninstall fucking tourist,0.98,Nuclear
actual useless npc,0.97,Nuclear
ff casual,0.99,Nuclear
massive trolling shitter,0.98,Nuclear
delete fucking scrub,0.99,Nuclear
holy unranked animal,0.98,Nuclear
fucking hardstuck shitter,0.99,Nuclear
massive clueless bot,0.98,Nuclear
dodge absolute shitter,0.98,Nuclear
stfu genuinely inter,0.99,Nuclear
neck noob,0.97,Nuclear
ff fucking inter,0.97,Nuclear
hardstuck inter,0.97,Nuclear
pure cringe inter,0.97,Nuclear
ff inter,0.98,Nuclear
actual washed scrub,0.97,Nuclear
delete genuinely feeder,0.99,Nuclear
fucking trolling tourist,0.98,Nuclear
utter delusional casual,0.97,Nuclear
massive sweaty noob,0.99,Nuclear
toxic braindead thrower,0.97,Nuclear
absolute helpless inter,0.97,Nuclear
delete fucking tourist,0.98,Nuclear
pure dogshit thrower,0.97,Nuclear
utter sweaty tourist,0.98,Nuclear
neck actual inter,0.99,Nuclear
holy iron inter,0.99,Nuclear
altf4 actual random,0.98,Nuclear
altf4 fucking scrub,0.98,Nuclear
pure hardstuck animal,0.97,Nuclear
pure dogshit griefer,0.99,Nuclear
toxic bronze bot,0.99,Nuclear
holy iron tourist,0.98,Nuclear
altf4 griefer,0.97,Nuclear
ff pure kid,0.97,Nuclear
pure carried casual,0.99,Nuclear
dodge absolute random,0.99,Nuclear
ff toxic tourist,0.98,Nuclear
fucking delusional kid,0.98,Nuclear
toxic clueless tourist,0.97,Nuclear
logoff tourist,0.98,Nuclear
kys actual random,0.98,Nuclear
utter iron npc,0.97,Nuclear
utter boosted trash,0.97,Nuclear
quit complete thrower,0.99,Nuclear
delete toxic kid,0.99,Nuclear
uninstall utter random,0.98,Nuclear
utter dogshit bot,0.97,Nuclear
stfu genuinely casual,0.97,Nuclear
neck literal griefer,0.97,Nuclear
pure braindead tourist,0.97,Nuclear
kys complete shitter,0.97,Nuclear
pure dogshit casual,0.98,Nuclear
leave utter bot,0.97,Nuclear
iron casual,0.97,Nuclear
dodge utter feeder,0.99,Nuclear
massive unranked feeder,0.97,Nuclear
pure delusional noob,0.98,Nuclear
ff fucking noob,0.99,Nuclear
toxic boosted shitter,0.99,Nuclear
logoff massive noob,0.97,Nuclear
genuinely griefing tourist,0.98,Nuclear
quit fucking scrub,0.99,Nuclear
absolute braindead casual,0.99,Nuclear
toxic delusional trash,0.97,Nuclear
uninstall pure bot,0.99,Nuclear
logoff complete trash,0.99,Nuclear
actual useless animal,0.98,Nuclear
holy helpless scrub,0.98,Nuclear
pure helpless casual,0.97,Nuclear
actual helpless animal,0.99,Nuclear
delete actual trash,0.99,Nuclear
stfu tourist,0.99,Nuclear
holy clueless feeder,0.97,Nuclear
holy griefing animal,0.98,Nuclear
neck utter griefer,0.97,Nuclear
complete delusional kid,0.97,Nuclear
absolute boosted griefer,0.97,Nuclear
absolute clueless smurf,0.99,Nuclear
stfu fucking random,0.99,Nuclear
literal iron npc,0.97,Nuclear
holy braindead bot,0.98,Nuclear
actual iron bot,0.97,Nuclear
leave utter tourist,0.98,Nuclear
genuinely washed tourist,0.99,Nuclear
leave utter animal,0.99,Nuclear
altf4 complete tourist,0.97,Nuclear
massive iron npc,0.97,Nuclear
holy griefing trash,0.98,Nuclear
ff utter bot,0.99,Nuclear
massive dogshit scrub,0.98,Nuclear
dodge genuinely griefer,0.98,Nuclear
braindead smurf,0.99,Nuclear
stfu literal kid,0.97,Nuclear
ff utter scrub,0.97,Nuclear
bronze griefer,0.98,Nuclear
braindead feeder,0.98,Nuclear
delete kid,0.97,Nuclear
leave pure kid,0.98,Nuclear
utter clueless bot,0.98,Nuclear
leave massive scrub,0.99,Nuclear
absolute carried kid,0.98,Nuclear
fucking washed random,0.98,Nuclear
toxic braindead noob,0.99,Nuclear
complete bronze inter,0.97,Nuclear
holy washed feeder,0.98,Nuclear
holy unranked npc,0.98,Nuclear
absolute unranked shitter,0.97,Nuclear
actual trolling inter,0.99,Nuclear
delete toxic tourist,0.98,Nuclear
genuinely iron inter,0.99,Nuclear
toxic boosted noob,0.98,Nuclear
utter unranked trash,0.97,Nuclear
ff absolute trash,0.99,Nuclear
genuinely bronze random,0.97,Nuclear
holy griefing kid,0.99,Nuclear
literal unranked tourist,0.97,Nuclear
massive dogshit animal,0.98,Nuclear
kys complete smurf,0.98,Nuclear
uninstall complete tourist,0.98,Nuclear
actual helpless npc,0.97,Nuclear
altf4 pure casual,0.97,Nuclear
stfu holy tourist,0.98,Nuclear
ff absolute griefer,0.98,Nuclear
massive clueless scrub,0.97,Nuclear
toxic braindead bot,0.99,Nuclear
rope massive bot,0.97,Nuclear
stfu holy random,0.98,Nuclear
neck literal casual,0.97,Nuclear
leave pure bot,0.97,Nuclear
utter carried smurf,0.98,Nuclear
massive helpless griefer,0.99,Nuclear
absolute dogshit smurf,0.99,Nuclear
complete clueless casual,0.99,Nuclear
quit genuinely tourist,0.98,Nuclear
rope pure random,0.98,Nuclear
delete fucking npc,0.99,Nuclear
dodge actual shitter,0.97,Nuclear
literal dogshit thrower,0.97,Nuclear
complete trolling inter,0.99,Nuclear
absolute griefing bot,0.97,Nuclear
actual delusional kid,0.97,Nuclear
absolute trolling feeder,0.97,Nuclear
utter hardstuck inter,0.97,Nuclear
quit genuinely noob,0.97,Nuclear
kys toxic random,0.99,Nuclear
holy helpless bot,0.99,Nuclear
pure useless random,0.98,Nuclear
absolute carried noob,0.97,Nuclear
massive unranked smurf,0.99,Nuclear
dodge complete thrower,0.99,Nuclear
stfu genuinely trash,0.98,Nuclear
stfu actual inter,0.97,Nuclear
utter braindead animal,0.99,Nuclear
neck genuinely inter,0.97,Nuclear
pure unranked noob,0.97,Nuclear
complete griefing trash,0.97,Nuclear
dodge literal inter,0.99,Nuclear
complete carried smurf,0.99,Nuclear
genuinely sweaty noob,0.97,Nuclear
absolute unranked griefer,0.99,Nuclear
stfu actual bot,0.98,Nuclear
kys fucking scrub,0.98,Nuclear
fucking dogshit shitter,0.97,Nuclear
toxic hardstuck kid,0.97,Nuclear
complete sweaty animal,0.99,Nuclear
pure braindead smurf,0.98,Nuclear
altf4 toxic casual,0.98,Nuclear
altf4 utter thrower,0.99,Nuclear
pure clueless griefer,0.99,Nuclear
massive bronze thrower,0.97,Nuclear
genuinely trolling smurf,0.98,Nuclear
complete washed feeder,0.97,Nuclear
holy griefing bot,0.98,Nuclear
rope actual smurf,0.98,Nuclear
kys fucking smurf,0.98,Nuclear
toxic bronze npc,0.97,Nuclear
utter hardstuck casual,0.97,Nuclear
quit absolute scrub,0.99,Nuclear
dodge massive griefer,0.99,Nuclear
utter griefing inter,0.98,Nuclear
pure bronze animal,0.99,Nuclear
dodge fucking noob,0.99,Nuclear
dodge pure feeder,0.97,Nuclear
quit pure noob,0.98,Nuclear
kys actual bot,0.97,Nuclear
actual washed thrower,0.98,Nuclear
kys complete bot,0.99,Nuclear
leave fucking thrower,0.98,Nuclear
neck pure bot,0.98,Nuclear
actual unranked inter,0.98,Nuclear
quit massive smurf,0.99,Nuclear
complete carried animal,0.98,Nuclear
fucking hardstuck tourist,0.98,Nuclear
holy boosted trash,0.99,Nuclear
stfu literal noob,0.99,Nuclear
holy cringe smurf,0.98,Nuclear
washed shitter,0.98,Nuclear
holy useless shitter,0.99,Nuclear
massive braindead kid,0.99,Nuclear
literal trolling animal,0.98,Nuclear
kys fucking animal,0.97,Nuclear
utter griefing kid,0.99,Nuclear
stfu holy feeder,0.97,Nuclear
rope literal casual,0.98,Nuclear
leave toxic inter,0.98,Nuclear
quit absolute kid,0.98,Nuclear
logoff pure animal,0.99,Nuclear
sweaty feeder,0.99,Nuclear
complete useless random,0.98,Nuclear
utter cringe smurf,0.99,Nuclear
uninstall genuinely feeder,0.98,Nuclear
useless animal,0.98,Nuclear
neck fucking shitter,0.97,Nuclear
altf4 holy shitter,0.97,Nuclear
pure helpless thrower,0.98,Nuclear
absolute clueless random,0.98,Nuclear
quit absolute inter,0.99,Nuclear
kys tourist,0.99,Nuclear
altf4 utter smurf,0.97,Nuclear
holy dogshit inter,0.98,Nuclear
rope actual bot,0.99,Nuclear
quit pure feeder,0.99,Nuclear
ff pure bot,0.97,Nuclear
pure dogshit feeder,0.97,Nuclear
quit toxic smurf,0.99,Nuclear
logoff genuinely griefer,0.97,Nuclear
trolling trash,0.99,Nuclear
leave literal random,0.99,Nuclear
helpless animal,0.99,Nuclear
leave absolute noob,0.98,Nuclear
absolute bronze random,0.99,Nuclear
rope absolute smurf,0.98,Nuclear
absolute useless casual,0.99,Nuclear
uninstall fucking bot,0.97,Nuclear
rope pure inter,0.97,Nuclear
rope complete scrub,0.97,Nuclear
rope genuinely trash,0.97,Nuclear
fucking hardstuck feeder,0.98,Nuclear
neck utter smurf,0.98,Nuclear
fucking iron smurf,0.99,Nuclear
actual trolling trash,0.99,Nuclear
absolute unranked random,0.98,Nuclear
complete useless smurf,0.99,Nuclear
leave massive random,0.99,Nuclear
uninstall toxic inter,0.97,Nuclear
literal iron inter,0.98,Nuclear
absolute iron thrower,0.97,Nuclear
neck utter bot,0.99,Nuclear
actual carried thrower,0.98,Nuclear
literal hardstuck shitter,0.97,Nuclear
trolling tourist,0.97,Nuclear
neck pure random,0.97,Nuclear
dodge complete noob,0.99,Nuclear
fucking unranked casual,0.97,Nuclear
fucking washed shitter,0.98,Nuclear
toxic sweaty griefer,0.99,Nuclear
delete genuinely random,0.97,Nuclear
useless smurf,0.98,Nuclear
ff massive npc,0.98,Nuclear
toxic bronze griefer,0.99,Nuclear
stfu absolute animal,0.99,Nuclear
genuinely bronze tourist,0.99,Nuclear
logoff actual griefer,0.98,Nuclear
utter carried random,0.98,Nuclear
utter hardstuck trash,0.97,Nuclear
complete dogshit scrub,0.98,Nuclear
logoff genuinely trash,0.97,Nuclear
rope massive npc,0.97,Nuclear
genuinely hardstuck bot,0.98,Nuclear
actual unranked feeder,0.97,Nuclear
rope actual scrub,0.97,Nuclear
toxic hardstuck shitter,0.98,Nuclear
complete cringe inter,0.99,Nuclear
holy useless thrower,0.98,Nuclear
fucking carried tourist,0.97,Nuclear
stfu utter griefer,0.97,Nuclear
absolute sweaty scrub,0.99,Nuclear
sweaty casual,0.99,Nuclear
actual sweaty shitter,0.99,Nuclear
ff complete inter,0.97,Nuclear
pure clueless random,0.97,Nuclear
toxic sweaty bot,0.98,Nuclear
utter braindead random,0.98,Nuclear
utter helpless kid,0.97,Nuclear
massive boosted kid,0.99,Nuclear
stfu literal griefer,0.98,Nuclear
holy trolling npc,0.99,Nuclear
pure carried trash,0.97,Nuclear
literal unranked kid,0.99,Nuclear
toxic sweaty smurf,0.98,Nuclear
pure dogshit smurf,0.99,Nuclear
toxic trolling random,0.97,Nuclear
complete carried kid,0.97,Nuclear
bronze smurf,0.98,Nuclear
leave genuinely npc,0.99,Nuclear
massive trolling npc,0.99,Nuclear
toxic sweaty thrower,0.98,Nuclear
kys fucking feeder,0.98,Nuclear
delete massive inter,0.98,Nuclear
toxic useless trash,0.99,Nuclear
literal hardstuck npc,0.97,Nuclear
pure delusional npc,0.99,Nuclear
toxic clueless shitter,0.98,Nuclear
actual helpless trash,0.98,Nuclear
braindead inter,0.99,Nuclear
utter sweaty animal,0.97,Nuclear
holy delusional bot,0.97,Nuclear
leave utter feeder,0.98,Nuclear
pure hardstuck bot,0.98,Nuclear
utter unranked thrower,0.98,Nuclear
delete fucking bot,0.97,Nuclear
neck pure npc,0.97,Nuclear
fucking trolling casual,0.98,Nuclear
complete sweaty thrower,0.97,Nuclear
delete massive feeder,0.99,Nuclear
kys pure feeder,0.97,Nuclear
ff literal inter,0.99,Nuclear
massive hardstuck scrub,0.97,Nuclear
leave scrub,0.98,Nuclear
actual trolling noob,0.99,Nuclear
holy hardstuck noob,0.98,Nuclear
uninstall genuinely kid,0.97,Nuclear
delete toxic feeder,0.99,Nuclear
kys literal tourist,0.97,Nuclear
utter unranked casual,0.97,Nuclear
neck absolute npc,0.97,Nuclear
literal bronze kid,0.97,Nuclear
altf4 complete trash,0.99,Nuclear
quit massive casual,0.98,Nuclear
massive braindead random,0.97,Nuclear
neck genuinely animal,0.99,Nuclear
pure cringe casual,0.98,Nuclear
stfu utter smurf,0.98,Nuclear
neck fucking smurf,0.97,Nuclear
clueless trash,0.99,Nuclear
literal trolling smurf,0.99,Nuclear
utter washed feeder,0.99,Nuclear
absolute hardstuck bot,0.97,Nuclear
kys fucking tourist,0.99,Nuclear
altf4 absolute inter,0.99,Nuclear
uninstall toxic bot,0.98,Nuclear
massive washed animal,0.98,Nuclear
absolute unranked tourist,0.98,Nuclear
complete carried thrower,0.99,Nuclear
utter helpless casual,0.97,Nuclear
literal hardstuck random,0.99,Nuclear
altf4 fucking griefer,0.97,Nuclear
literal clueless casual,0.99,Nuclear
neck complete scrub,0.97,Nuclear
logoff actual feeder,0.98,Nuclear
delete complete thrower,0.98,Nuclear
useless tourist,0.98,Nuclear
utter bronze smurf,0.98,Nuclear
complete trolling trash,0.99,Nuclear
utter washed random,0.99,Nuclear
dodge genuinely npc,0.98,Nuclear
logoff pure npc,0.99,Nuclear
delete complete casual,0.97,Nuclear
leave complete feeder,0.97,Nuclear
rope fucking random,0.99,Nuclear
pure dogshit shitter,0.99,Nuclear
leave massive smurf,0.98,Nuclear
holy braindead animal,0.98,Nuclear
complete useless griefer,0.99,Nuclear
literal bronze thrower,0.99,Nuclear
stfu fucking noob,0.98,Nuclear
pure unranked inter,0.99,Nuclear
absolute carried random,0.99,Nuclear
pure unranked feeder,0.97,Nuclear
massive iron random,0.99,Nuclear
literal bronze scrub,0.99,Nuclear
stfu pure scrub,0.97,Nuclear
complete clueless trash,0.97,Nuclear
toxic washed smurf,0.97,Nuclear
uninstall absolute npc,0.98,Nuclear
utter helpless griefer,0.98,Nuclear
dogshit shitter,0.98,Nuclear
fucking braindead npc,0.99,Nuclear
altf4 actual scrub,0.98,Nuclear
quit actual kid,0.98,Nuclear
logoff massive feeder,0.98,Nuclear
quit toxic thrower,0.98,Nuclear
ff absolute thrower,0.98,Nuclear
delete genuinely thrower,0.99,Nuclear
complete iron smurf,0.98,Nuclear
kys massive feeder,0.98,Nuclear
logoff genuinely shitter,0.99,Nuclear
pure boosted trash,0.97,Nuclear
fucking dogshit casual,0.98,Nuclear
fucking sweaty animal,0.98,Nuclear
utter trolling feeder,0.98,Nuclear
absolute carried casual,0.98,Nuclear
genuinely sweaty griefer,0.97,Nuclear
absolute cringe npc,0.98,Nuclear
quit holy thrower,0.97,Nuclear
rope literal tourist,0.97,Nuclear
altf4 toxic griefer,0.97,Nuclear
genuinely helpless casual,0.99,Nuclear
delete literal inter,0.97,Nuclear
literal carried smurf,0.97,Nuclear
rope massive random,0.97,Nuclear
kys actual griefer,0.98,Nuclear
pure clueless thrower,0.98,Nuclear
neck genuinely casual,0.98,Nuclear
useless random,0.98,Nuclear
quit absolute casual,0.99,Nuclear
ff utter feeder,0.99,Nuclear
utter dogshit scrub,0.99,Nuclear
utter unranked kid,0.97,Nuclear
massive griefing thrower,0.99,Nuclear
kys complete tourist,0.98,Nuclear
massive griefing random,0.97,Nuclear
dogshit animal,0.97,Nuclear
bronze bot,0.99,Nuclear
massive sweaty smurf,0.97,Nuclear
complete braindead casual,0.98,Nuclear
toxic hardstuck trash,0.98,Nuclear
utter carried shitter,0.99,Nuclear
toxic iron shitter,0.97,Nuclear
literal boosted shitter,0.97,Nuclear
massive dogshit feeder,0.99,Nuclear
ff absolute feeder,0.97,Nuclear
rope toxic kid,0.97,Nuclear
toxic dogshit animal,0.98,Nuclear
holy helpless npc,0.98,Nuclear
utter dogshit thrower,0.98,Nuclear
dodge utter shitter,0.97,Nuclear
holy useless kid,0.99,Nuclear
uninstall massive thrower,0.97,Nuclear
actual griefing animal,0.99,Nuclear
actual clueless bot,0.98,Nuclear
dodge actual feeder,0.97,Nuclear
holy sweaty noob,0.97,Nuclear
dodge literal tourist,0.99,Nuclear
rope complete tourist,0.98,Nuclear
utter helpless noob,0.99,Nuclear
pure sweaty griefer,0.97,Nuclear
literal sweaty griefer,0.97,Nuclear
fucking trolling bot,0.99,Nuclear
actual unranked trash,0.99,Nuclear
rope complete shitter,0.98,Nuclear
ff absolute random,0.98,Nuclear
holy iron smurf,0.98,Nuclear
massive bronze smurf,0.99,Nuclear
logoff fucking feeder,0.99,Nuclear
toxic unranked noob,0.98,Nuclear
altf4 pure random,0.97,Nuclear
holy boosted casual,0.99,Nuclear
literal griefing animal,0.97,Nuclear
logoff massive tourist,0.98,Nuclear
kys complete animal,0.97,Nuclear
holy iron animal,0.98,Nuclear
holy unranked shitter,0.99,Nuclear
actual griefing scrub,0.99,Nuclear
fucking dogshit scrub,0.97,Nuclear
quit literal noob,0.98,Nuclear
toxic unranked griefer,0.98,Nuclear
logoff holy inter,0.99,Nuclear
dodge actual trash,0.97,Nuclear
fucking braindead smurf,0.97,Nuclear
neck massive noob,0.98,Nuclear
quit toxic bot,0.99,Nuclear
ff holy inter,0.97,Nuclear
stfu literal thrower,0.98,Nuclear
neck fucking tourist,0.97,Nuclear
fucking braindead noob,0.97,Nuclear
uninstall complete smurf,0.97,Nuclear
uninstall complete npc,0.99,Nuclear
complete washed casual,0.98,Nuclear
leave fucking tourist,0.98,Nuclear
washed smurf,0.97,Nuclear
massive griefing inter,0.98,Nuclear
utter hardstuck smurf,0.97,Nuclear
utter iron smurf,0.97,Nuclear
genuinely sweaty inter,0.98,Nuclear
genuinely hardstuck scrub,0.97,Nuclear
utter iron bot,0.99,Nuclear
neck pure griefer,0.98,Nuclear
holy cringe scrub,0.99,Nuclear
kys literal bot,0.98,Nuclear
massive boosted animal,0.97,Nuclear
carried animal,0.97,Nuclear
massive cringe scrub,0.97,Nuclear
helpless smurf,0.97,Nuclear
delete literal thrower,0.98,Nuclear
genuinely braindead casual,0.97,Nuclear
toxic griefing tourist,0.98,Nuclear
massive delusional bot,0.99,Nuclear
genuinely unranked animal,0.99,Nuclear
logoff absolute random,0.99,Nuclear
complete sweaty npc,0.99,Nuclear
actual washed griefer,0.98,Nuclear
fucking carried bot,0.97,Nuclear
absolute sweaty smurf,0.98,Nuclear
logoff fucking griefer,0.98,Nuclear
uninstall complete kid,0.98,Nuclear
actual dogshit griefer,0.98,Nuclear
kys pure noob,0.99,Nuclear
kys actual animal,0.97,Nuclear
neck holy noob,0.99,Nuclear
stfu literal inter,0.98,Nuclear
uninstall absolute bot,0.97,Nuclear
neck scrub,0.97,Nuclear
kys massive noob,0.97,Nuclear
altf4 pure npc,0.99,Nuclear
altf4 massive feeder,0.99,Nuclear
neck literal feeder,0.98,Nuclear
utter braindead npc,0.99,Nuclear
altf4 massive casual,0.99,Nuclear
holy carried casual,0.99,Nuclear
holy trolling scrub,0.97,Nuclear
utter cringe tourist,0.99,Nuclear
actual dogshit thrower,0.99,Nuclear
neck fucking npc,0.97,Nuclear
rope literal shitter,0.97,Nuclear
delete fucking feeder,0.98,Nuclear
rope literal bot,0.98,Nuclear
delete massive kid,0.97,Nuclear
kys absolute griefer,0.97,Nuclear
logoff toxic random,0.98,Nuclear
absolute unranked trash,0.99,Nuclear
dogshit random,0.97,Nuclear
fucking clueless animal,0.97,Nuclear
leave actual casual,0.99,Nuclear
neck genuinely smurf,0.98,Nuclear
complete iron scrub,0.99,Nuclear
literal unranked bot,0.98,Nuclear
fucking boosted shitter,0.97,Nuclear
actual iron noob,0.97,Nuclear
quit actual scrub,0.98,Nuclear
rope toxic scrub,0.97,Nuclear
leave complete trash,0.98,Nuclear
holy washed trash,0.97,Nuclear
complete delusional casual,0.97,Nuclear
complete griefing animal,0.97,Nuclear
fucking braindead feeder,0.97,Nuclear
genuinely boosted npc,0.99,Nuclear
complete washed random,0.97,Nuclear
genuinely cringe shitter,0.97,Nuclear
utter trolling casual,0.98,Nuclear
literal clueless bot,0.97,Nuclear
fucking helpless trash,0.97,Nuclear
complete washed tourist,0.98,Nuclear
absolute iron noob,0.98,Nuclear
ff actual animal,0.97,Nuclear
literal iron griefer,0.97,Nuclear
delete absolute scrub,0.97,Nuclear
delete pure inter,0.99,Nuclear
rope fucking casual,0.99,Nuclear
leave utter inter,0.98,Nuclear
leave literal trash,0.99,Nuclear
quit massive trash,0.99,Nuclear
genuinely bronze smurf,0.99,Nuclear
uninstall utter shitter,0.99,Nuclear
stfu complete scrub,0.98,Nuclear
complete carried inter,0.98,Nuclear
fucking sweaty npc,0.97,Nuclear
logoff utter thrower,0.99,Nuclear
fucking iron thrower,0.97,Nuclear
clueless feeder,0.98,Nuclear
utter delusional bot,0.97,Nuclear
toxic griefing inter,0.97,Nuclear
fucking bronze animal,0.98,Nuclear
stfu massive bot,0.97,Nuclear
kys literal feeder,0.99,Nuclear
leave utter griefer,0.98,Nuclear
pure helpless feeder,0.97,Nuclear
utter cringe animal,0.98,Nuclear
toxic iron noob,0.97,Nuclear
holy clueless trash,0.99,Nuclear
complete griefing griefer,0.97,Nuclear
holy boosted random,0.99,Nuclear
uninstall toxic casual,0.99,Nuclear
stfu pure feeder,0.97,Nuclear
toxic clueless bot,0.97,Nuclear
absolute clueless inter,0.98,Nuclear
holy carried inter,0.97,Nuclear
genuinely trolling kid,0.97,Nuclear
dodge toxic smurf,0.99,Nuclear
stfu pure animal,0.98,Nuclear
utter dogshit kid,0.97,Nuclear
toxic delusional kid,0.97,Nuclear
fucking griefing animal,0.98,Nuclear
literal iron bot,0.97,Nuclear
logoff absolute trash,0.97,Nuclear
toxic washed thrower,0.99,Nuclear
rope utter inter,0.99,Nuclear
genuinely braindead feeder,0.99,Nuclear
stfu absolute scrub,0.98,Nuclear
dodge genuinely smurf,0.98,Nuclear
complete boosted npc,0.98,Nuclear
ff literal smurf,0.99,Nuclear
pure braindead griefer,0.99,Nuclear
altf4 genuinely bot,0.98,Nuclear
holy braindead kid,0.99,Nuclear
leave massive kid,0.99,Nuclear
stfu holy trash,0.98,Nuclear
delete scrub,0.99,Nuclear
logoff toxic casual,0.97,Nuclear
fucking useless npc,0.98,Nuclear
boosted tourist,0.98,Nuclear
dodge absolute griefer,0.98,Nuclear
logoff fucking animal,0.97,Nuclear
neck genuinely feeder,0.97,Nuclear
genuinely dogshit tourist,0.98,Nuclear
leave massive inter,0.99,Nuclear
helpless thrower,0.99,Nuclear
actual useless casual,0.97,Nuclear
rope actual animal,0.99,Nuclear
absolute sweaty casual,0.99,Nuclear
kys actual smurf,0.99,Nuclear
toxic carried tourist,0.97,Nuclear
quit shitter,0.98,Nuclear
toxic braindead feeder,0.97,Nuclear
pure unranked tourist,0.99,Nuclear
logoff holy shitter,0.97,Nuclear
absolute hardstuck kid,0.98,Nuclear
actual trolling animal,0.97,Nuclear
stfu bot,0.99,Nuclear
neck tourist,0.97,Nuclear
logoff actual bot,0.99,Nuclear
absolute boosted inter,0.99,Nuclear
pure carried random,0.99,Nuclear
leave pure tourist,0.98,Nuclear
kys actual shitter,0.97,Nuclear
literal iron smurf,0.98,Nuclear
absolute helpless npc,0.97,Nuclear
utter boosted smurf,0.97,Nuclear
dodge holy animal,0.97,Nuclear
toxic helpless noob,0.98,Nuclear
trolling kid,0.98,Nuclear
toxic cringe npc,0.98,Nuclear
logoff genuinely thrower,0.97,Nuclear
stfu massive npc,0.99,Nuclear
pure delusional shitter,0.97,Nuclear
absolute cringe feeder,0.97,Nuclear
holy cringe feeder,0.99,Nuclear
literal carried tourist,0.99,Nuclear
actual cringe smurf,0.99,Nuclear
literal hardstuck smurf,0.99,Nuclear
fucking clueless kid,0.98,Nuclear
literal carried griefer,0.99,Nuclear
massive bronze random,0.97,Nuclear
uninstall random,0.98,Nuclear
absolute bronze feeder,0.97,Nuclear
holy hardstuck npc,0.99,Nuclear
genuinely griefing shitter,0.99,Nuclear
neck toxic bot,0.97,Nuclear
uninstall complete scrub,0.97,Nuclear
pure carried griefer,0.98,Nuclear
stfu literal tourist,0.97,Nuclear
altf4 complete casual,0.99,Nuclear
rope actual inter,0.98,Nuclear
massive useless smurf,0.98,Nuclear
fucking bronze bot,0.99,Nuclear
absolute dogshit feeder,0.97,Nuclear
uninstall fucking animal,0.97,Nuclear
toxic braindead random,0.99,Nuclear
fucking bronze noob,0.99,Nuclear
logoff complete feeder,0.98,Nuclear
rope absolute scrub,0.99,Nuclear
toxic clueless noob,0.99,Nuclear
pure griefing noob,0.99,Nuclear
fucking useless animal,0.99,Nuclear
actual carried feeder,0.97,Nuclear
leave holy casual,0.97,Nuclear
sweaty griefer,0.97,Nuclear
utter bronze thrower,0.99,Nuclear
leave fucking smurf,0.98,Nuclear
complete unranked casual,0.97,Nuclear
genuinely helpless random,0.98,Nuclear
fucking hardstuck kid,0.97,Nuclear
altf4 genuinely trash,0.98,Nuclear
complete clueless thrower,0.99,Nuclear
fucking iron kid,0.98,Nuclear
absolute braindead random,0.98,Nuclear
kys complete casual,0.99,Nuclear
rope genuinely kid,0.98,Nuclear
carried npc,0.99,Nuclear
dodge fucking smurf,0.97,Nuclear
dodge feeder,0.98,Nuclear
ff massive casual,0.97,Nuclear
literal bronze casual,0.99,Nuclear
kys utter thrower,0.98,Nuclear
complete sweaty trash,0.97,Nuclear
toxic useless thrower,0.97,Nuclear
actual sweaty inter,0.99,Nuclear
pure delusional griefer,0.98,Nuclear
leave holy trash,0.99,Nuclear
altf4 trash,0.98,Nuclear
pure unranked random,0.97,Nuclear
holy washed thrower,0.99,Nuclear
carried casual,0.97,Nuclear
holy delusional smurf,0.97,Nuclear
absolute washed noob,0.98,Nuclear
ff holy animal,0.99,Nuclear
stfu massive feeder,0.99,Nuclear
literal useless smurf,0.97,Nuclear
absolute delusional trash,0.97,Nuclear
fucking cringe shitter,0.99,Nuclear
neck pure trash,0.97,Nuclear
actual griefing thrower,0.97,Nuclear
leave holy noob,0.99,Nuclear
altf4 actual npc,0.97,Nuclear
pure hardstuck shitter,0.99,Nuclear
logoff utter smurf,0.99,Nuclear
pure boosted smurf,0.98,Nuclear
literal delusional scrub,0.99,Nuclear
literal delusional feeder,0.97,Nuclear
genuinely bronze kid,0.99,Nuclear
complete delusional scrub,0.97,Nuclear
absolute helpless random,0.97,Nuclear
logoff literal kid,0.98,Nuclear
literal bronze noob,0.98,Nuclear
massive cringe npc,0.98,Nuclear
logoff absolute smurf,0.99,Nuclear
literal braindead smurf,0.98,Nuclear
rope complete feeder,0.98,Nuclear
absolute cringe smurf,0.99,Nuclear
ff utter inter,0.99,Nuclear
massive iron tourist,0.97,Nuclear
toxic trolling tourist,0.97,Nuclear
dodge utter kid,0.98,Nuclear
stfu fucking npc,0.97,Nuclear
complete iron griefer,0.98,Nuclear
kys absolute kid,0.97,Nuclear
dodge holy kid,0.99,Nuclear
ff pure shitter,0.99,Nuclear
stfu actual animal,0.99,Nuclear
dogshit scrub,0.98,Nuclear
toxic cringe smurf,0.97,Nuclear
pure trolling griefer,0.97,Nuclear
actual trolling smurf,0.98,Nuclear
uninstall actual scrub,0.97,Nuclear
massive iron trash,0.97,Nuclear
actual useless kid,0.97,Nuclear
absolute dogshit trash,0.98,Nuclear
genuinely griefing animal,0.99,Nuclear
dogshit noob,0.99,Nuclear
leave holy kid,0.97,Nuclear
ff toxic feeder,0.97,Nuclear
ff complete griefer,0.98,Nuclear
literal cringe casual,0.98,Nuclear
absolute bronze shitter,0.98,Nuclear
toxic boosted trash,0.98,Nuclear
stfu utter animal,0.99,Nuclear
delusional shitter,0.97,Nuclear
quit holy scrub,0.98,Nuclear
actual useless thrower,0.97,Nuclear
ff absolute scrub,0.98,Nuclear
holy braindead thrower,0.98,Nuclear
complete carried tourist,0.97,Nuclear
stfu actual feeder,0.99,Nuclear
literal iron casual,0.98,Nuclear
rope absolute bot,0.97,Nuclear
actual boosted trash,0.98,Nuclear
braindead npc,0.99,Nuclear
absolute hardstuck griefer,0.99,Nuclear
pure trolling noob,0.99,Nuclear
neck actual noob,0.99,Nuclear
leave absolute casual,0.99,Nuclear
kys literal trash,0.98,Nuclear
trolling npc,0.99,Nuclear
neck absolute noob,0.97,Nuclear
fucking washed animal,0.99,Nuclear
holy carried shitter,0.97,Nuclear
ff absolute shitter,0.98,Nuclear
uninstall literal animal,0.97,Nuclear
literal bronze inter,0.99,Nuclear
rope fucking noob,0.98,Nuclear
toxic unranked bot,0.98,Nuclear
pure useless trash,0.97,Nuclear
genuinely griefing trash,0.97,Nuclear
toxic braindead smurf,0.98,Nuclear
massive unranked random,0.98,Nuclear
genuinely carried npc,0.97,Nuclear
leave toxic noob,0.98,Nuclear
massive iron animal,0.98,Nuclear
literal helpless npc,0.97,Nuclear
neck literal trash,0.99,Nuclear
genuinely cringe npc,0.99,Nuclear
rope pure kid,0.99,Nuclear
carried feeder,0.97,Nuclear
holy washed random,0.97,Nuclear
literal trolling npc,0.99,Nuclear
uninstall literal npc,0.99,Nuclear
complete hardstuck animal,0.97,Nuclear
massive cringe casual,0.98,Nuclear
logoff genuinely noob,0.99,Nuclear
pure unranked trash,0.99,Nuclear
fucking griefing tourist,0.99,Nuclear
complete unranked kid,0.98,Nuclear
pure trolling smurf,0.98,Nuclear
actual washed animal,0.97,Nuclear
rope toxic inter,0.97,Nuclear
dogshit smurf,0.98,Nuclear
leave genuinely smurf,0.99,Nuclear
neck literal smurf,0.97,Nuclear
utter carried npc,0.97,Nuclear
stfu holy noob,0.99,Nuclear
complete iron tourist,0.97,Nuclear
logoff fucking trash,0.99,Nuclear
uninstall griefer,0.99,Nuclear
uninstall toxic shitter,0.98,Nuclear
kys pure shitter,0.99,Nuclear
holy useless trash,0.99,Nuclear
fucking sweaty griefer,0.98,Nuclear
altf4 literal shitter,0.98,Nuclear
actual boosted npc,0.98,Nuclear
complete iron feeder,0.98,Nuclear
neck absolute inter,0.97,Nuclear
ff absolute inter,0.97,Nuclear
braindead kid,0.98,Nuclear
genuinely helpless kid,0.97,Nuclear
complete helpless griefer,0.99,Nuclear
fucking unranked shitter,0.98,Nuclear
fucking cringe feeder,0.97,Nuclear
holy carried griefer,0.98,Nuclear
pure clueless feeder,0.99,Nuclear
toxic useless shitter,0.98,Nuclear
holy washed griefer,0.98,Nuclear
holy cringe trash,0.98,Nuclear
literal braindead casual,0.97,Nuclear
logoff holy griefer,0.98,Nuclear
rope literal inter,0.98,Nuclear
massive washed inter,0.97,Nuclear
quit actual casual,0.97,Nuclear
neck holy scrub,0.98,Nuclear
toxic carried noob,0.98,Nuclear
pure washed casual,0.99,Nuclear
stfu complete tourist,0.98,Nuclear
actual griefing griefer,0.98,Nuclear
uninstall inter,0.98,Nuclear
altf4 literal noob,0.99,Nuclear
actual clueless trash,0.98,Nuclear
actual boosted thrower,0.99,Nuclear
neck toxic casual,0.97,Nuclear
dodge fucking shitter,0.99,Nuclear
utter sweaty scrub,0.97,Nuclear
ff toxic bot,0.99,Nuclear
quit npc,0.99,Nuclear
holy cringe npc,0.97,Nuclear
stfu actual tourist,0.98,Nuclear
absolute cringe casual,0.99,Nuclear
literal trolling random,0.97,Nuclear
delete literal feeder,0.98,Nuclear
holy clueless inter,0.97,Nuclear
logoff literal trash,0.98,Nuclear
pure cringe griefer,0.98,Nuclear
pure carried thrower,0.98,Nuclear
stfu pure bot,0.99,Nuclear
uninstall pure trash,0.97,Nuclear
holy sweaty npc,0.98,Nuclear
absolute iron griefer,0.98,Nuclear
logoff toxic bot,0.98,Nuclear
kys absolute tourist,0.98,Nuclear
delete utter animal,0.99,Nuclear
holy trolling bot,0.97,Nuclear
absolute delusional griefer,0.97,Nuclear
quit literal random,0.99,Nuclear
leave holy feeder,0.99,Nuclear
holy iron npc,0.97,Nuclear
quit complete npc,0.97,Nuclear
utter cringe npc,0.97,Nuclear
holy hardstuck thrower,0.98,Nuclear
utter hardstuck thrower,0.97,Nuclear
toxic trolling thrower,0.98,Nuclear
rope absolute tourist,0.99,Nuclear
massive clueless kid,0.97,Nuclear
kys feeder,0.98,Nuclear
massive sweaty kid,0.98,Nuclear
uninstall complete noob,0.98,Nuclear
neck massive random,0.97,Nuclear
actual hardstuck inter,0.97,Nuclear
massive iron kid,0.98,Nuclear
actual clueless shitter,0.99,Nuclear
kys toxic smurf,0.99,Nuclear
uninstall massive trash,0.99,Nuclear
absolute iron kid,0.99,Nuclear
dodge utter scrub,0.99,Nuclear
rope absolute shitter,0.98,Nuclear
stfu npc,0.99,Nuclear
absolute griefing animal,0.98,Nuclear
absolute useless shitter,0.97,Nuclear
uninstall massive casual,0.98,Nuclear
massive unranked noob,0.97,Nuclear
toxic griefing animal,0.99,Nuclear
actual sweaty smurf,0.98,Nuclear
pure clueless scrub,0.98,Nuclear
genuinely carried random,0.99,Nuclear
actual helpless griefer,0.97,Nuclear
complete clueless smurf,0.98,Nuclear
complete delusional griefer,0.97,Nuclear
massive griefing shitter,0.97,Nuclear
fucking sweaty trash,0.97,Nuclear
dodge genuinely thrower,0.97,Nuclear
quit literal shitter,0.98,Nuclear
stfu genuinely scrub,0.99,Nuclear
complete dogshit feeder,0.99,Nuclear
griefing trash,0.99,Nuclear
massive boosted npc,0.98,Nuclear
dogshit bot,0.98,Nuclear
uninstall literal tourist,0.99,Nuclear
uninstall absolute griefer,0.97,Nuclear
massive carried casual,0.97,Nuclear
massive delusional inter,0.98,Nuclear
utter boosted tourist,0.97,Nuclear
pure trolling scrub,0.98,Nuclear
holy bronze random,0.97,Nuclear
absolute griefing griefer,0.98,Nuclear
actual dogshit random,0.98,Nuclear
utter helpless bot,0.98,Nuclear
dodge absolute feeder,0.97,Nuclear
massive unranked inter,0.99,Nuclear
massive delusional noob,0.99,Nuclear
stfu massive inter,0.97,Nuclear
utter cringe inter,0.99,Nuclear
literal iron trash,0.97,Nuclear
utter helpless thrower,0.97,Nuclear
leave fucking animal,0.98,Nuclear
ff absolute tourist,0.98,Nuclear
kys inter,0.97,Nuclear
utter griefing feeder,0.99,Nuclear
logoff toxic feeder,0.97,Nuclear
toxic braindead trash,0.97,Nuclear
stfu literal animal,0.99,Nuclear
utter hardstuck npc,0.99,Nuclear
literal hardstuck tourist,0.98,Nuclear
holy washed shitter,0.98,Nuclear
neck toxic tourist,0.97,Nuclear
toxic braindead scrub,0.97,Nuclear
rope toxic smurf,0.98,Nuclear
altf4 actual kid,0.98,Nuclear
genuinely hardstuck smurf,0.99,Nuclear
dodge actual noob,0.99,Nuclear
massive sweaty tourist,0.98,Nuclear
unranked casual,0.99,Nuclear
literal boosted feeder,0.97,Nuclear
logoff scrub,0.99,Nuclear
uninstall massive scrub,0.98,Nuclear
ff holy thrower,0.97,Nuclear
actual iron kid,0.99,Nuclear
holy sweaty griefer,0.97,Nuclear
kys genuinely shitter,0.98,Nuclear
fucking helpless npc,0.99,Nuclear
absolute hardstuck random,0.99,Nuclear
pure iron kid,0.98,Nuclear
actual washed smurf,0.99,Nuclear
stfu literal scrub,0.99,Nuclear
fucking hardstuck smurf,0.99,Nuclear
holy sweaty scrub,0.98,Nuclear
kys actual kid,0.97,Nuclear
complete hardstuck bot,0.98,Nuclear
fucking trolling random,0.99,Nuclear
uninstall literal bot,0.98,Nuclear
ff genuinely feeder,0.97,Nuclear
holy braindead tourist,0.98,Nuclear
ff toxic noob,0.98,Nuclear
kys toxic scrub,0.99,Nuclear
fucking braindead bot,0.97,Nuclear
holy delusional scrub,0.98,Nuclear
logoff massive smurf,0.99,Nuclear
ff complete npc,0.97,Nuclear
rope complete kid,0.98,Nuclear
uninstall absolute random,0.97,Nuclear
literal boosted tourist,0.97,Nuclear
ff genuinely smurf,0.98,Nuclear
fucking bronze kid,0.97,Nuclear
hardstuck kid,0.99,Nuclear
holy helpless tourist,0.99,Nuclear
uninstall holy thrower,0.97,Nuclear
dodge literal scrub,0.98,Nuclear
holy delusional feeder,0.98,Nuclear
rope actual npc,0.99,Nuclear
absolute cringe bot,0.98,Nuclear
stfu pure griefer,0.99,Nuclear
absolute useless noob,0.97,Nuclear
neck actual shitter,0.99,Nuclear
genuinely delusional inter,0.99,Nuclear
absolute dogshit kid,0.98,Nuclear
holy trolling inter,0.97,Nuclear
absolute unranked scrub,0.99,Nuclear
stfu fucking smurf,0.99,Nuclear
dodge utter noob,0.97,Nuclear
rope animal,0.98,Nuclear
literal sweaty kid,0.97,Nuclear
leave thrower,0.97,Nuclear
neck actual griefer,0.98,Nuclear
uninstall holy casual,0.98,Nuclear
delete literal smurf,0.99,Nuclear
toxic trolling casual,0.97,Nuclear
delete actual npc,0.98,Nuclear
quit absolute random,0.97,Nuclear
dodge pure random,0.97,Nuclear
literal cringe feeder,0.99,Nuclear
dodge holy noob,0.98,Nuclear
delusional scrub,0.98,Nuclear
genuinely clueless griefer,0.99,Nuclear
literal helpless trash,0.99,Nuclear
logoff complete random,0.97,Nuclear
massive hardstuck thrower,0.97,Nuclear
neck massive scrub,0.99,Nuclear
fucking delusional scrub,0.98,Nuclear
logoff genuinely casual,0.98,Nuclear
toxic clueless kid,0.99,Nuclear
braindead random,0.99,Nuclear
utter braindead inter,0.97,Nuclear
neck casual,0.97,Nuclear
delete holy griefer,0.99,Nuclear
logoff complete tourist,0.98,Nuclear
holy bronze trash,0.99,Nuclear
utter washed casual,0.97,Nuclear
stfu pure casual,0.98,Nuclear
uninstall bot,0.98,Nuclear
stfu absolute bot,0.99,Nuclear
altf4 holy casual,0.99,Nuclear
absolute sweaty feeder,0.97,Nuclear
actual cringe kid,0.99,Nuclear
genuinely braindead random,0.99,Nuclear
rope holy noob,0.98,Nuclear
altf4 absolute scrub,0.98,Nuclear
genuinely helpless thrower,0.97,Nuclear
actual sweaty bot,0.98,Nuclear
kys actual noob,0.99,Nuclear
ff absolute smurf,0.97,Nuclear
absolute washed smurf,0.99,Nuclear
neck massive griefer,0.99,Nuclear
fucking boosted thrower,0.98,Nuclear
genuinely boosted inter,0.98,Nuclear
delete genuinely inter,0.99,Nuclear
uninstall pure casual,0.98,Nuclear
pure boosted inter,0.97,Nuclear
utter carried tourist,0.99,Nuclear
carried noob,0.97,Nuclear
uninstall holy tourist,0.99,Nuclear
fucking delusional shitter,0.98,Nuclear
pure boosted random,0.98,Nuclear
holy cringe casual,0.98,Nuclear
pure clueless noob,0.99,Nuclear
dodge holy trash,0.97,Nuclear
pure washed kid,0.99,Nuclear
toxic cringe trash,0.97,Nuclear
utter iron thrower,0.99,Nuclear
rope complete npc,0.97,Nuclear
quit complete trash,0.97,Nuclear
delete complete griefer,0.98,Nuclear
quit genuinely bot,0.98,Nuclear
literal helpless thrower,0.97,Nuclear
utter hardstuck tourist,0.98,Nuclear
fucking trolling trash,0.99,Nuclear
quit inter,0.97,Nuclear
holy trolling trash,0.98,Nuclear
toxic clueless smurf,0.98,Nuclear
pure washed feeder,0.98,Nuclear
helpless trash,0.98,Nuclear
uninstall actual noob,0.99,Nuclear
massive trolling trash,0.98,Nuclear
kys smurf,0.97,Nuclear
dodge literal casual,0.98,Nuclear
genuinely useless trash,0.99,Nuclear
absolute washed griefer,0.97,Nuclear
complete bronze random,0.99,Nuclear
massive delusional tourist,0.97,Nuclear
neck fucking scrub,0.99,Nuclear
absolute carried inter,0.97,Nuclear
kys shitter,0.97,Nuclear
altf4 actual trash,0.97,Nuclear
dodge massive smurf,0.98,Nuclear
complete helpless inter,0.98,Nuclear
delete thrower,0.98,Nuclear
genuinely boosted casual,0.98,Nuclear
fucking iron casual,0.97,Nuclear
uninstall pure npc,0.99,Nuclear
utter boosted griefer,0.97,Nuclear
dodge utter bot,0.98,Nuclear
bronze random,0.97,Nuclear
literal useless random,0.99,Nuclear
fucking washed scrub,0.98,Nuclear
