Content,Score,Category
"f**k bullshit scum",0.97,Nuclear
"cooked bronze",0.98,Nuclear
"uninstalling",0.98,Nuclear
"stop",0.97,Nuclear
"washed",0.99,Nuclear
"no more",0.98,Nuclear
"drop dead dammit",0.99,Nuclear
"delete game no more",0.98,Nuclear
"literal ridiculous idiot",0.99,Nuclear
"quit go fk cooked",0.98,Nuclear
"sit gg",0.99,Nuclear
"log off unreal cooked",0.97,Nuclear
"broken",0.97,Nuclear
"drop dead insane miserable",0.98,Nuclear
"fook please",0.98,Nuclear
"ggs",0.97,Nuclear
"tragic",0.97,Nuclear
"wrap it up bozo",0.98,Nuclear
"fukking its over dick",0.99,Nuclear
"uninstalling cunt",0.97,Nuclear
"fuck trolling prick",0.98,Nuclear
"cooked",0.99,Nuclear
"f**k damn",0.98,Nuclear
"unlucky bastard",0.99,Nuclear
"pull the plug",0.98,Nuclear
"stfu braindead",0.97,Nuclear
"trash",0.98,Nuclear
"pathetic",0.97,Nuclear
"ff fcking chalked",0.99,Nuclear
"f-u-c-k terrible",0.98,Nuclear
"shut up f_ck walking away",0.97,Nuclear
"why",0.98,Nuclear
"crap bozo",0.98,Nuclear
"actual horrible retard",0.99,Nuclear
"crazy noob",0.98,Nuclear
"walking away",0.98,Nuclear
"kys fook i give up",0.97,Nuclear
"f -u c-k deleting bronze",0.97,Nuclear
"bruh",0.98,Nuclear
"cant anymore",0.99,Nuclear
"ff fck",0.97,Nuclear
"f k i n g checking out cunt",0.98,Nuclear
"phucking awful",0.98,Nuclear
"choke braindead",0.97,Nuclear
"get out cooked",0.99,Nuclear
"fck braindead",0.98,Nuclear
"seethe phuck gg next",0.99,Nuclear
"lmao",0.98,Nuclear
"done",0.97,Nuclear
"end it all",0.98,Nuclear
"fucking just end idiot",0.97,Nuclear
"neck urself useless i give up",0.99,Nuclear
"leave fuking malding",0.97,Nuclear
"worthless uninstalling",0.97,Nuclear
"dodge end it all",0.97,Nuclear
"fking meaningless iron",0.97,Nuclear
"ridiculous",0.98,Nuclear
"cope fuking logging out",0.99,Nuclear
"please shitter",0.98,Nuclear
"f u c k i n g bullshit",0.98,Nuclear
"neck urself awful",0.97,Nuclear
"exhausting",0.98,Nuclear
"uninstalling prick",0.98,Nuclear
"kys peace out",0.97,Nuclear
"worthless troll griefer",0.98,Nuclear
"stepping away",0.98,Nuclear
"fckn cooked",0.98,Nuclear
"mfing im gone dog",0.98,Nuclear
"im retiring",0.97,Nuclear
"wrap it up",0.98,Nuclear
"washed bot",0.98,Nuclear
"meaningless",0.97,Nuclear
"quit f*cking joke",0.99,Nuclear
"disgusting",0.99,Nuclear
"ff chalked",0.98,Nuclear
"gtfo go fk meaningless",0.98,Nuclear
"chalked",0.99,Nuclear
"dogshit shit",0.98,Nuclear
"get out wtf",0.98,Nuclear
"shitty pointless dog",0.98,Nuclear
"f -u c-k lmao",0.99,Nuclear
"neck urself im out",0.97,Nuclear
"wild",0.98,Nuclear
"cope done",0.99,Nuclear
"f*cking ggs",0.98,Nuclear
"over it",0.99,Nuclear
"actual wild",0.97,Nuclear
"bs",0.99,Nuclear
"gtfo phucking toxic",0.97,Nuclear
"fckng washed pussy",0.99,Nuclear
"crap",0.97,Nuclear
"useless gg next npc",0.98,Nuclear
"dodge fuck logging out",0.97,Nuclear
"choke fucker garbage",0.99,Nuclear
"shutup f u c k cooked",0.97,Nuclear
"wtf",0.98,Nuclear
"pathetic finished retard",0.97,Nuclear
"fcked lmao",0.98,Nuclear
"alt f4 wild",0.98,Nuclear
"exhausting troll",0.98,Nuclear
"uninstall walking away",0.98,Nuclear
"useless washed",0.99,Nuclear
"toxic",0.98,Nuclear
"crazy",0.98,Nuclear
"shit",0.98,Nuclear
"im gone",0.98,Nuclear
"leave washed",0.98,Nuclear
"drop dead worst",0.99,Nuclear
"go fck pathetic bot",0.97,Nuclear
"f-k-i-n-g crazy braindead",0.98,Nuclear
"cry more unlucky",0.98,Nuclear
"its over",0.98,Nuclear
"stepping away scum",0.98,Nuclear
"get out f _u_ck why",0.98,Nuclear
"uninstall go fk cooked",0.97,Nuclear
"useless",0.99,Nuclear
"pathetic broken iron",0.97,Nuclear
"done for",0.98,Nuclear
"braindead had enough clown",0.99,Nuclear
"go fk garbage autist",0.99,Nuclear
"im leaving",0.98,Nuclear
"phucking im gone feeder",0.99,Nuclear
"get out fckn braindead",0.98,Nuclear
"tilted",0.97,Nuclear
"over",0.97,Nuclear
"go next done",0.99,Nuclear
"fking im done braindead",0.97,Nuclear
"fck shit trash",0.98,Nuclear
"sit joke",0.98,Nuclear
"sht",0.99,Nuclear
"leave tilt",0.97,Nuclear
"dammit",0.98,Nuclear
"gtfo f _u_ck tragic",0.98,Nuclear
"terrible",0.98,Nuclear
"kys useless wack",0.98,Nuclear
"stfu fuck",0.98,Nuclear
"im quitting",0.98,Nuclear
"get out braindead",0.97,Nuclear
"f_cking over",0.99,Nuclear
"f k i n g chalked",0.99,Nuclear
"fok why prick",0.99,Nuclear
"alt f4 fkng joke",0.98,Nuclear
"bullshit",0.98,Nuclear
"fkng gg",0.97,Nuclear
"pointless",0.98,Nuclear
"bruh garbage",0.98,Nuclear
"delete game f_ck done",0.98,Nuclear
"crap npc",0.98,Nuclear
"horseshit ggs whore",0.99,Nuclear
"literal wtf",0.98,Nuclear
"cope absolute exhausting",0.99,Nuclear
"cant take it",0.97,Nuclear
"malding",0.98,Nuclear
"fkng fuck freak",0.98,Nuclear
"troll",0.98,Nuclear
"f u c k i n g exhausting idiot",0.98,Nuclear
"malding griefer",0.99,Nuclear
"f**king tilt",0.99,Nuclear
"i give up",0.98,Nuclear
"gtfo fckng washed",0.98,Nuclear
"gtfo fckng braindead",0.98,Nuclear
"drop dead im retiring",0.98,Nuclear
"fuck",0.97,Nuclear
"motherfucking give up feeder",0.98,Nuclear
"braindead im done slut",0.98,Nuclear
"fvck disgusting griefer",0.98,Nuclear
"f**k bs shitter",0.98,Nuclear
"alt f4 tilt",0.98,Nuclear
"uninstall f-u-c-k just stop",0.98,Nuclear
"miserable",0.98,Nuclear
"joke",0.99,Nuclear
"shutup fuck wrap it up",0.98,Nuclear
"ff f_ck broken",0.99,Nuclear
"horseshit tilted",0.97,Nuclear
"delete game go fck dead",0.99,Nuclear
"gtfo mfing im out",0.98,Nuclear
"f -u c-k tilt ape",0.99,Nuclear
"alt f4 cringe deleting",0.98,Nuclear
"plz quit why",0.98,Nuclear
"cope gg",0.98,Nuclear
"worst",0.97,Nuclear
"over mong",0.98,Nuclear
"f-k-i-n-g pull the plug animal",0.98,Nuclear
"f k i n g lmao imbecile",0.97,Nuclear
"phuck just stop",0.97,Nuclear
"kill urself troll",0.99,Nuclear
"touch grass fvcking miserable",0.99,Nuclear
"go next dogshit washed",0.98,Nuclear
"f**king shut it down",0.97,Nuclear
"neck urself trashy pathetic",0.98,Nuclear
"f_cking wtf",0.98,Nuclear
"touch grass phucking had enough",0.97,Nuclear
"horrible random",0.98,Nuclear
"uninstall tilt",0.97,Nuclear
"peace out",0.99,Nuclear
"logging out",0.98,Nuclear
"delete game mfing bruh",0.99,Nuclear
"vile toxic kid",0.97,Nuclear
"gg tumor",0.97,Nuclear
"pathetic animal",0.98,Nuclear
"tilt",0.97,Nuclear
"gtfo fuk damn",0.99,Nuclear
"sht slut",0.98,Nuclear
"neck urself fcking wtf",0.97,Nuclear
"garbage tumor",0.98,Nuclear
"f**k over it idiot",0.97,Nuclear
"fuk worst mong",0.99,Nuclear
"drop dead stop",0.98,Nuclear
"shut up f*cking im quitting",0.99,Nuclear
"stfu lmao",0.97,Nuclear
"f_cking trash noob",0.98,Nuclear
"awful npc",0.98,Nuclear
"nonsense",0.97,Nuclear
"cope f k i n g pathetic",0.98,Nuclear
"exhausting mong",0.97,Nuclear
"wild imbecile",0.99,Nuclear
"im done troll",0.98,Nuclear
"useless mong",0.97,Nuclear
"fckng awful dick",0.98,Nuclear
"kys bruh",0.99,Nuclear
"neck urself washed",0.98,Nuclear
"seethe insane garbage",0.97,Nuclear
"braindead hardstuck",0.97,Nuclear
"kys sht",0.97,Nuclear
"dogshit garbage",0.97,Nuclear
"give up",0.98,Nuclear
"just stop",0.98,Nuclear
"delete game done",0.98,Nuclear
"im leaving bastard",0.98,Nuclear
"go next fcked please",0.97,Nuclear
"finished",0.99,Nuclear
"alt f4 fuk insane",0.97,Nuclear
"drop dead done",0.99,Nuclear
"fook im out",0.99,Nuclear
"f u c k over",0.97,Nuclear
"f_ck wack",0.98,Nuclear
"insane",0.97,Nuclear
"gtfo fkng horrible",0.97,Nuclear
"kys fkk miserable",0.97,Nuclear
"stfu over",0.97,Nuclear
"neck urself im quitting",0.99,Nuclear
"fker crap bastard",0.99,Nuclear
"horrible",0.99,Nuclear
"dodge im leaving",0.97,Nuclear
"exhausting pussy",0.97,Nuclear
"touch grass fukk ggs",0.98,Nuclear
"cope cooked",0.98,Nuclear
"insane gg subhuman",0.99,Nuclear
"fok useless",0.98,Nuclear
"fckn logging out dog",0.98,Nuclear
"fucked crazy bastard",0.99,Nuclear
"dead",0.97,Nuclear
"uninstall wtf",0.98,Nuclear
"washed kid",0.97,Nuclear
"f-u-c-k trash",0.98,Nuclear
"ggs moron",0.97,Nuclear
"fvcking gg next pussy",0.97,Nuclear
"disgusting awful",0.97,Nuclear
"unreal cant anymore dog",0.98,Nuclear
"quit im out",0.97,Nuclear
"fker exhausting noob",0.97,Nuclear
"fkng fuck",0.99,Nuclear
"get out stop",0.99,Nuclear
"get cancer fkk shut it down",0.98,Nuclear
"log off",0.98,Nuclear
"f k i n g omfg",0.99,Nuclear
"cry more damn",0.97,Nuclear
"neck urself end it all",0.97,Nuclear
"actual omfg waste",0.98,Nuclear
"awful ape",0.98,Nuclear
"touch grass disgusting",0.97,Nuclear
"log off fok useless",0.98,Nuclear
"quit pull the plug",0.99,Nuclear
"f.u.c.k im gone loser",0.98,Nuclear
"alt f4 horseshit cant take it",0.98,Nuclear
"f u c k i n g ridiculous griefer",0.99,Nuclear
"shut it down",0.97,Nuclear
"get out uninstalling",0.98,Nuclear
"fvck damn kid",0.99,Nuclear
"miserable moron",0.97,Nuclear
"had enough ape",0.99,Nuclear
"walking away imbecile",0.98,Nuclear
"stfu done for",0.98,Nuclear
"seethe fukk wild",0.99,Nuclear
"disgusting had enough trash",0.98,Nuclear
"seethe f _u_ck chalked",0.98,Nuclear
"useless horrible",0.99,Nuclear
"wack",0.97,Nuclear
"go next f*cking meaningless",0.98,Nuclear
"fvck unlucky bot",0.98,Nuclear
"delete game f -u c-k useless",0.99,Nuclear
"delusional end",0.97,Nuclear
"actual useless",0.98,Nuclear
"hell bastard",0.97,Nuclear
"dodge brainless unlucky",0.98,Nuclear
"quit mfing omfg",0.97,Nuclear
"f _u_ck its over",0.99,Nuclear
"cant anymore whore",0.98,Nuclear
"toxic troll",0.99,Nuclear
"touch grass bullshit insane",0.97,Nuclear
"worthless washed",0.98,Nuclear
"cry more fker peace out",0.99,Nuclear
"fkng trolling",0.98,Nuclear
"f*cking braindead",0.98,Nuclear
"shutup useless why",0.98,Nuclear
"im out",0.98,Nuclear
"mfing checking out",0.99,Nuclear
"tragic random",0.99,Nuclear
"fckn shut it down",0.97,Nuclear
"pathetic why prick",0.98,Nuclear
"f**k im out",0.99,Nuclear
"stfu f_cking ggs",0.98,Nuclear
"unreal troll freak",0.98,Nuclear
"fuck ape",0.97,Nuclear
"end it all dick",0.99,Nuclear
"unlucky",0.99,Nuclear
"brainless stop slut",0.98,Nuclear
"phuck useless",0.99,Nuclear
"touch grass absolute stop",0.98,Nuclear
"washed tumor",0.98,Nuclear
"trashy cant take it",0.99,Nuclear
"disgusting subhuman",0.98,Nuclear
"fckn worst hardstuck",0.98,Nuclear
"disgusting useless",0.99,Nuclear
"done for autist",0.97,Nuclear
"uninstall fkng toxic",0.99,Nuclear
"make it stop",0.98,Nuclear
"fucked its over",0.98,Nuclear
"uninstall give up",0.97,Nuclear
"leave chalked",0.99,Nuclear
"cancerous logging out griefer",0.98,Nuclear
"omfg mong",0.98,Nuclear
"actual gg cancer",0.98,Nuclear
"f**k dammit dog",0.99,Nuclear
"phucking chalked bot",0.98,Nuclear
"braindead wild freak",0.98,Nuclear
"f u c k just end",0.98,Nuclear
"choke fckn had enough",0.99,Nuclear
"log off vile ggs",0.98,Nuclear
"drop dead shut it down",0.99,Nuclear
"quit fukk sht",0.98,Nuclear
"hell subhuman",0.97,Nuclear
"bs bronze",0.99,Nuclear
"alt f4 hell",0.97,Nuclear
"kys please",0.98,Nuclear
"seethe fck",0.98,Nuclear
"kys logging out",0.97,Nuclear
"fuck insane slut",0.97,Nuclear
"literal hell pussy",0.97,Nuclear
"shutup absolute braindead",0.97,Nuclear
"shut up f-k-i-n-g im retiring",0.99,Nuclear
"f-k-i-n-g trolling imbecile",0.97,Nuclear
"fucker nonsense bronze",0.98,Nuclear
"mentally ill awful",0.97,Nuclear
"bullshit gg",0.98,Nuclear
"seethe disgusting crap",0.98,Nuclear
"seethe bruh",0.98,Nuclear
"disgusting cant anymore freak",0.97,Nuclear
"shutup give up",0.98,Nuclear
"just end",0.99,Nuclear
"sit done for",0.99,Nuclear
"fckng dead waste",0.99,Nuclear
"fckng gg",0.98,Nuclear
"fookin walking away cancer",0.99,Nuclear
"f_u_c_k useless clown",0.98,Nuclear
"stfu chalked",0.97,Nuclear
"vile sht prick",0.97,Nuclear
"brainless ggs bot",0.98,Nuclear
"worthless miserable",0.97,Nuclear
"uninstall pull the plug",0.98,Nuclear
"wrap it up dick",0.99,Nuclear
"leave fck braindead",0.97,Nuclear
"gtfo dogshit give up",0.98,Nuclear
"kys fook gg",0.98,Nuclear
"absolute done subhuman",0.97,Nuclear
"log off fckn im out",0.98,Nuclear
"im leaving slut",0.98,Nuclear
"f**king checking out troll",0.98,Nuclear
"im done",0.97,Nuclear
"wrap it up subhuman",0.98,Nuclear
"garbage",0.99,Nuclear
"worthless worst",0.97,Nuclear
"leave f_ck im gone",0.99,Nuclear
"fkk tilted npc",0.99,Nuclear
"get out motherfucking crazy",0.97,Nuclear
"cry more mfing please",0.99,Nuclear
"pathetic had enough",0.99,Nuclear
"drop dead fukk cooked",0.99,Nuclear
"plz quit phucking logging out",0.98,Nuclear
"get cancer phuck cant anymore",0.98,Nuclear
"f.u.c.k over pussy",0.98,Nuclear
"done waste",0.99,Nuclear
"fckn finished",0.98,Nuclear
"im out bitch",0.98,Nuclear
"sit fookin pathetic",0.99,Nuclear
"hell",0.97,Nuclear
"absolute tilted autist",0.97,Nuclear
"seethe unreal washed",0.98,Nuclear
"dogshit cant take it",0.99,Nuclear
"fucked insane",0.99,Nuclear
"shitty ggs garbage",0.98,Nuclear
"insane give up dick",0.99,Nuclear
"cope fck",0.99,Nuclear
"kill urself brainless meaningless",0.98,Nuclear
"insane i give up garbage",0.98,Nuclear
"f _u_ck damn noob",0.98,Nuclear
"bs trash",0.99,Nuclear
"fuking please random",0.98,Nuclear
"f u c k pathetic garbage",0.97,Nuclear
"pathetic trash",0.97,Nuclear
"plz quit unreal pull the plug",0.98,Nuclear
"fck fuck bronze",0.98,Nuclear
"checking out iron",0.98,Nuclear
"f_cking give up freak",0.99,Nuclear
"leave f**king washed",0.99,Nuclear
"ff actual crap",0.99,Nuclear
"ff braindead",0.98,Nuclear
"end",0.98,Nuclear
"log off broken",0.99,Nuclear
"wrap it up griefer",0.97,Nuclear
"wack retard",0.97,Nuclear
"f _u_ck pointless pussy",0.99,Nuclear
"f-k-i-n-g wack",0.97,Nuclear
"worthless fck braindead",0.99,Nuclear
"braindead im quitting waste",0.98,Nuclear
"fkng garbage bozo",0.97,Nuclear
"cry more f-u-c-k tilt",0.97,Nuclear
"f**k stop",0.98,Nuclear
"literal im quitting",0.97,Nuclear
"phuck done clown",0.98,Nuclear
"get cancer insane",0.97,Nuclear
"cope disgusting deleting",0.99,Nuclear
"neck urself fker bullshit",0.98,Nuclear
"braindead",0.99,Nuclear
"quit trashy joke",0.98,Nuclear
"f -u c-k washed",0.98,Nuclear
"fcking horrible dog",0.99,Nuclear
"delete game f-k-i-n-g gg next",0.98,Nuclear
"drop dead garbage",0.99,Nuclear
"choke phucking fck",0.98,Nuclear
"end it all npc",0.98,Nuclear
"cringe im out freak",0.98,Nuclear
"seethe trashy bruh",0.97,Nuclear
"fckng sht",0.97,Nuclear
"alt f4 f*cking uninstalling",0.97,Nuclear
"fck",0.98,Nuclear
"fuck ridiculous",0.98,Nuclear
"fking braindead",0.98,Nuclear
"kys troll",0.99,Nuclear
"fkng horrible npc",0.98,Nuclear
"delete game wtf",0.98,Nuclear
"cancerous end moron",0.99,Nuclear
"useless ggs braindead",0.98,Nuclear
"im quitting subhuman",0.97,Nuclear
"pathetic uninstalling bitch",0.98,Nuclear
"checking out",0.97,Nuclear
"useless disgusting clown",0.97,Nuclear
"f_u_c_k pointless",0.99,Nuclear
"trashy chalked",0.98,Nuclear
"go next worst",0.98,Nuclear
"uninstall why",0.97,Nuclear
"just end griefer",0.97,Nuclear
"mfing end it all",0.97,Nuclear
"its over slut",0.97,Nuclear
"go fck hell cancer",0.98,Nuclear
"get out fcked washed",0.99,Nuclear
"gg",0.98,Nuclear
"neck urself fkk checking out",0.99,Nuclear
"fuk tragic",0.98,Nuclear
"alt f4 phucking pointless",0.98,Nuclear
"fkk logging out tumor",0.98,Nuclear
"uninstall fuck",0.98,Nuclear
"crap slut",0.98,Nuclear
"fckn omfg",0.98,Nuclear
"give up npc",0.98,Nuclear
"useless done",0.98,Nuclear
"delete game please",0.97,Nuclear
"trashy horrible",0.98,Nuclear
"f**k washed hardstuck",0.98,Nuclear
"neck urself pathetic chalked",0.97,Nuclear
"drop dead fuking tilted",0.99,Nuclear
"choke fckng checking out",0.97,Nuclear
"horseshit tilt",0.97,Nuclear
"ff worthless washed",0.98,Nuclear
"its over bot",0.97,Nuclear
"neck urself pathetic tilted",0.97,Nuclear
"deleting",0.98,Nuclear
"cry more disgusting done for",0.99,Nuclear
"its over garbage",0.97,Nuclear
"leave deleting",0.98,Nuclear
"plz quit fuk uninstalling",0.97,Nuclear
"fcking finished waste",0.98,Nuclear
"drop dead f u c k i n g broken",0.99,Nuclear
"log off fker trash",0.98,Nuclear
"fucked trash",0.97,Nuclear
"shut up trash",0.99,Nuclear
"shutup fukk wtf",0.99,Nuclear
"alt f4 fker exhausting",0.98,Nuclear
"fker damn",0.98,Nuclear
"uninstalling bot",0.97,Nuclear
"dodge walking away",0.98,Nuclear
"f -u c-k troll clown",0.97,Nuclear
"horseshit tilted dog",0.99,Nuclear
"stfu f*ck done",0.98,Nuclear
"log off phuck wtf",0.99,Nuclear
"fvck chalked",0.97,Nuclear
"fukking fuck slut",0.99,Nuclear
"f_cking washed bastard",0.98,Nuclear
"shut up dammit",0.98,Nuclear
"fuking unlucky",0.98,Nuclear
"f**k insane slut",0.97,Nuclear
"bs imbecile",0.98,Nuclear
"quit fok tilt",0.97,Nuclear
"pathetic horrible bitch",0.99,Nuclear
"delete game tragic",0.97,Nuclear
"useless cancer",0.97,Nuclear
"fckng chalked",0.98,Nuclear
"seethe vile chalked",0.97,Nuclear
"delete game horseshit terrible",0.98,Nuclear
"done random",0.97,Nuclear
"seethe useless shit",0.98,Nuclear
"fckn crap prick",0.98,Nuclear
"uninstall bullshit stop",0.98,Nuclear
"checking out hardstuck",0.97,Nuclear
"literal dammit",0.98,Nuclear
"plz quit exhausting",0.97,Nuclear
"ridiculous npc",0.97,Nuclear
"kill urself fck trolling",0.98,Nuclear
"get out fok insane",0.97,Nuclear
"trashy had enough clown",0.98,Nuclear
"leave lmao",0.99,Nuclear
"get out exhausting",0.98,Nuclear
"disgusting ridiculous bastard",0.99,Nuclear
"pointless freak",0.99,Nuclear
"mfing miserable waste",0.98,Nuclear
"f _u_ck over",0.97,Nuclear
"insane gg next",0.97,Nuclear
"insane insane",0.98,Nuclear
"omfg",0.99,Nuclear
"fuking dammit imbecile",0.97,Nuclear
"literal crap",0.99,Nuclear
"done for animal",0.99,Nuclear
"useless slut",0.98,Nuclear
"uninstall disgusting log off",0.97,Nuclear
"fcked shit",0.98,Nuclear
"f.u.c.k give up",0.99,Nuclear
"shutup f _u_ck cooked",0.99,Nuclear
"fuking checking out",0.98,Nuclear
"cry more delusional washed",0.98,Nuclear
"cope fuk ridiculous",0.99,Nuclear
"seethe toxic",0.98,Nuclear
"ggs ape",0.99,Nuclear
"useless cooked waste",0.99,Nuclear
"trashy logging out bastard",0.98,Nuclear
"end dick",0.98,Nuclear
"nonsense hardstuck",0.98,Nuclear
"delete game joke",0.97,Nuclear
"disgusting waste",0.97,Nuclear
"f k i n g no more",0.98,Nuclear
"fking peace out feeder",0.97,Nuclear
"get out f.u.c.k disgusting",0.97,Nuclear
"fkng garbage",0.98,Nuclear
"cooked slut",0.98,Nuclear
"im leaving mong",0.97,Nuclear
"cringe wrap it up griefer",0.98,Nuclear
"trashy i give up freak",0.98,Nuclear
"gtfo braindead deleting",0.98,Nuclear
"fcking terrible",0.98,Nuclear
"cope im done",0.98,Nuclear
"phuck troll animal",0.99,Nuclear
"malding hardstuck",0.98,Nuclear
"bruh mong",0.98,Nuclear
"vile disgusting bozo",0.98,Nuclear
"ff cant take it",0.97,Nuclear
"plz quit mentally ill its over",0.99,Nuclear
"get out useless pathetic",0.98,Nuclear
"choke phucking done for",0.98,Nuclear
"please",0.98,Nuclear
"f*cking cooked bronze",0.98,Nuclear
"phuck tragic shitter",0.98,Nuclear
"f _u_ck tilt",0.99,Nuclear
"fucking gg next waste",0.97,Nuclear
"fucked im retiring",0.98,Nuclear
"bullshit walking away",0.98,Nuclear
"im done bot",0.97,Nuclear
"cry more go fck stepping away",0.97,Nuclear
"mfing lmao scum",0.99,Nuclear
"f -u c-k insane animal",0.98,Nuclear
"fvck walking away loser",0.98,Nuclear
"fucking cooked",0.98,Nuclear
"delete game fookin im gone",0.98,Nuclear
"gtfo f_cking please",0.98,Nuclear
"go next meaningless",0.98,Nuclear
"chalked random",0.98,Nuclear
"phuck gg next",0.98,Nuclear
"f -u c-k wild bastard",0.98,Nuclear
"trolling",0.98,Nuclear
"cant anymore npc",0.97,Nuclear
"motherfucking had enough",0.98,Nuclear
"choke fok ggs",0.97,Nuclear
"quit cringe shit",0.99,Nuclear
"log off fuck crap",0.97,Nuclear
"disgusting idiot",0.99,Nuclear
"cringe please garbage",0.98,Nuclear
"fckng washed",0.98,Nuclear
"fok ridiculous ape",0.97,Nuclear
"shitty nonsense",0.97,Nuclear
"useless trolling",0.97,Nuclear
"f**k insane",0.99,Nuclear
"dodge fook braindead",0.97,Nuclear
"cancerous walking away tumor",0.98,Nuclear
"insane lmao subhuman",0.97,Nuclear
"chalked bastard",0.99,Nuclear
"cant anymore imbecile",0.98,Nuclear
"mfing ggs",0.99,Nuclear
"f*cking done",0.98,Nuclear
"useless prick",0.98,Nuclear
"fukk toxic",0.98,Nuclear
"damn",0.99,Nuclear
"f_cking broken autist",0.99,Nuclear
"kys shut it down",0.98,Nuclear
"i give up slut",0.97,Nuclear
"neck urself mfing end it all",0.99,Nuclear
"fuking sht dog",0.97,Nuclear
"cope fckng dammit",0.99,Nuclear
"kill urself f -u c-k pull the plug",0.99,Nuclear
"sit f _u_ck cant take it",0.98,Nuclear
"phucking fuck scum",0.97,Nuclear
"go next cant anymore",0.98,Nuclear
"sit dogshit why",0.99,Nuclear
"go fck done for random",0.97,Nuclear
"had enough",0.97,Nuclear
"fuking crazy moron",0.97,Nuclear
"quit fck exhausting",0.97,Nuclear
"touch grass wild",0.98,Nuclear
"disgusting shitter",0.97,Nuclear
"horseshit shut it down whore",0.98,Nuclear
"end subhuman",0.99,Nuclear
"literal sht garbage",0.98,Nuclear
"get out fucker crazy",0.97,Nuclear
"f k i n g chalked ape",0.98,Nuclear
"go next fucked tilted",0.97,Nuclear
"shutup fuk im out",0.97,Nuclear
"sit no more",0.98,Nuclear
"go next just end",0.98,Nuclear
"absolute over",0.98,Nuclear
"go next f -u c-k unlucky",0.98,Nuclear
"motherfucking checking out scum",0.97,Nuclear
"f**k just stop",0.98,Nuclear
"lmao dick",0.98,Nuclear
"washed autist",0.98,Nuclear
"quit im leaving",0.98,Nuclear
"touch grass pull the plug",0.98,Nuclear
"mentally ill log off bronze",0.98,Nuclear
"pathetic washed",0.99,Nuclear
"unreal uninstalling freak",0.99,Nuclear
"checking out clown",0.97,Nuclear
"end griefer",0.99,Nuclear
"im out dick",0.97,Nuclear
"phucking tragic",0.98,Nuclear
"cooked npc",0.97,Nuclear
"trashy why",0.99,Nuclear
"bs shitter",0.98,Nuclear
"go next unreal insane",0.99,Nuclear
"log off logging out",0.97,Nuclear
"cancerous done",0.99,Nuclear
"neck urself f k i n g braindead",0.98,Nuclear
"fkk wild scum",0.98,Nuclear
"f.u.c.k dammit",0.98,Nuclear
"f k i n g checking out",0.99,Nuclear
"ff f k i n g ridiculous",0.98,Nuclear
"fcking im retiring",0.98,Nuclear
"fucking tilt bitch",0.99,Nuclear
"shut up mentally ill washed",0.99,Nuclear
"choke fck wrap it up",0.99,Nuclear
"horseshit im done",0.98,Nuclear
"go fck cooked prick",0.97,Nuclear
"cry more f*cking end it all",0.98,Nuclear
"fuking done for kid",0.99,Nuclear
"shutup braindead fuck",0.98,Nuclear
"shutup done",0.98,Nuclear
"exhausting imbecile",0.97,Nuclear
"f**king had enough",0.97,Nuclear
"f u c k i n g disgusting",0.97,Nuclear
"shit troll",0.99,Nuclear
"quit done",0.99,Nuclear
"pull the plug scum",0.98,Nuclear
"log off fukk bruh",0.97,Nuclear
"fok why ape",0.98,Nuclear
"shitty exhausting subhuman",0.98,Nuclear
"f*ck end",0.98,Nuclear
"fking cooked",0.97,Nuclear
"leave peace out",0.98,Nuclear
"miserable idiot",0.98,Nuclear
"kill urself done",0.98,Nuclear
"phuck meaningless cancer",0.98,Nuclear
"ggs noob",0.98,Nuclear
"fookin stop",0.98,Nuclear
"plz quit over",0.97,Nuclear
"get out phucking insane",0.97,Nuclear
"cry more dammit",0.98,Nuclear
"kill urself dead",0.98,Nuclear
"drop dead washed",0.97,Nuclear
"trashy im quitting",0.99,Nuclear
"vile dammit",0.98,Nuclear
"shut it down slut",0.98,Nuclear
"f**king worst",0.97,Nuclear
"f.u.c.k cooked cancer",0.99,Nuclear
"fcking its over",0.99,Nuclear
"stfu f.u.c.k washed",0.97,Nuclear
"get out peace out",0.97,Nuclear
"gtfo vile im quitting",0.99,Nuclear
"cry more im out",0.99,Nuclear
"toxic meaningless dog",0.99,Nuclear
"shut it down prick",0.98,Nuclear
"wtf shitter",0.98,Nuclear
"trashy disgusting bozo",0.99,Nuclear
"disgusting lmao dog",0.97,Nuclear
"get out f-u-c-k just stop",0.98,Nuclear
"fok done for mong",0.97,Nuclear
"quit go fck damn",0.99,Nuclear
"go fck its over",0.98,Nuclear
"f**king gg next",0.97,Nuclear
"shitty tilted",0.98,Nuclear
"kill urself f u c k i n g meaningless",0.98,Nuclear
"f-k-i-n-g cooked",0.98,Nuclear
"actual i give up bronze",0.99,Nuclear
"insane garbage",0.98,Nuclear
"fookin washed",0.98,Nuclear
"give up tumor",0.98,Nuclear
"vile wack pussy",0.98,Nuclear
"f_cking awful",0.99,Nuclear
"go next washed",0.98,Nuclear
"get out fkng over it",0.99,Nuclear
"fcking sht",0.98,Nuclear
"kys fuk joke",0.97,Nuclear
"make it stop cunt",0.99,Nuclear
"gtfo mfing bullshit",0.97,Nuclear
"neck urself f u c k i n g sht",0.97,Nuclear
"phucking im retiring feeder",0.98,Nuclear
"neck urself motherfucking washed",0.99,Nuclear
"go fk im retiring",0.98,Nuclear
"delete game fucked omfg",0.98,Nuclear
"f_cking fck",0.99,Nuclear
"dodge cooked",0.97,Nuclear
"kys f _u_ck chalked",0.97,Nuclear
"washed imbecile",0.97,Nuclear
"useless im leaving imbecile",0.98,Nuclear
"fok im out",0.98,Nuclear
"fkk done for subhuman",0.98,Nuclear
"fckng tragic bozo",0.98,Nuclear
"fukking peace out imbecile",0.98,Nuclear
"vile fuck mong",0.97,Nuclear
"delusional no more whore",0.97,Nuclear
"kill urself fuk wack",0.97,Nuclear
"choke f_u_c_k stop",0.98,Nuclear
"fkk horrible tumor",0.98,Nuclear
"done troll",0.98,Nuclear
"fok sht trash",0.97,Nuclear
"get out horseshit over it",0.99,Nuclear
"log off fucking pull the plug",0.98,Nuclear
"quit troll",0.97,Nuclear
"fvcking washed feeder",0.98,Nuclear
"shitty over ape",0.97,Nuclear
"vile shut it down",0.97,Nuclear
"kys horseshit washed",0.97,Nuclear
"dogshit stop imbecile",0.99,Nuclear
"give up prick",0.98,Nuclear
"delete game cant take it",0.99,Nuclear
"fckng peace out",0.99,Nuclear
"f.u.c.k bruh",0.99,Nuclear
"cope useless i give up",0.99,Nuclear
"vile its over dog",0.98,Nuclear
"kill urself fok im retiring",0.98,Nuclear
"phucking sht bot",0.98,Nuclear
"leave fookin lmao",0.98,Nuclear
"get out cancerous cant anymore",0.97,Nuclear
"seethe fucked tragic",0.99,Nuclear
"phuck bs bozo",0.97,Nuclear
"shitty washed noob",0.99,Nuclear
"uninstall peace out",0.98,Nuclear
"f**king finished",0.98,Nuclear
"fuking chalked",0.98,Nuclear
"stfu go fck omfg",0.98,Nuclear
"give up bot",0.99,Nuclear
"f_u_c_k nonsense bastard",0.99,Nuclear
"kys over",0.98,Nuclear
"uninstall go fck bullshit",0.98,Nuclear
"unreal end",0.98,Nuclear
"cope f_u_c_k over it",0.99,Nuclear
"fucking cooked ape",0.99,Nuclear
"cry more unreal trolling",0.99,Nuclear
"damn waste",0.98,Nuclear
"f -u c-k washed shitter",0.98,Nuclear
"go fck checking out noob",0.98,Nuclear
"f**k log off",0.98,Nuclear
"horrible autist",0.99,Nuclear
"ff f**k tragic",0.97,Nuclear
"over clown",0.99,Nuclear
"fucker dead npc",0.97,Nuclear
"go fck make it stop npc",0.97,Nuclear
"cancerous nonsense garbage",0.97,Nuclear
"touch grass f u c k i n g hell",0.98,Nuclear
"pathetic walking away braindead",0.98,Nuclear
"f-u-c-k stop",0.99,Nuclear
"sit fckn im done",0.98,Nuclear
"drop dead tragic",0.98,Nuclear
"ff lmao",0.99,Nuclear
"done for garbage",0.98,Nuclear
"f_cking useless bitch",0.98,Nuclear
"touch grass fuking walking away",0.99,Nuclear
"pull the plug bronze",0.97,Nuclear
"toxic retard",0.97,Nuclear
"f_u_c_k gg next cancer",0.97,Nuclear
"kill urself f u c k malding",0.99,Nuclear
"go next chalked",0.99,Nuclear
"fuk exhausting subhuman",0.97,Nuclear
"delusional pathetic animal",0.98,Nuclear
"f*ck bullshit pussy",0.98,Nuclear
"cry more end",0.98,Nuclear
"shutup literal cant anymore",0.99,Nuclear
"delete game bullshit",0.99,Nuclear
"alt f4 chalked",0.98,Nuclear
"toxic why",0.97,Nuclear
"insane scum",0.98,Nuclear
"phuck im gone",0.98,Nuclear
"shut up f*ck insane",0.98,Nuclear
"ff fuking uninstalling",0.98,Nuclear
"fukk troll",0.97,Nuclear
"bullshit prick",0.98,Nuclear
"fckn worst npc",0.98,Nuclear
"tilt troll",0.97,Nuclear
"f k i n g disgusting bastard",0.98,Nuclear
"im quitting dog",0.98,Nuclear
"plz quit f k i n g bullshit",0.99,Nuclear
"ff fuk terrible",0.97,Nuclear
"fuking im retiring",0.98,Nuclear
"f u c k cooked mong",0.97,Nuclear
"vile unlucky troll",0.99,Nuclear
"stfu had enough",0.98,Nuclear
"fuck cooked",0.97,Nuclear
"alt f4 troll",0.98,Nuclear
"over it dick",0.98,Nuclear
"alt f4 fuk damn",0.98,Nuclear
"fookin shit waste",0.98,Nuclear
"delusional wrap it up dick",0.98,Nuclear
"pathetic stepping away dog",0.97,Nuclear
"drop dead mentally ill why",0.99,Nuclear
"stfu f_cking disgusting",0.99,Nuclear
"bs noob",0.99,Nuclear
"fucked im retiring bozo",0.98,Nuclear
"actual peace out",0.97,Nuclear
"alt f4 give up",0.98,Nuclear
"leave fukk gg",0.98,Nuclear
"bullshit peace out scum",0.97,Nuclear
"trash noob",0.97,Nuclear
"fvcking end mong",0.99,Nuclear
"absolute please waste",0.97,Nuclear
"fking ridiculous feeder",0.98,Nuclear
"leave literal bs",0.98,Nuclear
"shut up fucked checking out",0.98,Nuclear
"stfu trolling",0.98,Nuclear
"phuck stop",0.97,Nuclear
"log off f*cking bullshit",0.98,Nuclear
"fking tragic imbecile",0.98,Nuclear
"dogshit im retiring hardstuck",0.99,Nuclear
"kys fckn done for",0.97,Nuclear
"fok ridiculous",0.98,Nuclear
"choke f.u.c.k bs",0.98,Nuclear
"go fk end hardstuck",0.98,Nuclear
"f_u_c_k useless idiot",0.98,Nuclear
"go next f*ck deleting",0.98,Nuclear
"choke braindead i give up",0.98,Nuclear
"log off make it stop",0.97,Nuclear
"useless bs",0.97,Nuclear
"plz quit useless",0.99,Nuclear
"plz quit shitty ggs",0.97,Nuclear
"disgusting terrible garbage",0.99,Nuclear
"washed trash",0.97,Nuclear
"log off fck",0.98,Nuclear
"kill urself fker pathetic",0.98,Nuclear
"leave f -u c-k crap",0.99,Nuclear
"log off fkk cooked",0.98,Nuclear
"cope cancerous im retiring",0.97,Nuclear
"cry more logging out",0.97,Nuclear
"fckn im out noob",0.98,Nuclear
"sit dogshit peace out",0.98,Nuclear
"quit fukk make it stop",0.99,Nuclear
"delete game motherfucking gg next",0.98,Nuclear
"delete game f**k just stop",0.98,Nuclear
"choke stop",0.98,Nuclear
"unreal why",0.97,Nuclear
"end scum",0.97,Nuclear
"drop dead joke",0.98,Nuclear
"drop dead end it all",0.98,Nuclear
"fuking shit iron",0.98,Nuclear
"quit fker tragic",0.99,Nuclear
"gg next",0.99,Nuclear
"quit washed",0.98,Nuclear
"quit fkk meaningless",0.98,Nuclear
"quit fook uninstalling",0.98,Nuclear
"logging out griefer",0.98,Nuclear
"quit fok tilted",0.99,Nuclear
"kys f-u-c-k joke",0.98,Nuclear
"shutup insane pointless",0.97,Nuclear
"ff fuck toxic",0.98,Nuclear
"f_cking give up ape",0.98,Nuclear
"seethe wrap it up",0.98,Nuclear
"shutup uninstalling",0.99,Nuclear
"insane shitter",0.98,Nuclear
"fvcking im retiring garbage",0.99,Nuclear
"f -u c-k bullshit",0.98,Nuclear
"leave worst",0.98,Nuclear
"shitty done",0.98,Nuclear
"disgusting i give up",0.98,Nuclear
"dodge cringe tragic",0.98,Nuclear
"fookin done whore",0.99,Nuclear
"kill urself toxic im gone",0.98,Nuclear
"wtf slut",0.98,Nuclear
"kill urself toxic",0.97,Nuclear
"drop dead f-k-i-n-g make it stop",0.99,Nuclear
"uninstall pathetic",0.98,Nuclear
"stop waste",0.99,Nuclear
"log off horrible",0.97,Nuclear
"kys f.u.c.k i give up",0.97,Nuclear
"fck exhausting feeder",0.98,Nuclear
"fuck braindead",0.98,Nuclear
"fvcking logging out idiot",0.97,Nuclear
"trolling idiot",0.97,Nuclear
"f*cking im out",0.97,Nuclear
"ridiculous bastard",0.99,Nuclear
"fok why",0.97,Nuclear
"kys fok pathetic",0.98,Nuclear
"delusional tilt hardstuck",0.98,Nuclear
"fcking joke",0.97,Nuclear
"disgusting im gone",0.97,Nuclear
"shut up f u c k i n g braindead",0.97,Nuclear
"f u c k checking out",0.98,Nuclear
"fker logging out freak",0.99,Nuclear
"end animal",0.98,Nuclear
"bruh random",0.99,Nuclear
"phucking over ape",0.98,Nuclear
"fucked cooked bozo",0.99,Nuclear
"dodge bullshit",0.98,Nuclear
"cry more phuck done",0.98,Nuclear
"get cancer cancerous malding",0.98,Nuclear
"cope cringe end",0.97,Nuclear
"pull the plug noob",0.99,Nuclear
"miserable bozo",0.98,Nuclear
"uninstalling waste",0.98,Nuclear
"motherfucking tragic npc",0.98,Nuclear
"motherfucking miserable",0.99,Nuclear
"ff go fck washed",0.97,Nuclear
"log off shitty gg",0.99,Nuclear
"go fck fuck slut",0.97,Nuclear
"f -u c-k unlucky",0.98,Nuclear
"hell loser",0.97,Nuclear
"miserable braindead",0.99,Nuclear
"seethe f_cking awful",0.97,Nuclear
"f-u-c-k worst",0.98,Nuclear
"f u c k i n g deleting bot",0.97,Nuclear
"quit phuck just end",0.98,Nuclear
"go next fucked joke",0.99,Nuclear
"log off cancer",0.97,Nuclear
"dodge fukk washed",0.99,Nuclear
"worthless unlucky tumor",0.99,Nuclear
"stepping away clown",0.97,Nuclear
"shut it down bozo",0.99,Nuclear
"fuking dammit bastard",0.99,Nuclear
"gtfo im gone",0.99,Nuclear
"phuck bullshit prick",0.98,Nuclear
"shut it down kid",0.99,Nuclear
"disgusting braindead",0.98,Nuclear
"disgusting bs",0.98,Nuclear
"literal washed bronze",0.97,Nuclear
"f-k-i-n-g crazy",0.99,Nuclear
"phuck exhausting cunt",0.97,Nuclear
"bs scum",0.98,Nuclear
"motherfucking pathetic",0.99,Nuclear
"gg dick",0.98,Nuclear
"trashy no more",0.98,Nuclear
"delete game horseshit insane",0.97,Nuclear
"shut up im out",0.97,Nuclear
"leave f_u_c_k lmao",0.98,Nuclear
"fker tilted noob",0.99,Nuclear
"washed hardstuck",0.98,Nuclear
"malding loser",0.98,Nuclear
"sit wild",0.97,Nuclear
"f.u.c.k crazy griefer",0.98,Nuclear
"fker over it",0.98,Nuclear
"drop dead delusional give up",0.98,Nuclear
"fucker sht loser",0.99,Nuclear
"hell dick",0.98,Nuclear
"actual give up feeder",0.99,Nuclear
"shut up f*cking deleting",0.97,Nuclear
"literal logging out trash",0.98,Nuclear
"stfu awful",0.99,Nuclear
"cry more braindead had enough",0.98,Nuclear
"fvck joke",0.99,Nuclear
"neck urself fvcking fck",0.99,Nuclear
"fucking sht",0.97,Nuclear
"fvcking wack",0.98,Nuclear
"delusional fck",0.97,Nuclear
"get cancer over",0.99,Nuclear
"fook nonsense",0.98,Nuclear
"fvck nonsense",0.98,Nuclear
"get cancer please",0.98,Nuclear
"cry more make it stop",0.97,Nuclear
"kill urself fucker checking out",0.97,Nuclear
"delete game nonsense",0.99,Nuclear
"shut up crazy",0.98,Nuclear
"fvck wtf tumor",0.98,Nuclear
"delusional wild",0.98,Nuclear
"fok omfg",0.98,Nuclear
"braindead noob",0.98,Nuclear
"drop dead fuck",0.99,Nuclear
"shutup fuck",0.97,Nuclear
"fking lmao",0.99,Nuclear
"shutup its over",0.98,Nuclear
"f_u_c_k garbage subhuman",0.97,Nuclear
"gg next hardstuck",0.97,Nuclear
"f -u c-k just stop",0.97,Nuclear
"uninstall cancerous ridiculous",0.98,Nuclear
"log off worst",0.98,Nuclear
"cry more f*cking joke",0.97,Nuclear
"wild griefer",0.98,Nuclear
"terrible waste",0.98,Nuclear
"kill urself trashy logging out",0.98,Nuclear
"shut up cancerous garbage",0.98,Nuclear
"trashy chalked iron",0.98,Nuclear
"sit useless",0.99,Nuclear
"peace out bozo",0.98,Nuclear
"had enough bastard",0.99,Nuclear
"fckn worst mong",0.99,Nuclear
"fucking crap cunt",0.98,Nuclear
"f_u_c_k cant take it moron",0.98,Nuclear
"touch grass f-k-i-n-g im done",0.98,Nuclear
"bullshit ape",0.98,Nuclear
"brainless done dick",0.98,Nuclear
"get cancer f -u c-k dammit",0.99,Nuclear
"fuking washed",0.98,Nuclear
"malding imbecile",0.98,Nuclear
"ff fookin done",0.99,Nuclear
"motherfucking unlucky",0.98,Nuclear
"f-k-i-n-g done",0.98,Nuclear
"log off absolute gg",0.98,Nuclear
"logging out kid",0.98,Nuclear
"delete game brainless just end",0.97,Nuclear
"shutup fukk wack",0.98,Nuclear
"shut up trashy washed",0.98,Nuclear
"phucking ggs",0.98,Nuclear
"dodge brainless its over",0.98,Nuclear
"seethe mentally ill disgusting",0.99,Nuclear
"gtfo toxic just end",0.99,Nuclear
"leave fckn shut it down",0.97,Nuclear
"shutup fckng its over",0.98,Nuclear
"checking out freak",0.99,Nuclear
"f u c k nonsense idiot",0.98,Nuclear
"drop dead im done",0.99,Nuclear
"motherfucking finished hardstuck",0.99,Nuclear
"ff f u c k deleting",0.97,Nuclear
"trolling ape",0.98,Nuclear
"fookin walking away dog",0.97,Nuclear
"stfu im quitting",0.98,Nuclear
"over whore",0.98,Nuclear
"vile crap noob",0.99,Nuclear
"f*cking unlucky animal",0.98,Nuclear
"neck urself wrap it up",0.98,Nuclear
"unlucky trash",0.99,Nuclear
"fckn insane",0.98,Nuclear
"fucked ggs freak",0.98,Nuclear
"alt f4 fuking wrap it up",0.98,Nuclear
"alt f4 unreal trash",0.97,Nuclear
"shut up done",0.97,Nuclear
"delete game fking im done",0.98,Nuclear
"shutup phucking dammit",0.98,Nuclear
"f _u_ck fck scum",0.99,Nuclear
"get cancer cringe bruh",0.97,Nuclear
"fuck gg next moron",0.97,Nuclear
"f -u c-k toxic bot",0.98,Nuclear
"kill urself why",0.98,Nuclear
"shut it down cancer",0.97,Nuclear
"dogshit checking out",0.98,Nuclear
"delete game fck",0.99,Nuclear
"please waste",0.97,Nuclear
"alt f4 toxic checking out",0.98,Nuclear
"delete game actual please",0.98,Nuclear
"fkk pathetic",0.97,Nuclear
"fck broken",0.97,Nuclear
"vile logging out idiot",0.98,Nuclear
"stfu mentally ill pathetic",0.97,Nuclear
"fook make it stop",0.97,Nuclear
"done for loser",0.98,Nuclear
"no more cunt",0.97,Nuclear
"disgusting trash",0.99,Nuclear
"shutup f_u_c_k unlucky",0.99,Nuclear
"fuck bozo",0.99,Nuclear
"meaningless animal",0.98,Nuclear
"quit shitty bs",0.99,Nuclear
"stfu fkk cooked",0.98,Nuclear
"mfing im leaving bronze",0.97,Nuclear
"done iron",0.97,Nuclear
"f*cking broken",0.99,Nuclear
"seethe why",0.97,Nuclear
"get cancer cant take it",0.97,Nuclear
"kys f*ck end it all",0.99,Nuclear
"alt f4 phucking i give up",0.97,Nuclear
"done trash",0.99,Nuclear
"sit f -u c-k logging out",0.97,Nuclear
"alt f4 im gone",0.97,Nuclear
"f u c k i n g insane",0.98,Nuclear
"pathetic cunt",0.99,Nuclear
"cope horseshit shut it down",0.98,Nuclear
"cope ggs",0.98,Nuclear
"shutup pull the plug",0.99,Nuclear
"cancerous dead troll",0.98,Nuclear
"choke braindead im leaving",0.99,Nuclear
"delete game fckn hell",0.97,Nuclear
"awful",0.98,Nuclear
"miserable dog",0.98,Nuclear
"touch grass f**king useless",0.98,Nuclear
"leave finished",0.98,Nuclear
"get out fcked lmao",0.98,Nuclear
"get cancer just end",0.97,Nuclear
"choke vile ggs",0.97,Nuclear
"fvcking sht",0.98,Nuclear
"fking done for",0.97,Nuclear
"fkk uninstalling idiot",0.99,Nuclear
"get cancer terrible",0.98,Nuclear
"fuck chalked",0.98,Nuclear
"fucker crap animal",0.99,Nuclear
"alt f4 fkk im leaving",0.98,Nuclear
"tragic imbecile",0.97,Nuclear
"absolute awful autist",0.97,Nuclear
"gtfo trashy just stop",0.97,Nuclear
"kill urself f-k-i-n-g exhausting",0.98,Nuclear
"seethe its over",0.99,Nuclear
"seethe fuking im quitting",0.99,Nuclear
"shitty checking out griefer",0.98,Nuclear
"shutup pathetic done",0.98,Nuclear
"fuk just end prick",0.98,Nuclear
"delete game braindead ggs",0.98,Nuclear
"choke worthless tilted",0.97,Nuclear
"plz quit cancerous horrible",0.97,Nuclear
"f k i n g wild",0.97,Nuclear
"fuking insane",0.98,Nuclear
"gtfo miserable",0.99,Nuclear
"f*cking uninstalling",0.98,Nuclear
"disgusting why waste",0.99,Nuclear
"miserable dick",0.99,Nuclear
"neck urself its over",0.97,Nuclear
"horseshit end it all prick",0.99,Nuclear
"f u c k i n g ridiculous",0.99,Nuclear
"pull the plug random",0.99,Nuclear
"fcking stop random",0.98,Nuclear
"kill urself fkk braindead",0.98,Nuclear
"fking i give up cunt",0.98,Nuclear
"f.u.c.k malding whore",0.98,Nuclear
"uninstall f**king had enough",0.98,Nuclear
"log off stop",0.99,Nuclear
"f u c k i n g crap noob",0.97,Nuclear
"tilt slut",0.99,Nuclear
"fok tilted random",0.99,Nuclear
"plz quit pathetic bullshit",0.99,Nuclear
"choke cancerous worst",0.98,Nuclear
"done for bronze",0.98,Nuclear
"bullshit gg next",0.99,Nuclear
"lmao npc",0.97,Nuclear
"cancerous pathetic",0.98,Nuclear
"dodge f u c k cooked",0.98,Nuclear
"cringe horrible cancer",0.98,Nuclear
"trashy im out retard",0.98,Nuclear
"cry more wack",0.98,Nuclear
"fookin wrap it up",0.97,Nuclear
"drop dead phuck stepping away",0.98,Nuclear
"insane tragic",0.98,Nuclear
"fuck logging out iron",0.98,Nuclear
"joke npc",0.97,Nuclear
"touch grass over",0.98,Nuclear
"kys brainless chalked",0.97,Nuclear
"stfu tragic",0.99,Nuclear
"fok exhausting dog",0.98,Nuclear
"fook stop",0.98,Nuclear
"fucker im out freak",0.98,Nuclear
"fook ridiculous",0.98,Nuclear
"fker garbage",0.97,Nuclear
"sht feeder",0.97,Nuclear
"neck urself fuking dammit",0.98,Nuclear
"wrap it up slut",0.98,Nuclear
"shut up fck hell",0.97,Nuclear
"sit fcked cooked",0.98,Nuclear
"toxic slut",0.99,Nuclear
"omfg troll",0.99,Nuclear
"plz quit trolling",0.97,Nuclear
"cope crazy",0.98,Nuclear
"actual why npc",0.98,Nuclear
"fuck shit waste",0.98,Nuclear
"worthless dead noob",0.97,Nuclear
"cry more omfg",0.98,Nuclear
"worthless cooked",0.98,Nuclear
"dodge go fk logging out",0.97,Nuclear
"fker no more slut",0.97,Nuclear
"sit fkng just stop",0.98,Nuclear
"fucking wild",0.97,Nuclear
"checking out animal",0.98,Nuclear
"pull the plug troll",0.98,Nuclear
"leave gg",0.98,Nuclear
"washed bronze",0.99,Nuclear
"shit garbage",0.98,Nuclear
"kill urself f-u-c-k sht",0.99,Nuclear
"f k i n g miserable",0.97,Nuclear
"finished scum",0.97,Nuclear
"walking away troll",0.99,Nuclear
"trashy exhausting",0.99,Nuclear
"done slut",0.98,Nuclear
"dodge actual cant anymore",0.97,Nuclear
"get cancer mentally ill its over",0.98,Nuclear
"trolling slut",0.97,Nuclear
"get out unreal chalked",0.98,Nuclear
"drop dead deleting",0.97,Nuclear
"gtfo crazy",0.99,Nuclear
"disgusting just end bozo",0.98,Nuclear
"mfing hell idiot",0.97,Nuclear
"f_ck useless kid",0.99,Nuclear
"seethe chalked",0.99,Nuclear
"f_cking no more",0.97,Nuclear
"go next fcking awful",0.97,Nuclear
"braindead tragic whore",0.99,Nuclear
"ff go fk disgusting",0.98,Nuclear
"fcked trolling iron",0.98,Nuclear
"why feeder",0.97,Nuclear
"fking ggs",0.98,Nuclear
"ff unlucky",0.98,Nuclear
"fkk end it all",0.99,Nuclear
"go next mentally ill im gone",0.97,Nuclear
"had enough cancer",0.98,Nuclear
"phuck ridiculous kid",0.99,Nuclear
"log off vile shit",0.98,Nuclear
"drop dead sht",0.97,Nuclear
"crap dog",0.98,Nuclear
"shut up im leaving",0.98,Nuclear
"peace out autist",0.98,Nuclear
"insane deleting",0.99,Nuclear
"neck urself stepping away",0.97,Nuclear
"f _u_ck pathetic",0.98,Nuclear
"quit fckng bruh",0.99,Nuclear
"get cancer fukk wild",0.98,Nuclear
"quit mfing trolling",0.97,Nuclear
"horseshit shit autist",0.98,Nuclear
"kill urself vile had enough",0.98,Nuclear
"toxic chalked shitter",0.98,Nuclear
"go fck dead",0.98,Nuclear
"seethe cooked",0.97,Nuclear
"vile cooked braindead",0.98,Nuclear
"fckng braindead",0.99,Nuclear
"literal done for griefer",0.98,Nuclear
"f u c k i n g dead tumor",0.97,Nuclear
"choke f u c k i n g washed",0.98,Nuclear
"uninstall go fk ridiculous",0.99,Nuclear
"shutup f*ck its over",0.98,Nuclear
"toxic make it stop",0.98,Nuclear
"cancerous toxic braindead",0.97,Nuclear
"choke horseshit broken",0.97,Nuclear
"dodge unlucky",0.98,Nuclear
"actual ggs",0.99,Nuclear
"fukk end",0.98,Nuclear
"fkng finished mong",0.98,Nuclear
"mfing insane",0.97,Nuclear
"quit make it stop",0.98,Nuclear
"uninstall useless tilt",0.98,Nuclear
"bruh bot",0.97,Nuclear
"go fk crap",0.99,Nuclear
"log off dogshit no more",0.97,Nuclear
"fookin stepping away",0.99,Nuclear
"drop dead chalked",0.98,Nuclear
"just end clown",0.98,Nuclear
"touch grass f*cking washed",0.98,Nuclear
"f u c k just stop",0.97,Nuclear
"disgusting meaningless bozo",0.99,Nuclear
"malding bozo",0.97,Nuclear
"exhausting feeder",0.98,Nuclear
"cry more insane done",0.97,Nuclear
"f**k crap mong",0.98,Nuclear
"delete game delusional broken",0.97,Nuclear
"fcking finished",0.98,Nuclear
"kys just stop",0.99,Nuclear
"trash slut",0.98,Nuclear
"get cancer lmao",0.97,Nuclear
"drop dead fook wack",0.98,Nuclear
"fuking trash pussy",0.98,Nuclear
"nonsense feeder",0.98,Nuclear
"dodge fucking cant anymore",0.98,Nuclear
"f**k terrible",0.98,Nuclear
"absolute bs",0.98,Nuclear
"f-k-i-n-g stop dick",0.97,Nuclear
"f u c k i n g ggs slut",0.99,Nuclear
"fvck washed",0.97,Nuclear
"sit fvcking cant anymore",0.98,Nuclear
"literal awful freak",0.99,Nuclear
"choke miserable",0.97,Nuclear
"cringe toxic",0.97,Nuclear
"kill urself vile washed",0.98,Nuclear
"dodge f**king checking out",0.97,Nuclear
"fvck damn bot",0.99,Nuclear
"neck urself walking away",0.98,Nuclear
"absolute end it all animal",0.98,Nuclear
"log off washed",0.98,Nuclear
"vile over it",0.98,Nuclear
"pathetic pull the plug bot",0.98,Nuclear
"f_u_c_k shit",0.99,Nuclear
"go fk checking out iron",0.97,Nuclear
"stfu im out",0.99,Nuclear
"bullshit its over freak",0.99,Nuclear
"f u c k ggs bastard",0.98,Nuclear
"joke slut",0.99,Nuclear
"go next wrap it up",0.98,Nuclear
"get cancer wrap it up",0.98,Nuclear
"im done retard",0.99,Nuclear
"go fk i give up mong",0.97,Nuclear
"f*cking wack imbecile",0.98,Nuclear
"bullshit just stop trash",0.98,Nuclear
"unreal gg next dick",0.98,Nuclear
"fucked shit kid",0.99,Nuclear
"cope disgusting nonsense",0.98,Nuclear
"insane braindead braindead",0.97,Nuclear
"touch grass fcked joke",0.97,Nuclear
"bullshit animal",0.97,Nuclear
"f*ck tilt",0.99,Nuclear
"sit pathetic unlucky",0.98,Nuclear
"delusional horrible",0.97,Nuclear
"fck garbage",0.98,Nuclear
"worthless disgusting whore",0.98,Nuclear
"horseshit horrible subhuman",0.97,Nuclear
"motherfucking gg next troll",0.97,Nuclear
"get out cancerous deleting",0.99,Nuclear
"fukking unlucky",0.97,Nuclear
"delete game make it stop",0.98,Nuclear
"neck urself done for",0.98,Nuclear
"unreal sht npc",0.98,Nuclear
"gtfo braindead tragic",0.98,Nuclear
"shut up braindead dead",0.99,Nuclear
"fookin crap loser",0.98,Nuclear
"toxic hell",0.97,Nuclear
"f*cking miserable",0.98,Nuclear
"sit ggs",0.98,Nuclear
"cope toxic braindead",0.99,Nuclear
"cancerous trolling",0.98,Nuclear
"dodge awful",0.98,Nuclear
"shutup useless",0.99,Nuclear
"ff tragic",0.98,Nuclear
"phucking gg",0.97,Nuclear
"f_u_c_k wrap it up",0.98,Nuclear
"cope im gone",0.99,Nuclear
"drop dead lmao",0.98,Nuclear
"end it all clown",0.97,Nuclear
"over it bot",0.99,Nuclear
"fucking shut it down pussy",0.98,Nuclear
"cry more f-k-i-n-g please",0.98,Nuclear
"fkk finished dog",0.99,Nuclear
"get cancer fucking gg",0.98,Nuclear
"f-k-i-n-g shit",0.97,Nuclear
"kill urself im quitting",0.97,Nuclear
"delete game im out",0.99,Nuclear
"get out f_cking awful",0.98,Nuclear
"dogshit im done kid",0.97,Nuclear
"uninstall cooked",0.97,Nuclear
"fukking deleting",0.99,Nuclear
"kys wild",0.98,Nuclear
"f _u_ck horrible troll",0.98,Nuclear
"shut up washed",0.99,Nuclear
"get cancer go fck wtf",0.97,Nuclear
"tilted kid",0.97,Nuclear
"f_u_c_k gg next animal",0.99,Nuclear
"exhausting bastard",0.97,Nuclear
"fuking crap retard",0.97,Nuclear
"worthless pull the plug freak",0.99,Nuclear
"pathetic im quitting trash",0.97,Nuclear
"trashy im gone",0.98,Nuclear
"f*cking its over subhuman",0.99,Nuclear
"dodge f -u c-k please",0.97,Nuclear
"ff pathetic",0.99,Nuclear
"fkng bruh dog",0.97,Nuclear
"alt f4 f*cking gg",0.98,Nuclear
"trolling braindead",0.97,Nuclear
"phucking tilt mong",0.99,Nuclear
"fking make it stop kid",0.99,Nuclear
"gtfo log off",0.98,Nuclear
"unreal walking away",0.97,Nuclear
"end it all mong",0.99,Nuclear
"f**king exhausting",0.98,Nuclear
"f k i n g disgusting",0.97,Nuclear
"f k i n g done",0.97,Nuclear
"alt f4 nonsense",0.97,Nuclear
"ff fckn miserable",0.98,Nuclear
"leave meaningless",0.98,Nuclear
"stfu sht",0.98,Nuclear
"neck urself pull the plug",0.97,Nuclear
"f_u_c_k bruh prick",0.99,Nuclear
"cringe deleting ape",0.98,Nuclear
"dammit hardstuck",0.99,Nuclear
"cope end",0.98,Nuclear
"ff cooked",0.98,Nuclear
"fvcking lmao bozo",0.97,Nuclear
"fkng useless",0.98,Nuclear
"kill urself toxic disgusting",0.99,Nuclear
"quit absolute broken",0.98,Nuclear
"gg next feeder",0.99,Nuclear
"bullshit mong",0.99,Nuclear
"log off fookin why",0.99,Nuclear
"fukking bullshit",0.97,Nuclear
"dodge delusional wild",0.99,Nuclear
"fker wtf waste",0.97,Nuclear
"fuck logging out",0.98,Nuclear
"braindead chalked random",0.97,Nuclear
"touch grass phuck tilted",0.98,Nuclear
"shitty omfg",0.99,Nuclear
"cancerous meaningless",0.99,Nuclear
"f*cking trash",0.97,Nuclear
"motherfucking why",0.99,Nuclear
"fkk braindead",0.98,Nuclear
"fvck uninstalling",0.98,Nuclear
"bullshit insane hardstuck",0.98,Nuclear
"cope done for",0.97,Nuclear
"seethe f_u_c_k dammit",0.98,Nuclear
"done for dick",0.97,Nuclear
"f_ck gg next random",0.99,Nuclear
"chalked waste",0.98,Nuclear
"log off fukk done",0.98,Nuclear
"toxic horrible shitter",0.98,Nuclear
"trashy lmao",0.98,Nuclear
"dodge broken",0.98,Nuclear
"shitty toxic random",0.98,Nuclear
"cope bullshit exhausting",0.97,Nuclear
"plz quit insane garbage",0.98,Nuclear
"f_ck cant anymore",0.98,Nuclear
"absolute im gone iron",0.98,Nuclear
"wild shitter",0.99,Nuclear
"fckng pathetic",0.99,Nuclear
"kill urself fcked im out",0.97,Nuclear
"walking away dog",0.98,Nuclear
"useless cooked tumor",0.99,Nuclear
"go next bs",0.99,Nuclear
"get cancer actual fck",0.99,Nuclear
"useless im gone",0.99,Nuclear
"fck trolling retard",0.98,Nuclear
"phuck unlucky waste",0.97,Nuclear
"neck urself make it stop",0.98,Nuclear
"ff fcking meaningless",0.98,Nuclear
"choke useless wrap it up",0.98,Nuclear
"vile pointless whore",0.98,Nuclear
"lmao slut",0.99,Nuclear
"kill urself dogshit chalked",0.97,Nuclear
"horrible garbage",0.97,Nuclear
"vile fck",0.99,Nuclear
"plz quit absolute omfg",0.98,Nuclear
"bullshit im quitting",0.97,Nuclear
"actual washed braindead",0.98,Nuclear
"literal done",0.97,Nuclear
"im quitting mong",0.98,Nuclear
"fuk toxic animal",0.98,Nuclear
"dodge just stop",0.98,Nuclear
"fucking done",0.98,Nuclear
"washed mong",0.98,Nuclear
"ff fukking worst",0.99,Nuclear
"quit end it all",0.98,Nuclear
"dodge f -u c-k tilt",0.98,Nuclear
"mfing sht loser",0.98,Nuclear
"over it trash",0.99,Nuclear
"insane trash",0.97,Nuclear
"log off fvck im out",0.99,Nuclear
"shut up disgusting",0.99,Nuclear
"cope braindead insane",0.98,Nuclear
"cope its over",0.98,Nuclear
"log off fuk sht",0.99,Nuclear
"shit bot",0.99,Nuclear
"fucked checking out cunt",0.98,Nuclear
"f*cking its over clown",0.99,Nuclear
"f_cking had enough random",0.97,Nuclear
"fuck crap loser",0.98,Nuclear
"fookin im quitting garbage",0.98,Nuclear
"fvcking crazy pussy",0.98,Nuclear
"f_u_c_k tilt",0.98,Nuclear
"brainless done griefer",0.97,Nuclear
"f u c k i n g dammit feeder",0.98,Nuclear
"braindead pathetic clown",0.97,Nuclear
"toxic pathetic",0.97,Nuclear
"kill urself logging out",0.99,Nuclear
"ff fking cant anymore",0.98,Nuclear
"delete game f -u c-k please",0.98,Nuclear
"shitty just stop",0.99,Nuclear
"drop dead fckng dead",0.97,Nuclear
"log off gg",0.98,Nuclear
"fvck im quitting",0.99,Nuclear
"f-k-i-n-g dammit dick",0.97,Nuclear
"fker exhausting",0.97,Nuclear
"worst dog",0.99,Nuclear
"drop dead vile im retiring",0.98,Nuclear
"get out make it stop",0.98,Nuclear
"shut it down waste",0.98,Nuclear
"go next fkk sht",0.97,Nuclear
"kys chalked",0.98,Nuclear
"literal log off",0.98,Nuclear
"f*cking over it",0.99,Nuclear
"shut up deleting",0.98,Nuclear
"crazy braindead",0.98,Nuclear
"fukking sht imbecile",0.98,Nuclear
"leave stop",0.99,Nuclear
"phuck malding",0.97,Nuclear
"phucking uninstalling",0.98,Nuclear
"seethe had enough",0.98,Nuclear
"cry more vile chalked",0.98,Nuclear
"f**king dammit bitch",0.99,Nuclear
"cope insane",0.97,Nuclear
"cry more awful",0.97,Nuclear
"actual washed ape",0.98,Nuclear
"stfu washed",0.98,Nuclear
"get out tilt",0.97,Nuclear
"f_cking checking out ape",0.99,Nuclear
"pathetic over cunt",0.97,Nuclear
"fkng chalked dick",0.97,Nuclear
"ggs kid",0.97,Nuclear
"f u c k wtf trash",0.99,Nuclear
"plz quit motherfucking log off",0.99,Nuclear
"fcked done hardstuck",0.99,Nuclear
"touch grass f -u c-k washed",0.97,Nuclear
"ff fucker gg",0.99,Nuclear
"log off troll",0.98,Nuclear
"fucked im gone tumor",0.99,Nuclear
"f**k ridiculous prick",0.97,Nuclear
"choke why",0.98,Nuclear
"log off walking away",0.98,Nuclear
"f_ck over moron",0.98,Nuclear
"meaningless bitch",0.99,Nuclear
"dogshit wrap it up",0.98,Nuclear
"im done shitter",0.99,Nuclear
"fcked peace out mong",0.99,Nuclear
"brainless terrible",0.97,Nuclear
"go next fcked why",0.98,Nuclear
"cry more horseshit wild",0.98,Nuclear
"fcked finished",0.99,Nuclear
"get out stepping away",0.99,Nuclear
"worst troll",0.99,Nuclear
"fok wack griefer",0.98,Nuclear
"neck urself toxic",0.99,Nuclear
"fucked chalked slut",0.98,Nuclear
"seethe dogshit shut it down",0.99,Nuclear
"cry more uninstalling",0.98,Nuclear
"go next pathetic crazy",0.98,Nuclear
"fckng cant take it",0.99,Nuclear
"ff wild",0.98,Nuclear
"malding noob",0.97,Nuclear
"fcked end it all whore",0.99,Nuclear
"bruh kid",0.99,Nuclear
"fookin cant anymore moron",0.98,Nuclear
"miserable bastard",0.98,Nuclear
"horseshit im leaving animal",0.97,Nuclear
"dodge worst",0.98,Nuclear
"shut up tilted",0.97,Nuclear
"joke hardstuck",0.99,Nuclear
"kill urself phuck ggs",0.97,Nuclear
"fuk deleting noob",0.98,Nuclear
"shutup fukk exhausting",0.97,Nuclear
"plz quit gg next",0.98,Nuclear
"log off end",0.98,Nuclear
"seethe wild",0.98,Nuclear
"cancerous im quitting pussy",0.99,Nuclear
"gtfo just stop",0.99,Nuclear
"fucked done for",0.98,Nuclear
"fucking hell autist",0.98,Nuclear
"quit fckng awful",0.98,Nuclear
"awful griefer",0.98,Nuclear
"ggs whore",0.98,Nuclear
"dammit waste",0.99,Nuclear
"chalked idiot",0.98,Nuclear
"fking stop",0.99,Nuclear
"log off delusional toxic",0.98,Nuclear
"fookin uninstalling troll",0.98,Nuclear
"fuking done",0.99,Nuclear
"walking away mong",0.98,Nuclear
"dogshit im retiring",0.98,Nuclear
"damn hardstuck",0.98,Nuclear
"dodge fucked over",0.98,Nuclear
"delete game done for",0.97,Nuclear
"nonsense random",0.97,Nuclear
"kys tilt",0.98,Nuclear
"insane ggs",0.98,Nuclear
"go next shitty bullshit",0.99,Nuclear
"cringe omfg bastard",0.97,Nuclear
"motherfucking its over",0.97,Nuclear
"get out pathetic stop",0.97,Nuclear
"quit fok deleting",0.98,Nuclear
"cope just end",0.98,Nuclear
"plz quit worthless walking away",0.98,Nuclear
"uninstall omfg",0.98,Nuclear
"pathetic cant anymore",0.98,Nuclear
"choke fckng wack",0.99,Nuclear
"drop dead fck malding",0.97,Nuclear
"im gone dick",0.97,Nuclear
"drop dead fucker walking away",0.98,Nuclear
"tragic cancer",0.98,Nuclear
"cant anymore animal",0.99,Nuclear
"fucker its over",0.99,Nuclear
"fck peace out pussy",0.98,Nuclear
"delusional stop",0.99,Nuclear
"cancerous nonsense bozo",0.97,Nuclear
"ff literal washed",0.98,Nuclear
"f k i n g log off",0.98,Nuclear
"stop random",0.99,Nuclear
"pull the plug clown",0.99,Nuclear
"f_ck broken idiot",0.98,Nuclear
"tragic griefer",0.98,Nuclear
"log off fucker malding",0.97,Nuclear
"shut up over it",0.99,Nuclear
"neck urself fucking over it",0.97,Nuclear
"insane nonsense bastard",0.97,Nuclear
"seethe omfg",0.97,Nuclear
"meaningless freak",0.99,Nuclear
"plz quit motherfucking uninstalling",0.98,Nuclear
"f**k ridiculous loser",0.99,Nuclear
"plz quit deleting",0.98,Nuclear
"drop dead go fk tilt",0.98,Nuclear
"ff fker chalked",0.97,Nuclear
"toxic stop bronze",0.97,Nuclear
"motherfucking walking away garbage",0.99,Nuclear
"quit fcking im leaving",0.98,Nuclear
"kys deleting",0.97,Nuclear
"logging out bitch",0.98,Nuclear
"neck urself absolute bullshit",0.98,Nuclear
"phuck log off bot",0.99,Nuclear
"leave cringe gg",0.99,Nuclear
"cooked dick",0.97,Nuclear
"cooked bitch",0.98,Nuclear
"delusional shut it down",0.97,Nuclear
"choke terrible",0.98,Nuclear
"fukk dammit griefer",0.99,Nuclear
"delete game fuking just stop",0.97,Nuclear
"fkng tragic bot",0.99,Nuclear
"phucking end",0.98,Nuclear
"fkk exhausting",0.98,Nuclear
"trashy checking out npc",0.98,Nuclear
"drop dead brainless bruh",0.97,Nuclear
"f u c k i n g walking away cunt",0.97,Nuclear
"go next insane",0.97,Nuclear
"fcking just end",0.98,Nuclear
"shut up f*ck wtf",0.97,Nuclear
"cope braindead done",0.98,Nuclear
"f_ck washed random",0.98,Nuclear
"delete game logging out",0.98,Nuclear
"f**king im done",0.98,Nuclear
"shutup ridiculous",0.97,Nuclear
"over bot",0.99,Nuclear
"gtfo actual useless",0.98,Nuclear
"get cancer horseshit pathetic",0.99,Nuclear
"shutup f*ck just end",0.98,Nuclear
"choke f**k stepping away",0.98,Nuclear
"absolute wack",0.98,Nuclear
"tragic autist",0.97,Nuclear
"kill urself fck cooked",0.97,Nuclear
"vile broken noob",0.99,Nuclear
"get cancer shit",0.97,Nuclear
"peace out retard",0.98,Nuclear
"bs autist",0.98,Nuclear
"fucking shut it down retard",0.99,Nuclear
"im out hardstuck",0.98,Nuclear
"f k i n g end iron",0.97,Nuclear
"fkk horrible",0.99,Nuclear
"brainless omfg",0.98,Nuclear
"fkng disgusting",0.97,Nuclear
"f-k-i-n-g washed cunt",0.98,Nuclear
"f -u c-k done for",0.98,Nuclear
"get cancer f*ck im retiring",0.98,Nuclear
"delete game fking end",0.99,Nuclear
"drop dead ggs",0.97,Nuclear
"fookin gg next",0.97,Nuclear
"seethe uninstalling",0.98,Nuclear
"fkk insane random",0.98,Nuclear
"shutup f.u.c.k end",0.98,Nuclear
"stepping away dick",0.99,Nuclear
"seethe cant take it",0.98,Nuclear
"go fck tilt",0.98,Nuclear
"im leaving bozo",0.98,Nuclear
"cancerous meaningless troll",0.99,Nuclear
"get cancer joke",0.98,Nuclear
"stop bitch",0.98,Nuclear
"garbage mong",0.98,Nuclear
"cry more mfing im out",0.98,Nuclear
"choke brainless cooked",0.98,Nuclear
"ff toxic tilted",0.98,Nuclear
"kill urself tragic",0.98,Nuclear
"kill urself cooked",0.98,Nuclear
"fcking malding griefer",0.99,Nuclear
"kill urself washed",0.98,Nuclear
"shutup useless hell",0.97,Nuclear
"quit crazy",0.99,Nuclear
"f-u-c-k terrible pussy",0.99,Nuclear
"go next gg next",0.97,Nuclear
"log off crap",0.97,Nuclear
"leave f**king awful",0.99,Nuclear
"shutup fcked logging out",0.98,Nuclear
"delusional make it stop",0.98,Nuclear
"quit phucking damn",0.98,Nuclear
"joke dick",0.98,Nuclear
"shit hardstuck",0.97,Nuclear
"ggs loser",0.97,Nuclear
"absolute wack moron",0.99,Nuclear
"bullshit just end loser",0.97,Nuclear
"cringe peace out loser",0.98,Nuclear
"kill urself end",0.99,Nuclear
"f_u_c_k useless",0.99,Nuclear
"fook shit",0.99,Nuclear
"shitty miserable dog",0.98,Nuclear
"fker im quitting",0.98,Nuclear
"go fck chalked random",0.98,Nuclear
"fucker ggs moron",0.97,Nuclear
"insane autist",0.98,Nuclear
"cringe finished",0.98,Nuclear
"horseshit meaningless",0.98,Nuclear
"cant anymore autist",0.98,Nuclear
"sit garbage",0.99,Nuclear
"braindead troll",0.98,Nuclear
"fucker cant anymore autist",0.97,Nuclear
"get out its over",0.97,Nuclear
"i give up waste",0.98,Nuclear
"shutup stepping away",0.98,Nuclear
"actual hell",0.98,Nuclear
"shut it down scum",0.98,Nuclear
"dodge ggs",0.97,Nuclear
"cant anymore dog",0.99,Nuclear
"stfu worthless crap",0.98,Nuclear
"horrible bastard",0.98,Nuclear
"f.u.c.k terrible braindead",0.97,Nuclear
"shutup f _u_ck trash",0.98,Nuclear
"delete game wack",0.98,Nuclear
"neck urself damn",0.99,Nuclear
"fckng meaningless feeder",0.99,Nuclear
"horseshit make it stop",0.98,Nuclear
"f-k-i-n-g bruh retard",0.99,Nuclear
"leave fking had enough",0.99,Nuclear
"dogshit im done",0.99,Nuclear
"give up kid",0.98,Nuclear
"cry more fucker tragic",0.98,Nuclear
"f.u.c.k gg next hardstuck",0.98,Nuclear
"vile cant take it",0.98,Nuclear
"get cancer uninstalling",0.98,Nuclear
"touch grass ggs",0.99,Nuclear
"quit phuck over it",0.98,Nuclear
"uninstall fkk washed",0.98,Nuclear
"fkk im quitting",0.98,Nuclear
"its over animal",0.97,Nuclear
"plz quit dead",0.97,Nuclear
"f**king cant anymore idiot",0.99,Nuclear
"fckn washed ape",0.97,Nuclear
"fvck gg next iron",0.99,Nuclear
"cant take it dog",0.98,Nuclear
"braindead exhausting dog",0.97,Nuclear
"f-u-c-k crazy bastard",0.98,Nuclear
"fuking fuck",0.97,Nuclear
"leave f -u c-k im gone",0.97,Nuclear
"fkng bs",0.98,Nuclear
"end it all garbage",0.99,Nuclear
"delete game washed",0.99,Nuclear
"dammit dick",0.99,Nuclear
"neck urself f k i n g washed",0.98,Nuclear
"get out disgusting lmao",0.97,Nuclear
"alt f4 useless done for",0.98,Nuclear
"f_u_c_k insane",0.97,Nuclear
"wrap it up bot",0.98,Nuclear
"neck urself fvcking washed",0.99,Nuclear
"fvcking malding",0.99,Nuclear
"its over waste",0.99,Nuclear
"worthless insane troll",0.99,Nuclear
"fvcking pointless feeder",0.97,Nuclear
"quit dead",0.99,Nuclear
"literal meaningless moron",0.99,Nuclear
"fking exhausting dick",0.98,Nuclear
"tilted ape",0.97,Nuclear
"fuk disgusting",0.98,Nuclear
"fuck miserable random",0.99,Nuclear
"toxic fck scum",0.98,Nuclear
"exhausting random",0.98,Nuclear
"fking im gone waste",0.98,Nuclear
"disgusting retard",0.97,Nuclear
"phucking just stop griefer",0.98,Nuclear
"log off mentally ill end it all",0.98,Nuclear
"shutup fcking washed",0.97,Nuclear
"touch grass literal sht",0.98,Nuclear
"delete game fking miserable",0.99,Nuclear
"fucked wild cancer",0.98,Nuclear
"quit f.u.c.k terrible",0.99,Nuclear
"fvcking done for bot",0.99,Nuclear
"over it braindead",0.98,Nuclear
"get cancer vile stop",0.98,Nuclear
"gtfo deleting",0.98,Nuclear
"fck why",0.98,Nuclear
"phuck horrible",0.97,Nuclear
"fcking insane",0.99,Nuclear
"fck sht bastard",0.98,Nuclear
"kill urself fvcking tragic",0.97,Nuclear
"motherfucking im quitting",0.97,Nuclear
"motherfucking sht imbecile",0.98,Nuclear
"checking out feeder",0.97,Nuclear
"f**king uninstalling whore",0.97,Nuclear
"mentally ill joke subhuman",0.99,Nuclear
"bullshit bullshit cancer",0.97,Nuclear
"disgusting gg",0.97,Nuclear
"fckng stop",0.98,Nuclear
"shut up lmao",0.99,Nuclear
"fcked end tumor",0.97,Nuclear
"broken braindead",0.98,Nuclear
"fkng toxic bot",0.98,Nuclear
"sht idiot",0.97,Nuclear
"no more slut",0.99,Nuclear
"bullshit its over",0.99,Nuclear
"fuking exhausting cunt",0.97,Nuclear
"horseshit over idiot",0.97,Nuclear
"gtfo make it stop",0.99,Nuclear
"go next braindead uninstalling",0.97,Nuclear
"alt f4 cancerous ggs",0.98,Nuclear
"fcked shut it down",0.98,Nuclear
"delusional had enough",0.97,Nuclear
"go fk troll bronze",0.99,Nuclear
"mentally ill meaningless imbecile",0.99,Nuclear
"cope awful",0.98,Nuclear
"vile over",0.98,Nuclear
"shut up no more",0.97,Nuclear
"cringe miserable waste",0.98,Nuclear
"get cancer motherfucking braindead",0.97,Nuclear
"gtfo f_ck no more",0.98,Nuclear
"get cancer bullshit deleting",0.98,Nuclear
"plz quit lmao",0.99,Nuclear
"shut up awful",0.97,Nuclear
"fok wack tumor",0.98,Nuclear
"f-u-c-k crap bitch",0.99,Nuclear
"uninstall i give up",0.99,Nuclear
"disgusting scum",0.99,Nuclear
"pull the plug whore",0.97,Nuclear
"fuk damn freak",0.98,Nuclear
"delete game shit",0.98,Nuclear
"im retiring scum",0.98,Nuclear
"dodge f_cking nonsense",0.97,Nuclear
"uninstall troll",0.98,Nuclear
"uninstall f u c k i n g deleting",0.98,Nuclear
"get out f u c k ridiculous",0.99,Nuclear
"f_u_c_k im quitting",0.99,Nuclear
"cancerous washed kid",0.99,Nuclear
"touch grass fucking ridiculous",0.98,Nuclear
"neck urself trashy omfg",0.98,Nuclear
"f k i n g chalked shitter",0.98,Nuclear
"shutup disgusting",0.97,Nuclear
"fuck im done bot",0.98,Nuclear
"leave wild",0.99,Nuclear
"fck omfg",0.97,Nuclear
"fukking garbage mong",0.98,Nuclear
"cope fckng fuck",0.98,Nuclear
"toxic freak",0.98,Nuclear
"drop dead fuk damn",0.98,Nuclear
"shutup f.u.c.k trolling",0.98,Nuclear
"fucked log off ape",0.98,Nuclear
"f _u_ck gg dog",0.99,Nuclear
"wild freak",0.97,Nuclear
"alt f4 im quitting",0.99,Nuclear
"fkng done",0.98,Nuclear
"leave horseshit worst",0.97,Nuclear
"dodge f**k troll",0.98,Nuclear
"checking out loser",0.97,Nuclear
"delete game actual shit",0.99,Nuclear
"quit just end",0.98,Nuclear
"touch grass troll",0.98,Nuclear
"uninstall washed",0.98,Nuclear
"wild feeder",0.98,Nuclear
"seethe exhausting",0.98,Nuclear
"shutup fook gg",0.99,Nuclear
"fookin walking away",0.98,Nuclear
"alt f4 dogshit over it",0.98,Nuclear
"fuking worst imbecile",0.98,Nuclear
"braindead gg trash",0.98,Nuclear
"shitty malding troll",0.98,Nuclear
"phucking bruh bronze",0.97,Nuclear
"fook hell clown",0.97,Nuclear
"kill urself unreal no more",0.98,Nuclear
"fuking no more",0.97,Nuclear
"f-u-c-k tilt",0.97,Nuclear
"touch grass literal wild",0.98,Nuclear
"trashy worst",0.97,Nuclear
"kys dogshit end",0.99,Nuclear
"f*cking cant anymore",0.97,Nuclear
"damn ape",0.98,Nuclear
"sit f**k sht",0.98,Nuclear
"fker toxic",0.98,Nuclear
"f_u_c_k worst clown",0.99,Nuclear
"horseshit stop scum",0.97,Nuclear
"exhausting tumor",0.99,Nuclear
"f-k-i-n-g tragic griefer",0.98,Nuclear
"drop dead just end",0.97,Nuclear
"go next peace out",0.99,Nuclear
"dodge fvcking troll",0.99,Nuclear
"absolute cant anymore",0.99,Nuclear
"uninstalling moron",0.97,Nuclear
"absolute ridiculous",0.97,Nuclear
"uninstalling imbecile",0.98,Nuclear
"log off just stop",0.97,Nuclear
"nonsense bronze",0.98,Nuclear
"worst npc",0.99,Nuclear
"go fck walking away",0.97,Nuclear
"f**king pull the plug ape",0.97,Nuclear
"quit tilt",0.97,Nuclear
"fukk pull the plug",0.99,Nuclear
"neck urself fvcking logging out",0.97,Nuclear
"kys braindead",0.98,Nuclear
"horseshit fuck",0.98,Nuclear
"stfu go fk walking away",0.98,Nuclear
"mfing make it stop prick",0.99,Nuclear
"fucker log off kid",0.97,Nuclear
"touch grass wrap it up",0.98,Nuclear
"get cancer stepping away",0.99,Nuclear
"get out actual broken",0.98,Nuclear
"shut up fucker why",0.99,Nuclear
"get cancer pathetic deleting",0.97,Nuclear
"chalked npc",0.98,Nuclear
"miserable noob",0.97,Nuclear
"plz quit f_cking had enough",0.99,Nuclear
"plz quit bullshit crazy",0.98,Nuclear
"fuking wtf griefer",0.99,Nuclear
"ggs subhuman",0.98,Nuclear
"ff f_cking trash",0.97,Nuclear
"dead waste",0.97,Nuclear
"f**king log off subhuman",0.97,Nuclear
"delete game cant anymore",0.99,Nuclear
"f*ck cant anymore whore",0.98,Nuclear
"fvcking over trash",0.99,Nuclear
"braindead dead tumor",0.98,Nuclear
"unreal just end",0.99,Nuclear
"uninstalling random",0.98,Nuclear
"shut up f.u.c.k tragic",0.99,Nuclear
"go fck done",0.98,Nuclear
"f_ck trolling",0.97,Nuclear
"washed ape",0.99,Nuclear
"dodge chalked",0.98,Nuclear
"go next fookin stepping away",0.98,Nuclear
"phucking tragic npc",0.97,Nuclear
"mentally ill chalked",0.99,Nuclear
"crap waste",0.99,Nuclear
"cope fvcking crap",0.97,Nuclear
"leave fuck disgusting",0.99,Nuclear
"insane stepping away noob",0.99,Nuclear
"stfu f u c k i n g crap",0.99,Nuclear
"dodge brainless malding",0.97,Nuclear
"get cancer brainless bullshit",0.99,Nuclear
"leave uninstalling",0.98,Nuclear
"tragic ape",0.99,Nuclear
"fuking miserable",0.97,Nuclear
"f_u_c_k terrible",0.99,Nuclear
"shut up wack",0.98,Nuclear
"cancerous just end kid",0.99,Nuclear
"dogshit chalked iron",0.98,Nuclear
"f**k awful",0.98,Nuclear
"vile garbage bronze",0.98,Nuclear
"phuck miserable dog",0.98,Nuclear
"fck freak",0.97,Nuclear
"fvck logging out",0.98,Nuclear
"pathetic wtf dog",0.98,Nuclear
"kill urself fucker over",0.98,Nuclear
"fookin washed animal",0.98,Nuclear
"braindead im done bitch",0.98,Nuclear
"cope garbage",0.97,Nuclear
"unlucky garbage",0.98,Nuclear
"uninstall finished",0.99,Nuclear
"toxic lmao",0.99,Nuclear
"go next f**k end it all",0.99,Nuclear
"fucking gg next",0.99,Nuclear
"fvck omfg",0.98,Nuclear
"f*ck nonsense",0.98,Nuclear
"gtfo hell",0.99,Nuclear
"fvck chalked garbage",0.98,Nuclear
"uninstalling shitter",0.98,Nuclear
"drop dead fucked cooked",0.97,Nuclear
"seethe deleting",0.98,Nuclear
"actual done pussy",0.98,Nuclear
"literal over it tumor",0.98,Nuclear
"tilt subhuman",0.98,Nuclear
"absolute no more",0.98,Nuclear
"fkng chalked tumor",0.97,Nuclear
"touch grass fukk please",0.98,Nuclear
"unreal please prick",0.98,Nuclear
"shut up phucking worst",0.98,Nuclear
"fookin bs bastard",0.99,Nuclear
"no more autist",0.98,Nuclear
"over npc",0.99,Nuclear
"fukking peace out dick",0.97,Nuclear
"gtfo ridiculous",0.98,Nuclear
"cry more insane braindead",0.98,Nuclear
"motherfucking awful",0.99,Nuclear
"worthless peace out shitter",0.98,Nuclear
"delete game fok shut it down",0.98,Nuclear
"delete game cancerous horrible",0.98,Nuclear
"fok over it",0.97,Nuclear
"drop dead fookin over",0.98,Nuclear
"shut up fukk dammit",0.98,Nuclear
"literal im leaving noob",0.98,Nuclear
"neck urself fcked broken",0.99,Nuclear
"fucking bs npc",0.98,Nuclear
"shutup trash",0.99,Nuclear
"washed clown",0.98,Nuclear
"shutup vile troll",0.98,Nuclear
"leave troll",0.99,Nuclear
"alt f4 f*cking wack",0.98,Nuclear
"ff insane im leaving",0.98,Nuclear
"go next mentally ill wild",0.98,Nuclear
"get cancer cancerous why",0.97,Nuclear
"go next fookin broken",0.98,Nuclear
"mentally ill troll clown",0.98,Nuclear
"alt f4 f_ck im retiring",0.98,Nuclear
"plz quit tragic",0.98,Nuclear
"mentally ill gg next",0.98,Nuclear
"gtfo delusional terrible",0.99,Nuclear
"cringe im retiring",0.98,Nuclear
"drop dead f_ck bruh",0.97,Nuclear
"pull the plug dick",0.98,Nuclear
"disgusting make it stop idiot",0.97,Nuclear
"fckng useless",0.97,Nuclear
"go next pathetic awful",0.98,Nuclear
"damn tumor",0.98,Nuclear
"log off f -u c-k washed",0.98,Nuclear
"drop dead fvcking crap",0.97,Nuclear
"f_u_c_k gg cancer",0.98,Nuclear
"go next f-u-c-k fck",0.97,Nuclear
"f-k-i-n-g cooked bot",0.98,Nuclear
"f u c k tilt",0.98,Nuclear
"go fk im leaving",0.98,Nuclear
"cope peace out",0.98,Nuclear
"horseshit meaningless iron",0.98,Nuclear
"done for freak",0.98,Nuclear
"kill urself no more",0.97,Nuclear
"troll animal",0.98,Nuclear
"go fck stop trash",0.98,Nuclear
"get cancer fok bruh",0.97,Nuclear
"worst whore",0.97,Nuclear
"tilted cancer",0.97,Nuclear
"worthless im leaving prick",0.98,Nuclear
"phuck ridiculous",0.97,Nuclear
"sit fker insane",0.98,Nuclear
"ff terrible",0.98,Nuclear
"get cancer wild",0.98,Nuclear
"fkk tilt",0.97,Nuclear
"drop dead trashy horrible",0.97,Nuclear
"gtfo dogshit shit",0.98,Nuclear
"fvck bruh",0.99,Nuclear
"trash pussy",0.98,Nuclear
"dammit freak",0.98,Nuclear
"stfu literal no more",0.98,Nuclear
"choke i give up",0.99,Nuclear
"horseshit braindead",0.99,Nuclear
"f_u_c_k over it troll",0.97,Nuclear
"fking washed",0.97,Nuclear
"fok horrible dick",0.98,Nuclear
"alt f4 fok wack",0.99,Nuclear
"neck urself bullshit",0.98,Nuclear
"absolute miserable prick",0.98,Nuclear
"unreal pointless moron",0.98,Nuclear
"plz quit f**king pull the plug",0.98,Nuclear
"unreal over ape",0.97,Nuclear
"cry more fkk unlucky",0.99,Nuclear
"go next f**k miserable",0.99,Nuclear
"f _u_ck braindead",0.97,Nuclear
"kill urself fok please",0.98,Nuclear
"gtfo worthless over it",0.98,Nuclear
"drop dead mentally ill its over",0.98,Nuclear
"malding waste",0.97,Nuclear
"cringe peace out autist",0.99,Nuclear
"crazy prick",0.99,Nuclear
"make it stop dog",0.99,Nuclear
"fck useless",0.99,Nuclear
"fvcking stepping away retard",0.99,Nuclear
"f**k ridiculous",0.99,Nuclear
"f**k terrible noob",0.99,Nuclear
"worst pussy",0.98,Nuclear
"actual bs cunt",0.98,Nuclear
"wack dick",0.98,Nuclear
"dodge deleting",0.98,Nuclear
"cringe no more imbecile",0.98,Nuclear
"quit fck done",0.98,Nuclear
"disgusting toxic",0.97,Nuclear
"cry more fuk washed",0.97,Nuclear
"fck bs scum",0.98,Nuclear
"f.u.c.k ggs",0.98,Nuclear
"cope f u c k i n g i give up",0.98,Nuclear
"drop dead damn",0.99,Nuclear
"seethe vile bullshit",0.98,Nuclear
"cope fcking wack",0.98,Nuclear
"wild autist",0.97,Nuclear
"go fck chalked freak",0.99,Nuclear
"seethe bullshit",0.99,Nuclear
"insane noob",0.99,Nuclear
"choke mfing deleting",0.98,Nuclear
"neck urself crazy",0.98,Nuclear
"gtfo chalked",0.98,Nuclear
"plz quit fucking wild",0.98,Nuclear
"tilt npc",0.98,Nuclear
"cope f u c k i n g tilt",0.97,Nuclear
"its over ape",0.98,Nuclear
"bullshit washed",0.99,Nuclear
"shut up make it stop",0.97,Nuclear
"braindead dead loser",0.97,Nuclear
"bullshit useless",0.98,Nuclear
"troll subhuman",0.98,Nuclear
"leave bullshit",0.99,Nuclear
"trashy end cunt",0.98,Nuclear
"bs bot",0.98,Nuclear
"fvcking no more",0.98,Nuclear
"f_cking exhausting",0.98,Nuclear
"stfu stop",0.99,Nuclear
"go next pull the plug",0.98,Nuclear
"dodge meaningless",0.99,Nuclear
"over autist",0.99,Nuclear
"trashy washed scum",0.98,Nuclear
"fckng lmao",0.99,Nuclear
"sht bozo",0.97,Nuclear
"had enough slut",0.98,Nuclear
"cry more worthless bullshit",0.97,Nuclear
"f u c k i n g broken retard",0.98,Nuclear
"log off f u c k i n g trash",0.97,Nuclear
"quit cooked",0.99,Nuclear
"fuk malding imbecile",0.98,Nuclear
"leave motherfucking tilt",0.99,Nuclear
"washed prick",0.98,Nuclear
"kys insane im out",0.99,Nuclear
"fookin im out freak",0.97,Nuclear
"go next cancerous crazy",0.98,Nuclear
"choke had enough",0.97,Nuclear
"actual uninstalling dog",0.99,Nuclear
"literal bruh iron",0.97,Nuclear
"f_ck im quitting",0.97,Nuclear
"trashy unlucky bronze",0.97,Nuclear
"go next wild",0.98,Nuclear
"cope fookin its over",0.97,Nuclear
"gtfo phuck damn",0.97,Nuclear
"fcked omfg tumor",0.98,Nuclear
"shut up delusional make it stop",0.98,Nuclear
"go fck exhausting",0.98,Nuclear
"actual im retiring",0.97,Nuclear
"seethe fkk cant take it",0.99,Nuclear
"f**king bullshit",0.97,Nuclear
"plz quit im quitting",0.97,Nuclear
"sit had enough",0.98,Nuclear
"fker trolling",0.98,Nuclear
"shutup go fk no more",0.99,Nuclear
"log off im quitting",0.99,Nuclear
"motherfucking damn bastard",0.98,Nuclear
"useless just stop whore",0.98,Nuclear
"no more garbage",0.98,Nuclear
"sit f*ck im out",0.97,Nuclear
"fckn broken subhuman",0.98,Nuclear
"shutup toxic",0.98,Nuclear
"gtfo malding",0.98,Nuclear
"shit slut",0.99,Nuclear
"fvck done for whore",0.99,Nuclear
"drop dead f-u-c-k washed",0.98,Nuclear
"get out actual chalked",0.98,Nuclear
"neck urself f**king end",0.98,Nuclear
"terrible prick",0.98,Nuclear
"go fck im out imbecile",0.99,Nuclear
"get cancer gg next",0.98,Nuclear
"fkng end",0.98,Nuclear
"fuk i give up idiot",0.98,Nuclear
"f**k nonsense random",0.99,Nuclear
"f _u_ck insane cancer",0.98,Nuclear
"insane random",0.98,Nuclear
"fcking pathetic shitter",0.97,Nuclear
"finished garbage",0.99,Nuclear
"cope delusional exhausting",0.97,Nuclear
"kill urself pathetic braindead",0.98,Nuclear
"motherfucking nonsense",0.98,Nuclear
"kill urself f u c k bullshit",0.98,Nuclear
"mfing joke moron",0.97,Nuclear
"horrible pussy",0.97,Nuclear
"kys absolute awful",0.98,Nuclear
"make it stop retard",0.97,Nuclear
"malding retard",0.99,Nuclear
"f**king meaningless random",0.99,Nuclear
"cry more go fck cooked",0.97,Nuclear
"f k i n g im retiring",0.98,Nuclear
"trashy dammit prick",0.98,Nuclear
"touch grass garbage",0.99,Nuclear
"choke fukk bullshit",0.99,Nuclear
"dead subhuman",0.98,Nuclear
"choke done",0.98,Nuclear
"leave checking out",0.98,Nuclear
"kill urself give up",0.98,Nuclear
"toxic random",0.97,Nuclear
"leave fok im retiring",0.99,Nuclear
"fook damn dog",0.99,Nuclear
"quit motherfucking wild",0.97,Nuclear
"cry more give up",0.97,Nuclear
"touch grass f k i n g checking out",0.97,Nuclear
"shitty cant take it loser",0.97,Nuclear
"fcking im out",0.99,Nuclear
"get out troll",0.99,Nuclear
"braindead chalked",0.97,Nuclear
"gg next loser",0.98,Nuclear
"delete game mentally ill chalked",0.99,Nuclear
"go fck hell slut",0.98,Nuclear
"kill urself go fk pull the plug",0.98,Nuclear
"disgusting log off cunt",0.98,Nuclear
"literal hell garbage",0.99,Nuclear
"absolute gg next",0.97,Nuclear
"alt f4 fkng ggs",0.99,Nuclear
"delete game disgusting over it",0.98,Nuclear
"cry more chalked",0.97,Nuclear
"get out f**king awful",0.98,Nuclear
"uninstall crap",0.97,Nuclear
"finished iron",0.98,Nuclear
"useless dammit",0.97,Nuclear
"toxic just end retard",0.98,Nuclear
"mentally ill logging out garbage",0.99,Nuclear
"neck urself toxic hell",0.97,Nuclear
"fuk hell",0.99,Nuclear
"get out pathetic awful",0.98,Nuclear
"f -u c-k no more animal",0.98,Nuclear
"ff why",0.97,Nuclear
"ff shit",0.97,Nuclear
"fucking wack bitch",0.97,Nuclear
"please clown",0.98,Nuclear
"cancerous joke",0.98,Nuclear
"touch grass fckng walking away",0.99,Nuclear
"fuk fck kid",0.97,Nuclear
"shutup literal bullshit",0.98,Nuclear
"f k i n g done dick",0.98,Nuclear
"sit wrap it up",0.97,Nuclear
"fook unlucky freak",0.98,Nuclear
"phucking no more moron",0.99,Nuclear
"fkk just stop",0.97,Nuclear
"shutup fuking just end",0.98,Nuclear
"shutup f_ck cant anymore",0.98,Nuclear
"fkng tilted whore",0.98,Nuclear
"drop dead wack",0.98,Nuclear
"touch grass braindead fck",0.97,Nuclear
"why random",0.98,Nuclear
"fcking tilt",0.98,Nuclear
"fcking cooked clown",0.97,Nuclear
"sit go fk useless",0.97,Nuclear
"unreal washed",0.98,Nuclear
"kys shitty fuck",0.97,Nuclear
"dodge f_ck chalked",0.97,Nuclear
"kill urself wrap it up",0.98,Nuclear
"go next f**king wack",0.98,Nuclear
"fck troll",0.98,Nuclear
"brainless logging out",0.98,Nuclear
"shit feeder",0.99,Nuclear
"dodge braindead",0.97,Nuclear
"f -u c-k toxic bozo",0.97,Nuclear
"absolute gg next dick",0.99,Nuclear
"seethe f -u c-k done for",0.99,Nuclear
"actual over it freak",0.98,Nuclear
"f u c k pointless",0.99,Nuclear
"delete game stop",0.97,Nuclear
"end it all feeder",0.98,Nuclear
"tilted cunt",0.98,Nuclear
"drop dead ridiculous",0.97,Nuclear
"touch grass f-u-c-k terrible",0.98,Nuclear
"f u c k i n g stop bronze",0.97,Nuclear
"insane terrible subhuman",0.98,Nuclear
"f*ck worst",0.97,Nuclear
"dodge cant anymore",0.98,Nuclear
"horseshit ggs",0.97,Nuclear
"cooked cancer",0.99,Nuclear
"cry more troll",0.97,Nuclear
"neck urself fcking done",0.98,Nuclear
"get out f _u_ck troll",0.97,Nuclear
"im leaving iron",0.99,Nuclear
"over it subhuman",0.99,Nuclear
"log off cant anymore",0.98,Nuclear
"deleting imbecile",0.98,Nuclear
"broken imbecile",0.99,Nuclear
"literal pointless imbecile",0.99,Nuclear
"shut up disgusting pointless",0.98,Nuclear
"fook gg",0.98,Nuclear
"choke phuck please",0.97,Nuclear
"cancerous checking out",0.99,Nuclear
"f**king pull the plug",0.98,Nuclear
"f.u.c.k gg moron",0.98,Nuclear
"chalked prick",0.98,Nuclear
"stop griefer",0.98,Nuclear
"tragic freak",0.98,Nuclear
"kys f_cking logging out",0.98,Nuclear
"fucking pathetic slut",0.97,Nuclear
"fck feeder",0.99,Nuclear
"braindead cant anymore",0.99,Nuclear
"get out pathetic give up",0.98,Nuclear
"miserable pussy",0.98,Nuclear
"f _u_ck gg next loser",0.99,Nuclear
"damn retard",0.97,Nuclear
"ff actual checking out",0.98,Nuclear
"over dog",0.98,Nuclear
"ff garbage",0.99,Nuclear
"log off fuck",0.98,Nuclear
"bullshit im leaving",0.98,Nuclear
"toxic over prick",0.98,Nuclear
"plz quit f_ck im retiring",0.99,Nuclear
"touch grass shit",0.99,Nuclear
"f**k shut it down",0.99,Nuclear
"fook ggs",0.98,Nuclear
"braindead no more shitter",0.98,Nuclear
"cry more fvck end",0.98,Nuclear
"go next literal finished",0.97,Nuclear
"delusional bruh",0.99,Nuclear
"horseshit crap",0.97,Nuclear
"get cancer pull the plug",0.99,Nuclear
"uninstall fkng make it stop",0.97,Nuclear
"go next fkk fck",0.98,Nuclear
"go next fvck just end",0.98,Nuclear
"end kid",0.97,Nuclear
"fucked useless iron",0.99,Nuclear
"fukking trash bot",0.97,Nuclear
"drop dead f-k-i-n-g done",0.98,Nuclear
"cry more fcking dead",0.99,Nuclear
"garbage trash",0.98,Nuclear
"ggs troll",0.97,Nuclear
"trolling whore",0.98,Nuclear
"f_cking nonsense iron",0.97,Nuclear
"fvcking disgusting hardstuck",0.99,Nuclear
"stfu fuck braindead",0.98,Nuclear
"fuck bs bronze",0.98,Nuclear
"cancerous done pussy",0.97,Nuclear
"im done tumor",0.99,Nuclear
"seethe lmao",0.99,Nuclear
"fvck its over pussy",0.97,Nuclear
"sit delusional make it stop",0.98,Nuclear
"cringe wrap it up kid",0.98,Nuclear
"mfing wack feeder",0.98,Nuclear
"fking walking away scum",0.98,Nuclear
"insane useless",0.99,Nuclear
"fuking washed ape",0.99,Nuclear
"leave wtf",0.97,Nuclear
"useless finished troll",0.98,Nuclear
"go fk ridiculous",0.99,Nuclear
"dodge vile malding",0.99,Nuclear
"sht hardstuck",0.98,Nuclear
"alt f4 gg",0.99,Nuclear
"kill urself fuking fuck",0.98,Nuclear
"logging out animal",0.99,Nuclear
"actual broken griefer",0.98,Nuclear
"fuck ggs waste",0.97,Nuclear
"hell moron",0.97,Nuclear
"done freak",0.97,Nuclear
"fkk bruh shitter",0.98,Nuclear
"f_ck joke",0.99,Nuclear
"leave dogshit omfg",0.98,Nuclear
"fuck animal",0.97,Nuclear
"hell troll",0.98,Nuclear
"alt f4 pathetic damn",0.97,Nuclear
"f k i n g lmao",0.99,Nuclear
"worst idiot",0.98,Nuclear
"choke joke",0.98,Nuclear
"neck urself ggs",0.98,Nuclear
"seethe dogshit deleting",0.99,Nuclear
"choke f _u_ck had enough",0.98,Nuclear
"fuk i give up feeder",0.99,Nuclear
"uninstall f _u_ck bs",0.99,Nuclear
"alt f4 exhausting",0.98,Nuclear
"f**king done retard",0.98,Nuclear
"get out miserable",0.99,Nuclear
"ggs freak",0.98,Nuclear
"quit f-u-c-k useless",0.98,Nuclear
"gtfo ggs",0.99,Nuclear
"uninstall bs",0.98,Nuclear
"delusional braindead",0.99,Nuclear
"phucking why",0.99,Nuclear
"uninstall its over",0.98,Nuclear
"get cancer toxic",0.97,Nuclear
"fook wtf loser",0.98,Nuclear
"fkk horrible garbage",0.97,Nuclear
"get cancer vile bullshit",0.98,Nuclear
"bullshit done random",0.97,Nuclear
"f u c k i n g shit",0.99,Nuclear
"touch grass make it stop",0.97,Nuclear
"shutup motherfucking nonsense",0.98,Nuclear
"sit useless terrible",0.98,Nuclear
"quit no more",0.98,Nuclear
"motherfucking wtf trash",0.98,Nuclear
"cooked feeder",0.99,Nuclear
"f**k tilted imbecile",0.98,Nuclear
"stfu miserable",0.99,Nuclear
"f u c k done for",0.97,Nuclear
"meaningless loser",0.98,Nuclear
"f u c k trash trash",0.97,Nuclear
"cope fck cant take it",0.97,Nuclear
"alt f4 bullshit over it",0.97,Nuclear
"log off f**k ggs",0.98,Nuclear
"dodge dead",0.97,Nuclear
"phucking end loser",0.98,Nuclear
"useless dick",0.97,Nuclear
"go next f.u.c.k terrible",0.98,Nuclear
"done retard",0.98,Nuclear
"trolling garbage",0.97,Nuclear
"pathetic deleting",0.98,Nuclear
"f**k checking out",0.98,Nuclear
"fckng tragic",0.99,Nuclear
"gtfo actual damn",0.99,Nuclear
"gtfo insane gg next",0.98,Nuclear
"fuking bullshit random",0.98,Nuclear
"shutup just stop",0.99,Nuclear
"f u c k omfg whore",0.98,Nuclear
"cry more over it",0.99,Nuclear
"shitty crazy",0.98,Nuclear
"delete game hell",0.99,Nuclear
"washed subhuman",0.98,Nuclear
"plz quit fuk log off",0.97,Nuclear
"fvck crazy idiot",0.98,Nuclear
"worthless sht",0.98,Nuclear
"insane iron",0.98,Nuclear
"fuk finished",0.99,Nuclear
"logging out scum",0.98,Nuclear
"fucking dammit",0.99,Nuclear
"fvck miserable shitter",0.99,Nuclear
"f**king stop loser",0.99,Nuclear
"over retard",0.99,Nuclear
"ridiculous iron",0.99,Nuclear
"drop dead unreal just stop",0.98,Nuclear
"dogshit cant anymore dick",0.99,Nuclear
"fuking done for whore",0.97,Nuclear
"drop dead horseshit gg next",0.97,Nuclear
"fukk troll troll",0.98,Nuclear
"cant take it prick",0.97,Nuclear
"neck urself actual terrible",0.97,Nuclear
"actual done feeder",0.98,Nuclear
"no more dog",0.98,Nuclear
"fkng braindead griefer",0.98,Nuclear
"fuking trolling cunt",0.99,Nuclear
"get cancer mentally ill pointless",0.98,Nuclear
"useless hell troll",0.97,Nuclear
"fkk worst bitch",0.97,Nuclear
"sit delusional wrap it up",0.98,Nuclear
"alt f4 f -u c-k please",0.98,Nuclear
"f_u_c_k bs tumor",0.98,Nuclear
"f-k-i-n-g i give up",0.97,Nuclear
"get cancer tilt",0.98,Nuclear
"useless over it slut",0.98,Nuclear
"fook washed scum",0.97,Nuclear
"sit absolute awful",0.98,Nuclear
"cry more cant take it",0.98,Nuclear
"fookin trolling garbage",0.99,Nuclear
"f_cking give up noob",0.97,Nuclear
"drop dead bullshit",0.98,Nuclear
"motherfucking finished scum",0.98,Nuclear
"f*cking trolling ape",0.99,Nuclear
"braindead kid",0.98,Nuclear
"choke washed",0.97,Nuclear
"fuk insane feeder",0.99,Nuclear
"trash bitch",0.98,Nuclear
"fvcking troll",0.99,Nuclear
"shutup absolute wild",0.97,Nuclear
"quit phucking end it all",0.97,Nuclear
"literal gg",0.97,Nuclear
"done hardstuck",0.97,Nuclear
"bullshit malding",0.98,Nuclear
"over it loser",0.98,Nuclear
"fook tragic",0.98,Nuclear
"chalked cunt",0.99,Nuclear
"fucking walking away freak",0.98,Nuclear
"end pussy",0.98,Nuclear
"sht bitch",0.98,Nuclear
"cringe done for prick",0.98,Nuclear
"cringe crazy slut",0.98,Nuclear
"fukking chalked bot",0.97,Nuclear
"unreal had enough random",0.99,Nuclear
"fck ggs",0.98,Nuclear
"sit f-k-i-n-g terrible",0.98,Nuclear
"fckn end it all",0.97,Nuclear
"quit im retiring",0.99,Nuclear
"phuck peace out loser",0.98,Nuclear
"f _u_ck unlucky",0.98,Nuclear
"stfu bs",0.97,Nuclear
"seethe useless nonsense",0.97,Nuclear
"fucked just stop",0.98,Nuclear
"pathetic im quitting hardstuck",0.98,Nuclear
"please pussy",0.97,Nuclear
"just end trash",0.97,Nuclear
"cooked noob",0.97,Nuclear
"neck urself i give up",0.99,Nuclear
"end clown",0.97,Nuclear
"kill urself hell",0.99,Nuclear
"log off shut it down",0.99,Nuclear
"log off disgusting sht",0.98,Nuclear
"seethe disgusting just end",0.99,Nuclear
"im gone cancer",0.98,Nuclear
"vile trolling clown",0.97,Nuclear
"stfu f u c k malding",0.98,Nuclear
"get out fukking logging out",0.98,Nuclear
"make it stop bitch",0.97,Nuclear
"cant take it feeder",0.99,Nuclear
"seethe fukking garbage",0.98,Nuclear
"why idiot",0.97,Nuclear
"fuck please",0.98,Nuclear
"kys malding",0.97,Nuclear
"fcked omfg autist",0.99,Nuclear
"fkk chalked prick",0.98,Nuclear
"f _u_ck worst clown",0.99,Nuclear
"fook i give up bronze",0.98,Nuclear
"alt f4 fucking please",0.99,Nuclear
"fucked cooked waste",0.98,Nuclear
"trash hardstuck",0.97,Nuclear
"shut up shitty im gone",0.98,Nuclear
"phuck over it",0.97,Nuclear
"quit unreal done for",0.98,Nuclear
"quit f**k done",0.97,Nuclear
"fook chalked",0.99,Nuclear
"plz quit fukking walking away",0.97,Nuclear
"dodge im gone",0.99,Nuclear
"fuck tilt clown",0.98,Nuclear
"pathetic cant take it",0.99,Nuclear
"over idiot",0.97,Nuclear
"fuking checking out cunt",0.98,Nuclear
"fucked pointless",0.98,Nuclear
"f _u_ck i give up autist",0.97,Nuclear
"log off unreal chalked",0.99,Nuclear
"brainless cooked troll",0.97,Nuclear
"bullshit nonsense bitch",0.98,Nuclear
"cope checking out",0.97,Nuclear
"stfu horseshit pointless",0.98,Nuclear
"stfu wtf",0.98,Nuclear
"horseshit dead",0.98,Nuclear
"go next deleting",0.98,Nuclear
"kys insane insane",0.98,Nuclear
"drop dead mentally ill pathetic",0.99,Nuclear
"cry more pointless",0.97,Nuclear
"leave its over",0.98,Nuclear
"quit unreal just end",0.97,Nuclear
"uninstall meaningless",0.99,Nuclear
"kill urself fkng terrible",0.97,Nuclear
"go next disgusting",0.97,Nuclear
"wack imbecile",0.98,Nuclear
"gtfo f k i n g wack",0.98,Nuclear
"uninstall tilted",0.99,Nuclear
"horseshit log off subhuman",0.98,Nuclear
"fucker pull the plug dog",0.99,Nuclear
"delusional damn dick",0.97,Nuclear
"log off fvcking washed",0.98,Nuclear
"stop shitter",0.98,Nuclear
"fkk trash animal",0.99,Nuclear
"fukk had enough hardstuck",0.98,Nuclear
"neck urself dammit",0.98,Nuclear
"fucked cant take it cancer",0.99,Nuclear
"uninstall fkk im out",0.99,Nuclear
"go next unreal shut it down",0.97,Nuclear
"dodge log off",0.97,Nuclear
"get out fvcking its over",0.98,Nuclear
"log off useless malding",0.98,Nuclear
"touch grass broken",0.98,Nuclear
"go fk unlucky",0.97,Nuclear
"fckn wild cancer",0.98,Nuclear
"cringe i give up loser",0.99,Nuclear
"fvcking fck",0.97,Nuclear
"f*ck washed",0.99,Nuclear
"cope useless",0.97,Nuclear
"uninstall fking i give up",0.98,Nuclear
"delusional miserable prick",0.99,Nuclear
"neck urself f _u_ck tragic",0.98,Nuclear
"quit pathetic toxic",0.98,Nuclear
"disgusting done for",0.98,Nuclear
"sit fucked tilted",0.99,Nuclear
"shutup wrap it up",0.98,Nuclear
"im quitting troll",0.98,Nuclear
"seethe fkng gg",0.98,Nuclear
"sit fuk im gone",0.98,Nuclear
"unreal bullshit",0.99,Nuclear
"actual deleting npc",0.98,Nuclear
"quit had enough",0.97,Nuclear
"fkng cooked noob",0.98,Nuclear
"shutup bullshit im out",0.97,Nuclear
"go next dead",0.98,Nuclear
"fucking chalked freak",0.98,Nuclear
"cant take it whore",0.98,Nuclear
"quit horseshit cant take it",0.97,Nuclear
"leave f_ck end it all",0.97,Nuclear
"no more bitch",0.98,Nuclear
"fookin gg idiot",0.99,Nuclear
"f*cking ggs random",0.97,Nuclear
"cry more absolute peace out",0.99,Nuclear
"fucker washed",0.97,Nuclear
"fucked dammit shitter",0.98,Nuclear
"f_cking joke scum",0.98,Nuclear
"fookin done",0.98,Nuclear
"f_cking stop garbage",0.98,Nuclear
"terrible trash",0.99,Nuclear
"ff worthless miserable",0.98,Nuclear
"neck urself fuking why",0.98,Nuclear
"f -u c-k end it all",0.98,Nuclear
"fkk log off",0.98,Nuclear
"fucker useless",0.99,Nuclear
"fok crazy",0.99,Nuclear
"fckn fuck griefer",0.98,Nuclear
"braindead exhausting imbecile",0.98,Nuclear
"dodge f**king im retiring",0.97,Nuclear
"fker tragic garbage",0.98,Nuclear
"f u c k braindead",0.98,Nuclear
"delete game f u c k i n g omfg",0.97,Nuclear
"sit braindead im retiring",0.98,Nuclear
"alt f4 fukking make it stop",0.98,Nuclear
"fucked im quitting dick",0.97,Nuclear
"fking hell cunt",0.98,Nuclear
"f-k-i-n-g disgusting moron",0.98,Nuclear
"sit insane",0.98,Nuclear
"log off why",0.98,Nuclear
"f.u.c.k ggs kid",0.98,Nuclear
"worthless joke",0.98,Nuclear
"phucking lmao",0.97,Nuclear
"i give up loser",0.99,Nuclear
"logging out shitter",0.98,Nuclear
"fkng done imbecile",0.98,Nuclear
"get cancer f.u.c.k over it",0.98,Nuclear
"gtfo dammit",0.98,Nuclear
"delete game fker hell",0.98,Nuclear
"plz quit shitty washed",0.97,Nuclear
"dogshit im gone bitch",0.98,Nuclear
"quit f**king horrible",0.99,Nuclear
"drop dead f k i n g uninstalling",0.98,Nuclear
"pull the plug waste",0.98,Nuclear
"alt f4 bruh",0.98,Nuclear
"fcking peace out",0.98,Nuclear
"absolute im quitting ape",0.97,Nuclear
"pathetic cancer",0.98,Nuclear
"leave fucker deleting",0.98,Nuclear
"stfu fkng give up",0.98,Nuclear
"f**king ggs npc",0.99,Nuclear
"f-k-i-n-g make it stop npc",0.98,Nuclear
"bullshit insane",0.97,Nuclear
"delete game fking im out",0.98,Nuclear
"malding bitch",0.98,Nuclear
"shut up finished",0.97,Nuclear
"get out fuk dead",0.97,Nuclear
"joke iron",0.99,Nuclear
"f**k pointless",0.98,Nuclear
"fucker trolling random",0.97,Nuclear
"go fck walking away animal",0.98,Nuclear
"motherfucking exhausting dog",0.98,Nuclear
"f u c k i n g done noob",0.98,Nuclear
"tilt trash",0.98,Nuclear
"go next actual chalked",0.97,Nuclear
"fookin chalked noob",0.98,Nuclear
"phucking ridiculous troll",0.98,Nuclear
"seethe terrible",0.98,Nuclear
"choke useless",0.98,Nuclear
"f k i n g dammit loser",0.99,Nuclear
"f _u_ck im retiring",0.98,Nuclear
"fcked im out",0.98,Nuclear
"neck urself trolling",0.99,Nuclear
"plz quit bruh",0.98,Nuclear
"dodge f.u.c.k shit",0.98,Nuclear
"fck pathetic autist",0.99,Nuclear
"f-u-c-k end it all",0.98,Nuclear
"mentally ill joke bastard",0.99,Nuclear
"kill urself wack",0.99,Nuclear
"finished griefer",0.97,Nuclear
"fking gg next",0.98,Nuclear
"shut up chalked",0.98,Nuclear
"end it all kid",0.98,Nuclear
"drop dead fukking trash",0.97,Nuclear
"fvcking cant anymore tumor",0.98,Nuclear
"omfg slut",0.98,Nuclear
"trolling bronze",0.97,Nuclear
"neck urself f.u.c.k im done",0.98,Nuclear
"f u c k i n g i give up trash",0.98,Nuclear
"f_ck cooked bot",0.98,Nuclear
"literal ggs",0.98,Nuclear
"sit crazy",0.98,Nuclear
"toxic log off",0.99,Nuclear
"cant take it freak",0.98,Nuclear
"kill urself fukk disgusting",0.97,Nuclear
"f-k-i-n-g checking out noob",0.98,Nuclear
"motherfucking just stop",0.99,Nuclear
"f**king crap loser",0.98,Nuclear
"fucker walking away random",0.98,Nuclear
"brainless miserable moron",0.97,Nuclear
"fvck im gone subhuman",0.98,Nuclear
"fucker tilted hardstuck",0.99,Nuclear
"wtf npc",0.98,Nuclear
"log off cunt",0.98,Nuclear
"ff insane stepping away",0.97,Nuclear
"go next i give up",0.99,Nuclear
"fker trolling bitch",0.99,Nuclear
"get out fucker unlucky",0.98,Nuclear
"shitty cooked loser",0.98,Nuclear
"fok worst",0.98,Nuclear
"cringe make it stop",0.98,Nuclear
"drop dead dogshit im done",0.99,Nuclear
"fckn pointless",0.99,Nuclear
"neck urself fvck useless",0.97,Nuclear
"kys fuk wack",0.97,Nuclear
"cancerous log off",0.97,Nuclear
"kys fcking shit",0.99,Nuclear
"neck urself please",0.98,Nuclear
"shutup cringe just end",0.98,Nuclear
"fuking tilt troll",0.98,Nuclear
"f_cking awful random",0.98,Nuclear
"dodge delusional ggs",0.98,Nuclear
"stfu uninstalling",0.98,Nuclear
"done npc",0.97,Nuclear
"uninstall wrap it up",0.98,Nuclear
"f_cking just end",0.98,Nuclear
"log off retard",0.99,Nuclear
"f*cking done for animal",0.98,Nuclear
"go fk walking away",0.99,Nuclear
"f_cking braindead imbecile",0.98,Nuclear
"bs tumor",0.98,Nuclear
"fuck log off slut",0.98,Nuclear
"neck urself checking out",0.99,Nuclear
"ff f -u c-k wild",0.98,Nuclear
"fuking dammit waste",0.98,Nuclear
"get cancer worthless broken",0.98,Nuclear
"braindead bruh",0.97,Nuclear
"crazy iron",0.97,Nuclear
"horrible mong",0.97,Nuclear
"f_ck hell pussy",0.97,Nuclear
"gtfo worthless chalked",0.97,Nuclear
"useless garbage",0.98,Nuclear
"phuck hell clown",0.98,Nuclear
"log off im retiring",0.98,Nuclear
"log off f*cking why",0.99,Nuclear
"gtfo fucker please",0.97,Nuclear
"shut it down npc",0.97,Nuclear
"shut up trolling",0.99,Nuclear
"disgusting meaningless",0.99,Nuclear
"cope brainless ridiculous",0.98,Nuclear
"quit trashy logging out",0.98,Nuclear
"f_cking wild tumor",0.98,Nuclear
"quit f _u_ck give up",0.99,Nuclear
"gtfo i give up",0.98,Nuclear
"delusional disgusting",0.98,Nuclear
"fuk chalked braindead",0.98,Nuclear
"quit why",0.97,Nuclear
"go next f*ck cooked",0.97,Nuclear
"toxic gg next",0.99,Nuclear
"fckn wack imbecile",0.99,Nuclear
"get out literal troll",0.99,Nuclear
"bullshit bruh ape",0.98,Nuclear
"fuck make it stop",0.99,Nuclear
"cry more f _u_ck its over",0.99,Nuclear
"go next fucking log off",0.98,Nuclear
"cancerous over it",0.98,Nuclear
"drop dead nonsense",0.98,Nuclear
"washed bozo",0.98,Nuclear
"fucking lmao imbecile",0.98,Nuclear
"fcking over it",0.97,Nuclear
"delete game fker make it stop",0.97,Nuclear
"washed griefer",0.97,Nuclear
"log off brainless over it",0.99,Nuclear
"log off absolute no more",0.98,Nuclear
"kys cancerous trash",0.99,Nuclear
"cope fker fuck",0.97,Nuclear
"seethe worst",0.98,Nuclear
"f*ck useless moron",0.97,Nuclear
"f_cking chalked noob",0.99,Nuclear
"kill urself f-k-i-n-g im leaving",0.98,Nuclear
"alt f4 mentally ill trolling",0.99,Nuclear
"f**k im done",0.98,Nuclear
"actual wrap it up",0.97,Nuclear
"useless feeder",0.97,Nuclear
"sit cringe done for",0.98,Nuclear
"fucked bs",0.97,Nuclear
"chalked scum",0.99,Nuclear
"bullshit im out cunt",0.97,Nuclear
"log off f u c k i n g washed",0.97,Nuclear
"bullshit bruh hardstuck",0.98,Nuclear
"f k i n g tilt garbage",0.98,Nuclear
"uninstall toxic peace out",0.98,Nuclear
"mfing shit",0.97,Nuclear
"f*cking chalked hardstuck",0.97,Nuclear
"fok end it all slut",0.97,Nuclear
"motherfucking worst",0.99,Nuclear
"fking toxic",0.98,Nuclear
"choke absolute wack",0.98,Nuclear
"stfu phucking pathetic",0.97,Nuclear
"choke deleting",0.98,Nuclear
"cry more fkng done",0.98,Nuclear
"shitty washed shitter",0.98,Nuclear
"touch grass stepping away",0.99,Nuclear
"gtfo motherfucking tilted",0.98,Nuclear
"fucker dead autist",0.98,Nuclear
"toxic pathetic trash",0.99,Nuclear
"garbage bozo",0.97,Nuclear
"f*cking nonsense imbecile",0.97,Nuclear
"gtfo shitty no more",0.98,Nuclear
"log off hardstuck",0.97,Nuclear
"cope washed",0.97,Nuclear
"fcking tilt subhuman",0.98,Nuclear
"log off awful",0.97,Nuclear
"wack bronze",0.99,Nuclear
"fkng stop freak",0.99,Nuclear
"neck urself fkk troll",0.98,Nuclear
"fukk log off",0.97,Nuclear
"vile miserable bot",0.98,Nuclear
"kill urself fckng please",0.97,Nuclear
"dodge done for",0.99,Nuclear
"shutup fvck checking out",0.98,Nuclear
"disgusting troll",0.98,Nuclear
"nonsense cancer",0.98,Nuclear
"fcking garbage bronze",0.98,Nuclear
"delusional exhausting bot",0.98,Nuclear
"plz quit horseshit bullshit",0.99,Nuclear
"unreal gg next braindead",0.98,Nuclear
"stfu f*ck crazy",0.98,Nuclear
"alt f4 fvcking washed",0.98,Nuclear
"log off fucked meaningless",0.98,Nuclear
"fking tragic random",0.98,Nuclear
"fook pointless bitch",0.97,Nuclear
"f-k-i-n-g malding bot",0.97,Nuclear
"fok bs dick",0.97,Nuclear
"shut up fucked just stop",0.98,Nuclear
"gtfo f _u_ck stop",0.98,Nuclear
"fkk stop iron",0.98,Nuclear
"please loser",0.98,Nuclear
"uninstall f**king cooked",0.99,Nuclear
"fckng ggs",0.98,Nuclear
"choke fucking logging out",0.97,Nuclear
"f u c k i n g done",0.98,Nuclear
"bullshit clown",0.98,Nuclear
"fckng wild",0.99,Nuclear
"fkk done clown",0.97,Nuclear
"delusional trash hardstuck",0.98,Nuclear
"peace out tumor",0.97,Nuclear
"f_u_c_k trolling cunt",0.99,Nuclear
"fucker finished idiot",0.97,Nuclear
"absolute disgusting idiot",0.97,Nuclear
"alt f4 fucker bruh",0.97,Nuclear
"touch grass over it",0.99,Nuclear
"f.u.c.k trash clown",0.98,Nuclear
"im out iron",0.99,Nuclear
"f.u.c.k joke tumor",0.98,Nuclear
"shutup dammit",0.98,Nuclear
"quit actual bruh",0.98,Nuclear
"walking away noob",0.97,Nuclear
"f-k-i-n-g awful troll",0.97,Nuclear
"damn kid",0.99,Nuclear
"cry more pathetic stepping away",0.97,Nuclear
"kill urself useless horrible",0.98,Nuclear
"go fck cooked hardstuck",0.98,Nuclear
"vile horrible bozo",0.97,Nuclear
"alt f4 shitty had enough",0.97,Nuclear
"seethe fuking done for",0.97,Nuclear
"shut up terrible",0.97,Nuclear
"go fk just end pussy",0.98,Nuclear
"touch grass toxic trash",0.97,Nuclear
"cringe i give up",0.98,Nuclear
"go next fvcking nonsense",0.99,Nuclear
"insane imbecile",0.99,Nuclear
"gtfo f_u_c_k ggs",0.98,Nuclear
"ggs dog",0.98,Nuclear
"kill urself fking unlucky",0.98,Nuclear
"f _u_ck lmao iron",0.98,Nuclear
"fkng peace out imbecile",0.97,Nuclear
"get out insane uninstalling",0.99,Nuclear
"disgusting cant anymore",0.98,Nuclear
"cry more f_u_c_k horrible",0.99,Nuclear
"cope dogshit just stop",0.98,Nuclear
"phucking wrap it up retard",0.97,Nuclear
"fok im done scum",0.98,Nuclear
"kill urself stepping away",0.99,Nuclear
"fukk shit",0.98,Nuclear
"get out fuck",0.98,Nuclear
"unreal i give up clown",0.97,Nuclear
"toxic dick",0.99,Nuclear
"f _u_ck give up autist",0.98,Nuclear
"fookin cooked tumor",0.99,Nuclear
"disgusting had enough",0.98,Nuclear
"f_cking im gone ape",0.98,Nuclear
"f u c k fuck",0.98,Nuclear
"f-k-i-n-g make it stop bot",0.98,Nuclear
"get cancer fckng trash",0.99,Nuclear
"shut up f_cking wrap it up",0.99,Nuclear
"neck urself f*ck insane",0.98,Nuclear
"stepping away whore",0.98,Nuclear
"plz quit pointless",0.98,Nuclear
"touch grass go fck tragic",0.97,Nuclear
"sit go fck uninstalling",0.99,Nuclear
"phuck shit whore",0.99,Nuclear
"f*cking end",0.99,Nuclear
"brainless lmao bot",0.98,Nuclear
"fucking hell",0.98,Nuclear
"phucking stepping away trash",0.99,Nuclear
"get cancer wack",0.98,Nuclear
"plz quit cancerous im out",0.98,Nuclear
"fckng cant anymore",0.99,Nuclear
"log off bozo",0.98,Nuclear
"f -u c-k why",0.97,Nuclear
"please bastard",0.98,Nuclear
"leave nonsense",0.98,Nuclear
"log off fook shut it down",0.99,Nuclear
"fuking over it",0.99,Nuclear
"sit exhausting",0.97,Nuclear
"fucking just end",0.98,Nuclear
"shut up ggs",0.98,Nuclear
"dodge fuck",0.99,Nuclear
"fok just end",0.98,Nuclear
"leave im retiring",0.98,Nuclear
"get cancer disgusting",0.99,Nuclear
"seethe im leaving",0.98,Nuclear
"uninstall f-k-i-n-g wack",0.99,Nuclear
"drop dead f.u.c.k fuck",0.97,Nuclear
"quit go fk bs",0.97,Nuclear
"choke literal im quitting",0.97,Nuclear
"sit unreal wtf",0.98,Nuclear
"shut it down retard",0.99,Nuclear
"fukk give up whore",0.99,Nuclear
"go next f**king wtf",0.98,Nuclear
"crazy cunt",0.99,Nuclear
"peace out dick",0.98,Nuclear
"fvck stepping away garbage",0.99,Nuclear
"trash braindead",0.98,Nuclear
"kys im retiring",0.99,Nuclear
"f**king sht imbecile",0.98,Nuclear
"worthless tragic idiot",0.98,Nuclear
"just end retard",0.99,Nuclear
"garbage iron",0.97,Nuclear
"mentally ill just stop retard",0.98,Nuclear
"shutup phucking bullshit",0.98,Nuclear
"bs whore",0.98,Nuclear
"fvck garbage",0.98,Nuclear
"get cancer f-k-i-n-g tilt",0.98,Nuclear
"seethe f k i n g malding",0.97,Nuclear
"uninstalling whore",0.97,Nuclear
"fvck unlucky cunt",0.98,Nuclear
"stepping away imbecile",0.98,Nuclear
"fuck wtf",0.98,Nuclear
"get cancer f*cking peace out",0.97,Nuclear
"ff f -u c-k garbage",0.98,Nuclear
"log off fok disgusting",0.98,Nuclear
"crap idiot",0.98,Nuclear
"kys fck cooked",0.97,Nuclear
"plz quit done",0.97,Nuclear
"shutup mfing cooked",0.97,Nuclear
"fkk insane loser",0.98,Nuclear
"shutup mentally ill hell",0.98,Nuclear
"vile bruh bastard",0.98,Nuclear
"f-k-i-n-g worst",0.99,Nuclear
"drop dead f u c k i n g horrible",0.98,Nuclear
"kill urself just stop",0.98,Nuclear
"f_ck uninstalling dick",0.97,Nuclear
"fookin cant take it",0.98,Nuclear
"fucker im quitting",0.99,Nuclear
"sit fkng im quitting",0.98,Nuclear
"fkng cant anymore scum",0.99,Nuclear
"cancerous ridiculous idiot",0.98,Nuclear
"just end pussy",0.98,Nuclear
"bullshit washed cunt",0.98,Nuclear
"drop dead cringe chalked",0.99,Nuclear
"checking out scum",0.98,Nuclear
"go fk done",0.97,Nuclear
"delusional ridiculous griefer",0.98,Nuclear
"neck urself unreal exhausting",0.97,Nuclear
"cry more its over",0.99,Nuclear
"gtfo f_ck stepping away",0.98,Nuclear
"fuking trash animal",0.97,Nuclear
"stfu fook cooked",0.98,Nuclear
"shutup ggs",0.98,Nuclear
"f u c k i n g had enough pussy",0.97,Nuclear
"f_cking im quitting",0.97,Nuclear
"get out wild",0.99,Nuclear
"absolute joke bastard",0.99,Nuclear
"choke worthless wrap it up",0.98,Nuclear
"get cancer fuck just stop",0.97,Nuclear
"shut up cringe done",0.98,Nuclear
"leave ridiculous",0.98,Nuclear
"delusional log off",0.98,Nuclear
"fkk done braindead",0.98,Nuclear
"stepping away idiot",0.98,Nuclear
"f u c k deleting retard",0.99,Nuclear
"drop dead useless pathetic",0.98,Nuclear
"end prick",0.98,Nuclear
"go fck just stop iron",0.97,Nuclear
"plz quit log off",0.98,Nuclear
"shut up delusional pathetic",0.98,Nuclear
"delete game vile im retiring",0.98,Nuclear
"uninstall fkk i give up",0.98,Nuclear
"fuk over it ape",0.98,Nuclear
"garbage freak",0.98,Nuclear
"fook trolling",0.97,Nuclear
"actual please",0.99,Nuclear
"give up hardstuck",0.97,Nuclear
"leave fook make it stop",0.98,Nuclear
"sit wack",0.98,Nuclear
"stfu fck cooked",0.97,Nuclear
"fuking disgusting trash",0.97,Nuclear
"f_u_c_k no more griefer",0.97,Nuclear
"washed npc",0.99,Nuclear
"gtfo trolling",0.99,Nuclear
"over it hardstuck",0.98,Nuclear
"kys fckng chalked",0.99,Nuclear
"quit finished",0.97,Nuclear
"kill urself worthless useless",0.98,Nuclear
"delete game fook useless",0.97,Nuclear
"actual crazy retard",0.98,Nuclear
"motherfucking bullshit troll",0.98,Nuclear
"fok cooked waste",0.98,Nuclear
"uninstall bruh",0.98,Nuclear
"dodge f_u_c_k done",0.97,Nuclear
"neck urself actual hell",0.98,Nuclear
"toxic useless kid",0.98,Nuclear
"fcked trolling troll",0.98,Nuclear
"bullshit nonsense noob",0.97,Nuclear
"shutup done for",0.98,Nuclear
"leave fucking braindead",0.98,Nuclear
"fking miserable prick",0.98,Nuclear
"uninstall fking cooked",0.98,Nuclear
"cancerous garbage npc",0.98,Nuclear
"literal end",0.99,Nuclear
"cry more had enough",0.97,Nuclear
"leave cant take it",0.97,Nuclear
"unreal shit bastard",0.98,Nuclear
"shut up fker shut it down",0.97,Nuclear
"touch grass f-k-i-n-g just end",0.97,Nuclear
"uninstalling iron",0.98,Nuclear
"tragic dog",0.97,Nuclear
"washed scum",0.97,Nuclear
"fuck peace out",0.97,Nuclear
"ggs bozo",0.97,Nuclear
"actual done cunt",0.99,Nuclear
"fkk ggs",0.97,Nuclear
"fvcking cooked moron",0.99,Nuclear
"f -u c-k awful",0.99,Nuclear
"neck urself tilt",0.97,Nuclear
"get cancer fook fck",0.99,Nuclear
"bullshit hell subhuman",0.97,Nuclear
"neck urself braindead im gone",0.97,Nuclear
"plz quit fkk malding",0.98,Nuclear
"stepping away loser",0.98,Nuclear
"absolute finished freak",0.98,Nuclear
"seethe miserable",0.99,Nuclear
"end it all scum",0.98,Nuclear
"cry more sht",0.98,Nuclear
"disgusting why kid",0.97,Nuclear
"dead animal",0.98,Nuclear
"choke mfing i give up",0.98,Nuclear
"go next hell",0.98,Nuclear
"log off end it all",0.98,Nuclear
"trolling npc",0.98,Nuclear
"fucked im leaving troll",0.97,Nuclear
"ff phucking trolling",0.97,Nuclear
"fkk pointless",0.98,Nuclear
"fuck awful moron",0.98,Nuclear
"cry more joke",0.98,Nuclear
"alt f4 why",0.98,Nuclear
"wtf mong",0.99,Nuclear
"seethe fukk over it",0.99,Nuclear
"f u c k end it all",0.98,Nuclear
"delusional gg next dog",0.97,Nuclear
"fcking washed scum",0.97,Nuclear
"kill urself fucker i give up",0.97,Nuclear
"braindead im retiring",0.98,Nuclear
"dogshit gg bronze",0.99,Nuclear
"fucking dammit ape",0.99,Nuclear
"fuk over it",0.97,Nuclear
"bs dog",0.99,Nuclear
"ff f_cking its over",0.99,Nuclear
"neck urself f -u c-k im quitting",0.99,Nuclear
"fkk bruh autist",0.97,Nuclear
"f _u_ck uninstalling autist",0.98,Nuclear
"cope over it",0.98,Nuclear
"get out fckn omfg",0.99,Nuclear
"absolute joke scum",0.98,Nuclear
"f -u c-k wrap it up",0.97,Nuclear
"leave exhausting",0.98,Nuclear
"stfu logging out",0.99,Nuclear
"ff fker bullshit",0.99,Nuclear
"leave pathetic",0.98,Nuclear
"im quitting feeder",0.98,Nuclear
"fck wack",0.98,Nuclear
"fvck malding",0.97,Nuclear
"shitty peace out",0.98,Nuclear
"choke just end",0.97,Nuclear
"cope f_cking damn",0.98,Nuclear
"f.u.c.k dead",0.98,Nuclear
"horrible loser",0.98,Nuclear
"phuck im retiring",0.97,Nuclear
"fucking wack retard",0.98,Nuclear
"cry more log off",0.98,Nuclear
"alt f4 brainless meaningless",0.97,Nuclear
"leave actual insane",0.98,Nuclear
"dodge toxic",0.97,Nuclear
"log off griefer",0.99,Nuclear
"disgusting log off animal",0.99,Nuclear
"drop dead fok fuck",0.97,Nuclear
"ff f _u_ck done",0.98,Nuclear
"fcking gg next waste",0.98,Nuclear
"f**k finished",0.97,Nuclear
"f*ck awful dick",0.99,Nuclear
"im retiring random",0.97,Nuclear
"seethe f u c k i n g bullshit",0.99,Nuclear
"f u c k i n g garbage dog",0.98,Nuclear
"touch grass braindead gg",0.98,Nuclear
"touch grass f _u_ck cooked",0.97,Nuclear
"dogshit end it all noob",0.97,Nuclear
"delete game im leaving",0.99,Nuclear
"log off fkk fck",0.99,Nuclear
"garbage troll",0.97,Nuclear
"alt f4 cooked",0.99,Nuclear
"log off f*ck cooked",0.97,Nuclear
"sit trashy over it",0.98,Nuclear
"fker ggs retard",0.98,Nuclear
"ff phuck bs",0.99,Nuclear
"fck exhausting",0.97,Nuclear
"actual im out",0.98,Nuclear
"kill urself awful",0.98,Nuclear
"dogshit end",0.99,Nuclear
"washed cunt",0.98,Nuclear
"bullshit bruh mong",0.99,Nuclear
"choke f u c k useless",0.97,Nuclear
"sit chalked",0.98,Nuclear
"end it all braindead",0.99,Nuclear
"neck urself fuking walking away",0.98,Nuclear
"ff dogshit pull the plug",0.98,Nuclear
"f*ck chalked retard",0.98,Nuclear
"done for cancer",0.97,Nuclear
"pathetic had enough moron",0.99,Nuclear
"fukk why noob",0.98,Nuclear
"actual worst",0.97,Nuclear
"seethe motherfucking ggs",0.99,Nuclear
"fckn bs",0.98,Nuclear
"kys phuck washed",0.97,Nuclear
"seethe fckng bs",0.98,Nuclear
"kys mfing pull the plug",0.97,Nuclear
"uninstall garbage",0.98,Nuclear
"shutup unreal wild",0.97,Nuclear
"trashy done scum",0.97,Nuclear
"f-k-i-n-g troll",0.98,Nuclear
"go fk cant anymore",0.98,Nuclear
"crap freak",0.98,Nuclear
"fkk make it stop",0.99,Nuclear
"fvcking wild dick",0.98,Nuclear
"braindead washed iron",0.99,Nuclear
"tragic trash",0.98,Nuclear
"stepping away animal",0.97,Nuclear
"just end shitter",0.97,Nuclear
"f**k im out mong",0.98,Nuclear
"fok broken npc",0.99,Nuclear
"fker done for animal",0.98,Nuclear
"shut up bullshit chalked",0.98,Nuclear
"toxic garbage braindead",0.98,Nuclear
"fucker logging out",0.98,Nuclear
"bullshit hardstuck",0.99,Nuclear
"terrible bastard",0.99,Nuclear
"fckng exhausting",0.99,Nuclear
"go fk im out",0.97,Nuclear
"f u c k braindead bozo",0.97,Nuclear
"fukk broken troll",0.98,Nuclear
"alt f4 meaningless",0.98,Nuclear
"go fk stepping away",0.97,Nuclear
"cope pointless",0.98,Nuclear
"stfu mfing useless",0.98,Nuclear
"shut up cant anymore",0.98,Nuclear
"fcking end dog",0.99,Nuclear
"leave insane",0.97,Nuclear
"mentally ill crap",0.99,Nuclear
"fukking wtf",0.98,Nuclear
"sit fok toxic",0.99,Nuclear
"delete game cancerous tilt",0.98,Nuclear
"f -u c-k miserable ape",0.98,Nuclear
"neck urself meaningless",0.97,Nuclear
"no more random",0.97,Nuclear
"fuk crap",0.99,Nuclear
"f k i n g over freak",0.99,Nuclear
"fuck dog",0.99,Nuclear
"neck urself vile please",0.99,Nuclear
"worthless im out mong",0.99,Nuclear
"fvck pathetic feeder",0.97,Nuclear
"neck urself crap",0.97,Nuclear
"fck im out",0.97,Nuclear
"shutup im leaving",0.99,Nuclear
"go next fookin bruh",0.98,Nuclear
"gtfo go fk deleting",0.98,Nuclear
"cope mentally ill finished",0.98,Nuclear
"fckng tilted dick",0.97,Nuclear
"f u c k i n g fck",0.98,Nuclear
"mentally ill omfg imbecile",0.97,Nuclear
"absolute crap troll",0.98,Nuclear
"fckn just end waste",0.98,Nuclear
"f k i n g exhausting imbecile",0.99,Nuclear
"alt f4 bs",0.97,Nuclear
"im out garbage",0.99,Nuclear
"fukking finished",0.99,Nuclear
"mfing im quitting",0.98,Nuclear
"f k i n g gg next hardstuck",0.99,Nuclear
"neck urself brainless over",0.98,Nuclear
"touch grass f_u_c_k awful",0.98,Nuclear
"fvcking bullshit",0.98,Nuclear
"f k i n g had enough kid",0.98,Nuclear
"braindead animal",0.98,Nuclear
"plz quit fvcking horrible",0.98,Nuclear
"fkng finished",0.98,Nuclear
"fuck broken",0.98,Nuclear
"touch grass actual walking away",0.97,Nuclear
"stfu fok garbage",0.97,Nuclear
"leave cancerous bs",0.98,Nuclear
"f_u_c_k damn",0.98,Nuclear
"touch grass terrible",0.97,Nuclear
"stfu f.u.c.k why",0.98,Nuclear
"sit fking sht",0.98,Nuclear
"uninstall go fck gg next",0.98,Nuclear
"absolute toxic prick",0.98,Nuclear
"touch grass f**king end it all",0.98,Nuclear
"f-u-c-k crazy bronze",0.98,Nuclear
"fukk trolling autist",0.99,Nuclear
"f**king garbage",0.98,Nuclear
"f_cking cant anymore scum",0.99,Nuclear
"wack scum",0.98,Nuclear
"drop dead its over",0.99,Nuclear
"kys fck stop",0.97,Nuclear
"motherfucking washed",0.98,Nuclear
"motherfucking done for dick",0.99,Nuclear
"f k i n g cooked",0.97,Nuclear
"fuck troll",0.97,Nuclear
"drop dead f**k wack",0.97,Nuclear
"fckng bs ape",0.97,Nuclear
"gtfo mfing fck",0.99,Nuclear
"go fk horrible whore",0.98,Nuclear
"fucker pull the plug slut",0.97,Nuclear
"bullshit gg npc",0.98,Nuclear
"stepping away garbage",0.98,Nuclear
"cry more trash",0.99,Nuclear
"touch grass damn",0.97,Nuclear
"hell garbage",0.99,Nuclear
"fok ggs",0.99,Nuclear
"kill urself fvcking pointless",0.97,Nuclear
"broken idiot",0.98,Nuclear
"delete game mentally ill meaningless",0.98,Nuclear
"fuck give up",0.98,Nuclear
"fucker tilted mong",0.98,Nuclear
"plz quit fvcking over",0.99,Nuclear
"ff just stop",0.99,Nuclear
"go fk please whore",0.97,Nuclear
"vile wack",0.98,Nuclear
"fckng cooked tumor",0.98,Nuclear
"log off insane joke",0.99,Nuclear
"get cancer im quitting",0.99,Nuclear
"trash mong",0.98,Nuclear
"cant anymore shitter",0.99,Nuclear
"fukk nonsense cunt",0.97,Nuclear
"done prick",0.98,Nuclear
"f u c k i n g fuck braindead",0.99,Nuclear
"logging out retard",0.99,Nuclear
"neck urself toxic ggs",0.97,Nuclear
"quit logging out",0.98,Nuclear
"fucked awful bronze",0.99,Nuclear
"malding prick",0.99,Nuclear
"im quitting loser",0.97,Nuclear
"delusional shit",0.98,Nuclear
"fvcking hell",0.98,Nuclear
"alt f4 f_cking checking out",0.98,Nuclear
"delete game over it",0.98,Nuclear
"neck urself fkng braindead",0.99,Nuclear
"choke im quitting",0.98,Nuclear
"f-u-c-k chalked",0.98,Nuclear
"f_u_c_k im leaving",0.99,Nuclear
"phuck im gone whore",0.97,Nuclear
"gtfo pathetic ridiculous",0.99,Nuclear
"insane omfg",0.98,Nuclear
"phucking insane braindead",0.98,Nuclear
"fucker insane prick",0.98,Nuclear
"fukking dammit",0.99,Nuclear
"f u c k stepping away retard",0.98,Nuclear
"insane joke mong",0.98,Nuclear
"literal done garbage",0.97,Nuclear
"touch grass f u c k cant anymore",0.98,Nuclear
"just end loser",0.98,Nuclear
"unlucky whore",0.98,Nuclear
"fking i give up tumor",0.98,Nuclear
"ff insane make it stop",0.99,Nuclear
"crazy bastard",0.99,Nuclear
"shut it down idiot",0.97,Nuclear
"dammit dog",0.97,Nuclear
"f u c k i n g peace out subhuman",0.99,Nuclear
"go fck dammit",0.98,Nuclear
"dodge logging out",0.97,Nuclear
"horseshit miserable pussy",0.97,Nuclear
"literal cooked",0.98,Nuclear
"f**k finished dog",0.97,Nuclear
"f_u_c_k ggs tumor",0.99,Nuclear
"go fk pathetic",0.98,Nuclear
"get out toxic",0.97,Nuclear
"fuck make it stop imbecile",0.98,Nuclear
"shutup fukking ggs",0.98,Nuclear
"cry more f*ck over",0.97,Nuclear
"quit cringe finished",0.99,Nuclear
"pathetic dick",0.98,Nuclear
"leave actual pathetic",0.98,Nuclear
"literal make it stop",0.98,Nuclear
"fucking wrap it up loser",0.98,Nuclear
"f k i n g tilt",0.99,Nuclear
"gg next garbage",0.99,Nuclear
"ff fucked make it stop",0.98,Nuclear
"fkng finished freak",0.98,Nuclear
"f -u c-k toxic ape",0.98,Nuclear
"cancerous ggs pussy",0.98,Nuclear
"kys toxic trolling",0.99,Nuclear
"neck urself dead",0.98,Nuclear
"im out cancer",0.98,Nuclear
"tragic whore",0.97,Nuclear
"cancerous damn mong",0.98,Nuclear
"leave f_u_c_k make it stop",0.98,Nuclear
"cry more delusional pathetic",0.98,Nuclear
"unreal end it all bronze",0.98,Nuclear
"pointless animal",0.98,Nuclear
"gg bastard",0.98,Nuclear
"insane logging out",0.98,Nuclear
"stfu make it stop",0.99,Nuclear
"dodge actual im quitting",0.98,Nuclear
"fvck wrap it up",0.99,Nuclear
"fkk over it",0.98,Nuclear
"f.u.c.k disgusting",0.98,Nuclear
"motherfucking insane",0.98,Nuclear
"shitty braindead",0.97,Nuclear
"f -u c-k im retiring",0.99,Nuclear
"actual useless bot",0.99,Nuclear
"stfu trashy ggs",0.97,Nuclear
"fukking im done dog",0.97,Nuclear
"fucker i give up",0.97,Nuclear
"quit fucked lmao",0.98,Nuclear
"fvck shit",0.97,Nuclear
"insane ggs bozo",0.98,Nuclear
"f u c k i n g ggs",0.99,Nuclear
"shutup f u c k i n g dammit",0.98,Nuclear
"stepping away trash",0.98,Nuclear
"useless trash dog",0.98,Nuclear
"useless bullshit feeder",0.99,Nuclear
"neck urself braindead",0.99,Nuclear
"cooked waste",0.98,Nuclear
"gtfo done for",0.99,Nuclear
"dodge miserable",0.98,Nuclear
"fuk just end bronze",0.97,Nuclear
"f k i n g done for loser",0.98,Nuclear
"phucking im leaving",0.99,Nuclear
"braindead fck loser",0.99,Nuclear
"wrap it up bastard",0.99,Nuclear
"dodge wrap it up",0.98,Nuclear
"fukk fck",0.98,Nuclear
"kys absolute trolling",0.99,Nuclear
"motherfucking lmao cunt",0.99,Nuclear
"disgusting cooked prick",0.98,Nuclear
"f_ck sht",0.98,Nuclear
"sit fcking miserable",0.98,Nuclear
"quit f_cking washed",0.99,Nuclear
"get cancer fuck tilted",0.97,Nuclear
"fck retard",0.99,Nuclear
"dammit kid",0.99,Nuclear
"log off just end",0.99,Nuclear
"fvck disgusting",0.98,Nuclear
"phucking over it",0.98,Nuclear
"end it all dog",0.98,Nuclear
"get cancer worst",0.98,Nuclear
"f**k tilt",0.99,Nuclear
"delusional im leaving",0.98,Nuclear
"go fk im leaving pussy",0.97,Nuclear
"f**k lmao loser",0.97,Nuclear
"uninstall cant take it",0.98,Nuclear
"f*ck shut it down waste",0.97,Nuclear
"seethe just end",0.98,Nuclear
"touch grass f-k-i-n-g damn",0.98,Nuclear
"delete game troll",0.98,Nuclear
"give up freak",0.99,Nuclear
"bruh npc",0.97,Nuclear
"kys disgusting done",0.99,Nuclear
"fvcking shut it down",0.98,Nuclear
"leave brainless cant anymore",0.98,Nuclear
"go fk shut it down subhuman",0.98,Nuclear
"quit horseshit malding",0.97,Nuclear
"crap moron",0.99,Nuclear
"fking shit",0.97,Nuclear
"mentally ill pull the plug subhuman",0.99,Nuclear
"f**king tragic",0.97,Nuclear
"get cancer braindead horrible",0.99,Nuclear
"seethe f*cking finished",0.98,Nuclear
"go next broken",0.97,Nuclear
"get cancer f**k washed",0.97,Nuclear
"f -u c-k pathetic",0.97,Nuclear
"seethe walking away",0.98,Nuclear
"fuck tilt freak",0.98,Nuclear
"log off f _u_ck stepping away",0.98,Nuclear
"shitty fuck",0.99,Nuclear
"f -u c-k im quitting slut",0.99,Nuclear
"delete game toxic washed",0.98,Nuclear
"get cancer f_u_c_k done",0.97,Nuclear
"sit shitty just stop",0.99,Nuclear
"worthless done",0.98,Nuclear
"worst freak",0.97,Nuclear
"quit fuck insane",0.99,Nuclear
"shut up cancerous wrap it up",0.98,Nuclear
"crazy kid",0.97,Nuclear
"fucker its over imbecile",0.97,Nuclear
"dammit autist",0.98,Nuclear
"absolute broken",0.97,Nuclear
"log off horseshit trolling",0.97,Nuclear
"seethe f_cking im leaving",0.97,Nuclear
"plz quit pathetic had enough",0.99,Nuclear
"drop dead pull the plug",0.97,Nuclear
"fookin chalked bot",0.98,Nuclear
"gg cancer",0.99,Nuclear
"neck urself fuk crap",0.98,Nuclear
"fucking damn",0.98,Nuclear
"dead trash",0.99,Nuclear
"get out shut it down",0.98,Nuclear
"vile pathetic bot",0.98,Nuclear
"stfu fookin awful",0.97,Nuclear
"seethe f_u_c_k im out",0.98,Nuclear
"toxic wack",0.98,Nuclear
"get out just end",0.99,Nuclear
"fucked uninstalling",0.98,Nuclear
"phucking garbage waste",0.97,Nuclear
"fkk log off freak",0.99,Nuclear
"trashy end it all hardstuck",0.97,Nuclear
"ff fkk i give up",0.98,Nuclear
"cope fuk done",0.99,Nuclear
"broken bozo",0.97,Nuclear
"vile end",0.97,Nuclear
"worthless terrible",0.98,Nuclear
"fkk give up dick",0.97,Nuclear
"done dog",0.98,Nuclear
"cry more fking cooked",0.98,Nuclear
"go fk done for dog",0.98,Nuclear
"get cancer f-u-c-k peace out",0.98,Nuclear
"quit miserable",0.97,Nuclear
"quit actual joke",0.99,Nuclear
"dodge fck fck",0.98,Nuclear
"terrible slut",0.97,Nuclear
"braindead walking away idiot",0.97,Nuclear
"f*ck make it stop",0.99,Nuclear
"uninstall fookin omfg",0.99,Nuclear
"go next unreal log off",0.98,Nuclear
"mfing log off slut",0.98,Nuclear
"mentally ill bs",0.98,Nuclear
"plz quit fook im leaving",0.99,Nuclear
"fckng done",0.98,Nuclear
"insane ggs noob",0.99,Nuclear
"im retiring autist",0.98,Nuclear
"f**k walking away bronze",0.98,Nuclear
"trashy done for bastard",0.97,Nuclear
"f k i n g wild bronze",0.98,Nuclear
"cooked troll",0.98,Nuclear
"gtfo fcked logging out",0.99,Nuclear
"stfu fukking finished",0.98,Nuclear
"finished bot",0.98,Nuclear
"fuck retard",0.98,Nuclear
"delete game delusional terrible",0.99,Nuclear
"kill urself cancerous deleting",0.98,Nuclear
"log off f-u-c-k please",0.98,Nuclear
"fckn unlucky bozo",0.98,Nuclear
"fker peace out noob",0.99,Nuclear
"drop dead please",0.98,Nuclear
"get out worst",0.98,Nuclear
"literal garbage",0.98,Nuclear
"shutup fuking toxic",0.98,Nuclear
"cope fcked stepping away",0.98,Nuclear
"plz quit mentally ill awful",0.99,Nuclear
"fckn wtf subhuman",0.97,Nuclear
"touch grass vile troll",0.97,Nuclear
"ff malding",0.97,Nuclear
"sit bruh",0.98,Nuclear
"alt f4 vile malding",0.97,Nuclear
"toxic shut it down cunt",0.98,Nuclear
"gtfo f_ck unlucky",0.97,Nuclear
"dodge brainless make it stop",0.98,Nuclear
"fucked bullshit autist",0.99,Nuclear
"quit unreal im leaving",0.99,Nuclear
"quit cant take it",0.99,Nuclear
"f*ck im quitting bastard",0.97,Nuclear
"fkng fck hardstuck",0.98,Nuclear
"unreal tragic loser",0.98,Nuclear
"uninstall f*ck end it all",0.97,Nuclear
"fuk useless cunt",0.97,Nuclear
"literal useless",0.98,Nuclear
"kys f _u_ck omfg",0.98,Nuclear
"f**king walking away",0.98,Nuclear
"ff f_cking bs",0.98,Nuclear
"quit f_cking walking away",0.97,Nuclear
"wtf troll",0.98,Nuclear
"fucker done for trash",0.97,Nuclear
"plz quit cancerous sht",0.97,Nuclear
"uninstall motherfucking fuck",0.97,Nuclear
"shutup fukking just end",0.98,Nuclear
"fucker stop imbecile",0.98,Nuclear
"logging out loser",0.98,Nuclear
"f u c k awful",0.97,Nuclear
"seethe unreal trolling",0.98,Nuclear
"kys exhausting",0.98,Nuclear
"fok exhausting",0.98,Nuclear
"alt f4 go fk pull the plug",0.98,Nuclear
"f_ck awful scum",0.98,Nuclear
"shitty insane",0.99,Nuclear
"get cancer insane im quitting",0.98,Nuclear
"toxic pointless feeder",0.97,Nuclear
"shitty trolling",0.99,Nuclear
"go fck insane hardstuck",0.99,Nuclear
"fuking wrap it up dog",0.99,Nuclear
"please bitch",0.98,Nuclear
"cringe its over griefer",0.99,Nuclear
"phucking fuck slut",0.98,Nuclear
"cringe over it clown",0.99,Nuclear
"sit f_ck crazy",0.98,Nuclear
"mfing bullshit",0.98,Nuclear
"shutup f k i n g bullshit",0.98,Nuclear
"kys trolling",0.98,Nuclear
"trashy wrap it up",0.98,Nuclear
"stfu vile pathetic",0.99,Nuclear
"log off cancerous bullshit",0.98,Nuclear
"disgusting pussy",0.98,Nuclear
"cope unreal tilted",0.98,Nuclear
"quit vile wtf",0.98,Nuclear
"f.u.c.k awful",0.98,Nuclear
"over it cancer",0.99,Nuclear
"drop dead braindead im quitting",0.99,Nuclear
"cope go fk pointless",0.98,Nuclear
"f _u_ck lmao",0.97,Nuclear
"fkk logging out shitter",0.99,Nuclear
"seethe trolling",0.98,Nuclear
"f.u.c.k terrible",0.98,Nuclear
"tilted freak",0.98,Nuclear
"leave joke",0.97,Nuclear
"drop dead pathetic malding",0.97,Nuclear
"neck urself f*ck deleting",0.99,Nuclear
"dogshit fck autist",0.98,Nuclear
"pointless clown",0.98,Nuclear
"drop dead gg",0.97,Nuclear
"fvck horrible random",0.97,Nuclear
"vile tilted",0.97,Nuclear
"go next end it all",0.98,Nuclear
"fukking broken scum",0.98,Nuclear
"brainless washed",0.98,Nuclear
"f -u c-k im gone bronze",0.99,Nuclear
"neck urself fvck lmao",0.99,Nuclear
"fckng no more",0.99,Nuclear
"fvck crazy",0.99,Nuclear
"touch grass trashy bs",0.98,Nuclear
"neck urself fuking ggs",0.99,Nuclear
"cry more shitty sht",0.99,Nuclear
"uninstall malding",0.98,Nuclear
"go next literal im gone",0.98,Nuclear
"neck urself trash",0.98,Nuclear
"kys disgusting",0.97,Nuclear
"phucking washed bitch",0.97,Nuclear
"fuk troll",0.99,Nuclear
"useless bastard",0.98,Nuclear
"fuking exhausting troll",0.97,Nuclear
"f k i n g malding",0.98,Nuclear
"logging out tumor",0.99,Nuclear
"fckng washed feeder",0.98,Nuclear
"phucking wild",0.98,Nuclear
"sit im done",0.98,Nuclear
"literal just stop prick",0.97,Nuclear
"dodge im quitting",0.97,Nuclear
"touch grass lmao",0.98,Nuclear
"deleting bozo",0.98,Nuclear
"get out fcking done",0.98,Nuclear
"f**k wack ape",0.97,Nuclear
"dodge end",0.99,Nuclear
"quit shitty please",0.98,Nuclear
"stfu motherfucking broken",0.99,Nuclear
"alt f4 im retiring",0.98,Nuclear
"fuck im quitting",0.99,Nuclear
"fckng trash bozo",0.98,Nuclear
"fucker im quitting tumor",0.99,Nuclear
"drop dead trashy end it all",0.98,Nuclear
"choke unreal toxic",0.98,Nuclear
"shitty troll",0.98,Nuclear
"fucking tilted bronze",0.97,Nuclear
"quit literal wrap it up",0.99,Nuclear
"f*ck bullshit noob",0.99,Nuclear
"terrible animal",0.98,Nuclear
"go fk done bot",0.98,Nuclear
"f -u c-k chalked griefer",0.98,Nuclear
"fukking end it all",0.97,Nuclear
"fucking crazy",0.98,Nuclear
"shut up horrible",0.98,Nuclear
"miserable waste",0.99,Nuclear
"ff fcking finished",0.98,Nuclear
"fucking finished",0.98,Nuclear
"cant take it moron",0.98,Nuclear
"cringe tilt dick",0.98,Nuclear
"unreal cant take it shitter",0.97,Nuclear
"fcked over",0.97,Nuclear
"ff fuking finished",0.97,Nuclear
"drop dead over it",0.97,Nuclear
"uninstall trash",0.99,Nuclear
"shut up go fk washed",0.99,Nuclear
"seethe fook cooked",0.98,Nuclear
"leave disgusting im retiring",0.98,Nuclear
"fvck cant anymore waste",0.98,Nuclear
"cringe crazy freak",0.99,Nuclear
"drop dead trash",0.99,Nuclear
"f -u c-k dammit whore",0.99,Nuclear
"logging out pussy",0.99,Nuclear
"get cancer go fck miserable",0.98,Nuclear
"fookin nonsense",0.98,Nuclear
"insane toxic noob",0.99,Nuclear
"uninstall im done",0.98,Nuclear
"touch grass end it all",0.97,Nuclear
"plz quit fckn worst",0.99,Nuclear
"delusional give up scum",0.99,Nuclear
"awful kid",0.98,Nuclear
"im quitting prick",0.98,Nuclear
"worthless pathetic",0.99,Nuclear
"bullshit chalked",0.98,Nuclear
"get cancer actual pointless",0.97,Nuclear
"fuck log off bitch",0.97,Nuclear
"f u c k washed tumor",0.97,Nuclear
"leave motherfucking im quitting",0.98,Nuclear
"bullshit give up slut",0.97,Nuclear
"log off mentally ill pull the plug",0.97,Nuclear
"fucker uninstalling retard",0.98,Nuclear
"uninstall horseshit finished",0.98,Nuclear
"washed feeder",0.98,Nuclear
"fok log off braindead",0.99,Nuclear
"omfg prick",0.98,Nuclear
"dodge cancerous insane",0.98,Nuclear
"worst retard",0.97,Nuclear
"get out dogshit fuck",0.97,Nuclear
"touch grass fking dead",0.98,Nuclear
"get out fckng gg next",0.99,Nuclear
"kys fuck",0.97,Nuclear
"f u c k cooked tumor",0.99,Nuclear
"delete game go fk ridiculous",0.98,Nuclear
"seethe toxic omfg",0.97,Nuclear
"fcked useless random",0.97,Nuclear
"f_ck no more",0.97,Nuclear
"plz quit unreal crap",0.99,Nuclear
"fck bullshit scum",0.99,Nuclear
"fuck over",0.98,Nuclear
"mfing no more waste",0.98,Nuclear
"awful prick",0.98,Nuclear
"stepping away bot",0.97,Nuclear
"stfu f*cking malding",0.99,Nuclear
"motherfucking trash troll",0.97,Nuclear
"f k i n g wrap it up",0.99,Nuclear
"gtfo mentally ill im gone",0.97,Nuclear
"im quitting trash",0.98,Nuclear
"fook done",0.98,Nuclear
"drop dead cooked",0.97,Nuclear
"shutup im out",0.98,Nuclear
"malding braindead",0.97,Nuclear
"brainless exhausting",0.98,Nuclear
"go fck finished",0.98,Nuclear
"delusional just end random",0.97,Nuclear
"peace out dog",0.98,Nuclear
"delete game shut it down",0.99,Nuclear
"kill urself lmao",0.99,Nuclear
"fukk cooked",0.98,Nuclear
"omfg scum",0.99,Nuclear
"kys fckng over it",0.99,Nuclear
"fvck fuck hardstuck",0.98,Nuclear
"f _u_ck hell trash",0.98,Nuclear
"washed freak",0.97,Nuclear
"braindead bs waste",0.99,Nuclear
"horseshit done for",0.98,Nuclear
"actual exhausting troll",0.99,Nuclear
"quit fuking fuck",0.98,Nuclear
"seethe fvcking pull the plug",0.97,Nuclear
"im gone shitter",0.99,Nuclear
"fvcking omfg braindead",0.98,Nuclear
"disgusting logging out slut",0.99,Nuclear
"washed dog",0.98,Nuclear
"sht random",0.99,Nuclear
"unreal checking out",0.97,Nuclear
"fuking wild",0.97,Nuclear
"washed pussy",0.99,Nuclear
"fck loser",0.97,Nuclear
"plz quit f.u.c.k end it all",0.99,Nuclear
"kys cancerous worst",0.98,Nuclear
"quit fcked deleting",0.98,Nuclear
"fuk peace out bastard",0.97,Nuclear
"stfu f_u_c_k chalked",0.97,Nuclear
"stfu go fk awful",0.98,Nuclear
"troll random",0.97,Nuclear
"plz quit fkk gg next",0.98,Nuclear
"vile meaningless",0.98,Nuclear
"touch grass go fck trolling",0.98,Nuclear
"f _u_ck im gone",0.98,Nuclear
"quit fook cant anymore",0.97,Nuclear
"fucker joke animal",0.99,Nuclear
"choke fook im leaving",0.97,Nuclear
"plz quit tilted",0.97,Nuclear
"fukk peace out",0.97,Nuclear
"gtfo insane washed",0.97,Nuclear
"uninstall brainless done",0.98,Nuclear
"fckng crap loser",0.98,Nuclear
"touch grass f u c k garbage",0.98,Nuclear
"vile end it all prick",0.99,Nuclear
"crazy shitter",0.98,Nuclear
"leave cancerous just end",0.98,Nuclear
"fuking washed tumor",0.99,Nuclear
"plz quit fker awful",0.97,Nuclear
"toxic garbage",0.98,Nuclear
"dodge cancerous fck",0.98,Nuclear
"f-k-i-n-g braindead whore",0.99,Nuclear
"fvck ridiculous shitter",0.97,Nuclear
"ff ridiculous",0.97,Nuclear
"horseshit omfg",0.98,Nuclear
"f-u-c-k logging out braindead",0.99,Nuclear
"plz quit cant take it",0.98,Nuclear
"fker omfg",0.99,Nuclear
"kill urself tilt",0.99,Nuclear
"f -u c-k wtf hardstuck",0.99,Nuclear
"leave f -u c-k broken",0.98,Nuclear
"kill urself f u c k i n g give up",0.98,Nuclear
"phucking im quitting retard",0.99,Nuclear
"log off stepping away",0.97,Nuclear
"peace out pussy",0.97,Nuclear
"go fck chalked",0.97,Nuclear
"log off useless awful",0.97,Nuclear
"quit fvcking gg",0.98,Nuclear
"fook cooked bronze",0.98,Nuclear
"fukking its over tumor",0.98,Nuclear
"quit go fck washed",0.97,Nuclear
"literal damn",0.98,Nuclear
"ff f u c k i n g im leaving",0.99,Nuclear
"fkng just end iron",0.99,Nuclear
"vile tilt",0.99,Nuclear
"fvcking tilt tumor",0.98,Nuclear
"f**king gg pussy",0.98,Nuclear
"toxic stepping away",0.98,Nuclear
"quit fuck cooked",0.98,Nuclear
"i give up bastard",0.99,Nuclear
"f u c k trolling kid",0.98,Nuclear
"uninstall fookin wild",0.98,Nuclear
"gg subhuman",0.98,Nuclear
"seethe f _u_ck why",0.99,Nuclear
"plz quit dogshit end it all",0.97,Nuclear
"dogshit cooked",0.97,Nuclear
"braindead dammit imbecile",0.98,Nuclear
"gtfo toxic unlucky",0.97,Nuclear
"stfu f u c k i n g stop",0.99,Nuclear
"log off phucking omfg",0.97,Nuclear
"log off random",0.98,Nuclear
"pathetic bs tumor",0.99,Nuclear
"delusional uninstalling",0.99,Nuclear
"get cancer go fck malding",0.98,Nuclear
"f-u-c-k ggs",0.98,Nuclear
"go next insane just end",0.98,Nuclear
"im retiring dick",0.97,Nuclear
"sit f u c k i n g no more",0.99,Nuclear
"fucker sht",0.98,Nuclear
"horseshit bs",0.98,Nuclear
"kill urself phucking wild",0.99,Nuclear
"delusional uninstalling tumor",0.98,Nuclear
"crap imbecile",0.98,Nuclear
"worthless peace out",0.98,Nuclear
"delete game fcking cooked",0.98,Nuclear
"fuck bruh",0.97,Nuclear
"seethe f-k-i-n-g toxic",0.97,Nuclear
"fok terrible feeder",0.98,Nuclear
"f _u_ck tragic",0.97,Nuclear
"get out fok washed",0.98,Nuclear
"f_u_c_k its over",0.98,Nuclear
"alt f4 fvck uninstalling",0.98,Nuclear
"brainless im gone pussy",0.99,Nuclear
"fkng trolling bozo",0.98,Nuclear
"get out fckn no more",0.99,Nuclear
"fucking toxic braindead",0.97,Nuclear
"leave im gone",0.97,Nuclear
"seethe f_ck terrible",0.99,Nuclear
"fookin stop bastard",0.99,Nuclear
"sit fckng ridiculous",0.97,Nuclear
"quit f.u.c.k just stop",0.99,Nuclear
"f u c k i n g gg next",0.99,Nuclear
"phucking pathetic",0.98,Nuclear
"f -u c-k horrible subhuman",0.98,Nuclear
"f-u-c-k shut it down animal",0.99,Nuclear
"fkng over it noob",0.98,Nuclear
"get cancer braindead",0.97,Nuclear
"please freak",0.98,Nuclear
"f_ck wtf garbage",0.98,Nuclear
"touch grass fuking im done",0.97,Nuclear
"stepping away bitch",0.99,Nuclear
"uninstall literal trash",0.97,Nuclear
"sit fkk bullshit",0.99,Nuclear
"get out logging out",0.97,Nuclear
"gg hardstuck",0.98,Nuclear
"fckn fck",0.98,Nuclear
"unreal cooked dog",0.98,Nuclear
"get out crap",0.98,Nuclear
"f**k just end",0.97,Nuclear
"please feeder",0.97,Nuclear
"neck urself f u c k i n g bullshit",0.97,Nuclear
"fuking gg next griefer",0.99,Nuclear
"insane cooked ape",0.99,Nuclear
"uninstalling troll",0.99,Nuclear
"f_cking i give up animal",0.98,Nuclear
"choke phucking why",0.99,Nuclear
"absolute chalked",0.97,Nuclear
"neck urself brainless done",0.99,Nuclear
"fuking worst",0.98,Nuclear
"trashy no more clown",0.98,Nuclear
"touch grass f u c k stop",0.98,Nuclear
"leave fukk wrap it up",0.98,Nuclear
"fuking fuck prick",0.98,Nuclear
"gtfo just end",0.98,Nuclear
"cope fcked bullshit",0.98,Nuclear
"f-u-c-k deleting autist",0.99,Nuclear
"washed iron",0.97,Nuclear
"choke tilt",0.99,Nuclear
"fvck ggs bronze",0.98,Nuclear
"ff fuk checking out",0.98,Nuclear
"fcked im quitting",0.97,Nuclear
"shutup no more",0.97,Nuclear
"fvcking wrap it up bot",0.98,Nuclear
"fucking crap feeder",0.97,Nuclear
"absolute trash",0.98,Nuclear
"seethe insane nonsense",0.97,Nuclear
"wrap it up prick",0.98,Nuclear
"gtfo stepping away",0.99,Nuclear
"braindead please",0.97,Nuclear
"drop dead useless",0.98,Nuclear
"quit insane checking out",0.99,Nuclear
"fckng im quitting subhuman",0.98,Nuclear
"f*ck pull the plug",0.97,Nuclear
"gtfo over",0.98,Nuclear
"useless unlucky iron",0.97,Nuclear
"fker done bozo",0.97,Nuclear
"fok deleting griefer",0.97,Nuclear
"ff shitty miserable",0.99,Nuclear
"alt f4 im done",0.98,Nuclear
"go next phuck give up",0.98,Nuclear
"seethe fuk no more",0.99,Nuclear
"kill urself fucking end",0.99,Nuclear
"actual lmao bitch",0.97,Nuclear
"alt f4 sht",0.97,Nuclear
"f**king i give up",0.97,Nuclear
"ff shut it down",0.99,Nuclear
"wrap it up troll",0.97,Nuclear
"kill urself f k i n g pathetic",0.99,Nuclear
"fukking disgusting",0.98,Nuclear
"fucking pull the plug hardstuck",0.98,Nuclear
"go fck im leaving autist",0.97,Nuclear
"braindead wtf retard",0.98,Nuclear
"fkk its over iron",0.98,Nuclear
"f -u c-k wack",0.98,Nuclear
"f_u_c_k disgusting griefer",0.99,Nuclear
"gg next troll",0.98,Nuclear
"fukk wack feeder",0.97,Nuclear
"fook checking out bozo",0.99,Nuclear
"pointless imbecile",0.99,Nuclear
"braindead worst",0.98,Nuclear
"alt f4 cant take it",0.97,Nuclear
"f u c k gg animal",0.98,Nuclear
"kys end it all",0.98,Nuclear
"delusional damn",0.99,Nuclear
"fucker just end",0.99,Nuclear
"motherfucking chalked loser",0.98,Nuclear
"no more pussy",0.99,Nuclear
"useless walking away retard",0.98,Nuclear
"phucking done for pussy",0.98,Nuclear
"cooked griefer",0.99,Nuclear
"fcking washed bastard",0.98,Nuclear
"fukking stepping away",0.99,Nuclear
"meaningless iron",0.99,Nuclear
"pathetic feeder",0.99,Nuclear
"dodge tilted",0.97,Nuclear
"actual awful",0.98,Nuclear
"deleting bitch",0.97,Nuclear
"sit f**king please",0.99,Nuclear
"trashy pull the plug kid",0.97,Nuclear
"f**king uninstalling loser",0.98,Nuclear
"neck urself fucked bruh",0.98,Nuclear
"fucker ggs pussy",0.99,Nuclear
"cry more fookin exhausting",0.98,Nuclear
"kill urself terrible",0.99,Nuclear
"f*ck joke loser",0.97,Nuclear
"f-k-i-n-g just stop bot",0.98,Nuclear
"shut up pathetic hell",0.98,Nuclear
"dodge insane",0.97,Nuclear
"get cancer braindead im quitting",0.99,Nuclear
"trashy dead",0.98,Nuclear
"fuk why bitch",0.98,Nuclear
"f _u_ck insane cunt",0.97,Nuclear
"leave fuck",0.98,Nuclear
"f _u_ck just stop",0.98,Nuclear
"fcked troll bronze",0.98,Nuclear
"stfu fcking pull the plug",0.98,Nuclear
"go next walking away",0.98,Nuclear
"f_u_c_k its over scum",0.98,Nuclear
"fok malding",0.98,Nuclear
"insane toxic",0.98,Nuclear
"leave tragic",0.97,Nuclear
"get cancer unreal crap",0.98,Nuclear
"mentally ill pathetic",0.99,Nuclear
"cry more unreal bs",0.98,Nuclear
"kill urself f u c k i n g gg",0.99,Nuclear
"gg garbage",0.99,Nuclear
"shut up dogshit useless",0.98,Nuclear
"get cancer fkng washed",0.97,Nuclear
"fookin disgusting loser",0.99,Nuclear
"stfu deleting",0.99,Nuclear
"sit fook troll",0.99,Nuclear
"get cancer actual im leaving",0.98,Nuclear
"choke fvcking awful",0.98,Nuclear
"kys toxic troll",0.98,Nuclear
"fvck trolling",0.97,Nuclear
"actual gg",0.99,Nuclear
"mfing cooked loser",0.99,Nuclear
"disgusting cant take it",0.99,Nuclear
"braindead scum",0.98,Nuclear
"uninstall trashy im leaving",0.98,Nuclear
"brainless wrap it up",0.99,Nuclear
"mentally ill tilt",0.97,Nuclear
"fcking braindead",0.98,Nuclear
"insane exhausting autist",0.99,Nuclear
"choke chalked",0.97,Nuclear
"vile crap",0.98,Nuclear
"seethe f**k trash",0.98,Nuclear
"cry more f_u_c_k bullshit",0.97,Nuclear
"fuk wild slut",0.97,Nuclear
"shutup just end",0.97,Nuclear
"just stop idiot",0.98,Nuclear
"shitty logging out",0.98,Nuclear
"ff trashy cooked",0.98,Nuclear
"go next f u c k i n g lmao",0.97,Nuclear
"fking shit slut",0.97,Nuclear
"wack waste",0.99,Nuclear
"braindead bozo",0.99,Nuclear
"cry more fuking joke",0.98,Nuclear
"seethe fck gg",0.98,Nuclear
"f_u_c_k cant take it iron",0.99,Nuclear
"bullshit loser",0.98,Nuclear
"touch grass f u c k just stop",0.98,Nuclear
"touch grass insane its over",0.97,Nuclear
"f _u_ck shit cancer",0.98,Nuclear
"uninstall f_ck bullshit",0.99,Nuclear
"f-u-c-k stepping away subhuman",0.97,Nuclear
"drop dead fkng chalked",0.98,Nuclear
"actual pointless",0.98,Nuclear
"exhausting bitch",0.97,Nuclear
"bullshit cooked shitter",0.99,Nuclear
"leave literal worst",0.99,Nuclear
"cry more ridiculous",0.98,Nuclear
"delete game f u c k worst",0.98,Nuclear
"sht trash",0.98,Nuclear
"f.u.c.k miserable braindead",0.98,Nuclear
"shut up toxic im retiring",0.99,Nuclear
"miserable troll",0.97,Nuclear
"im leaving bot",0.98,Nuclear
"shut up log off",0.99,Nuclear
"f _u_ck ggs",0.97,Nuclear
"fook wrap it up subhuman",0.98,Nuclear
"f u c k i n g give up",0.98,Nuclear
"ff fckn shit",0.99,Nuclear
"fckn meaningless tumor",0.99,Nuclear
"sit nonsense",0.98,Nuclear
"fking horrible",0.98,Nuclear
"quit damn",0.98,Nuclear
"fckng worst ape",0.98,Nuclear
"leave useless exhausting",0.98,Nuclear
"stfu just stop",0.99,Nuclear
"stfu f-u-c-k miserable",0.99,Nuclear
"go fck worst",0.98,Nuclear
"sht waste",0.98,Nuclear
"get cancer fuck im quitting",0.98,Nuclear
"neck urself fucker washed",0.97,Nuclear
"im out cunt",0.98,Nuclear
"delete game wild",0.97,Nuclear
"choke toxic",0.98,Nuclear
"bullshit walking away cancer",0.98,Nuclear
"go fk horrible dick",0.97,Nuclear
"its over whore",0.98,Nuclear
"cringe wild",0.98,Nuclear
"touch grass cringe fck",0.98,Nuclear
"fckng malding bronze",0.98,Nuclear
"uninstall unreal shut it down",0.99,Nuclear
"toxic loser",0.99,Nuclear
"get out hell",0.98,Nuclear
"f-u-c-k why retard",0.98,Nuclear
"log off fook im gone",0.98,Nuclear
"ff peace out",0.98,Nuclear
"shutup cant take it",0.98,Nuclear
"quit fucker broken",0.97,Nuclear
"quit go fk dammit",0.97,Nuclear
"chalked moron",0.97,Nuclear
"f**king im quitting bronze",0.99,Nuclear
"f_u_c_k fuck",0.98,Nuclear
"useless make it stop imbecile",0.98,Nuclear
"fking done ape",0.99,Nuclear
"phucking im leaving trash",0.98,Nuclear
"f**king shit",0.98,Nuclear
"plz quit unreal its over",0.98,Nuclear
"cry more f u c k i n g stop",0.99,Nuclear
"fkk just end noob",0.99,Nuclear
"f*cking please bitch",0.98,Nuclear
"f _u_ck worst bastard",0.98,Nuclear
"kill urself go fck insane",0.99,Nuclear
"plz quit delusional wild",0.97,Nuclear
"joke idiot",0.98,Nuclear
"uninstall fkk worst",0.97,Nuclear
"uninstall absolute pathetic",0.97,Nuclear
"dodge gg next",0.98,Nuclear
"cope dogshit crazy",0.98,Nuclear
"f_u_c_k why",0.98,Nuclear
"seethe f_ck pull the plug",0.99,Nuclear
"pull the plug tumor",0.99,Nuclear
"done for noob",0.97,Nuclear
"touch grass washed",0.98,Nuclear
"seethe brainless deleting",0.97,Nuclear
"f*ck fck idiot",0.98,Nuclear
"go fck end",0.98,Nuclear
"log off bullshit",0.98,Nuclear
"im quitting moron",0.97,Nuclear
"bullshit horrible",0.99,Nuclear
"fucking bruh",0.98,Nuclear
"im leaving prick",0.99,Nuclear
"braindead walking away",0.97,Nuclear
"kill urself dogshit terrible",0.97,Nuclear
"gtfo f**k dammit",0.97,Nuclear
"log off f-k-i-n-g over",0.97,Nuclear
"delete game horrible",0.98,Nuclear
"touch grass trolling",0.98,Nuclear
"f -u c-k just stop subhuman",0.99,Nuclear
"fckng chalked bitch",0.97,Nuclear
"go next tragic",0.99,Nuclear
"alt f4 unreal uninstalling",0.99,Nuclear
"go fck shit shitter",0.98,Nuclear
"horseshit crazy",0.98,Nuclear
"choke fukking pointless",0.98,Nuclear
"log off braindead",0.98,Nuclear
"choke horseshit why",0.99,Nuclear
"disgusting ridiculous",0.97,Nuclear
"shutup brainless im quitting",0.98,Nuclear
"shut up fucked i give up",0.98,Nuclear
"f*cking unlucky shitter",0.98,Nuclear
"stfu fucker im quitting",0.98,Nuclear
"fuck tumor",0.98,Nuclear
"leave fcking im gone",0.97,Nuclear
"cope had enough",0.97,Nuclear
"log off deleting",0.98,Nuclear
"dodge insane sht",0.99,Nuclear
"pathetic shitter",0.98,Nuclear
"i give up subhuman",0.97,Nuclear
"shutup fucking give up",0.98,Nuclear
"kill urself im leaving",0.97,Nuclear
"fuck im out shitter",0.99,Nuclear
"fuk give up random",0.97,Nuclear
"actual miserable ape",0.98,Nuclear
"f-k-i-n-g tilt cancer",0.98,Nuclear
"fckng horrible",0.98,Nuclear
"shut up fukk no more",0.98,Nuclear
"f_cking bs trash",0.98,Nuclear
"fkk i give up",0.99,Nuclear
"mentally ill just stop pussy",0.98,Nuclear
"shitty finished scum",0.98,Nuclear
"get out cringe logging out",0.99,Nuclear
"delete game cancerous cant take it",0.99,Nuclear
"insane npc",0.99,Nuclear
"disgusting bruh npc",0.99,Nuclear
"bs prick",0.99,Nuclear
"pathetic im done",0.98,Nuclear
"go fk peace out animal",0.99,Nuclear
"log off done",0.98,Nuclear
"im retiring braindead",0.99,Nuclear
"phucking wtf",0.97,Nuclear
"fook done whore",0.98,Nuclear
"shutup f -u c-k i give up",0.97,Nuclear
"tilted moron",0.98,Nuclear
"gg next waste",0.98,Nuclear
"pathetic prick",0.99,Nuclear
"delusional cant take it subhuman",0.97,Nuclear
"cancerous logging out",0.97,Nuclear
"fking meaningless",0.97,Nuclear
"cancerous trash",0.98,Nuclear
"go fck pathetic imbecile",0.98,Nuclear
"leave fck",0.98,Nuclear
"phucking over",0.99,Nuclear
"kill urself f_ck checking out",0.99,Nuclear
"unreal gg next bozo",0.98,Nuclear
"plz quit brainless ggs",0.98,Nuclear
"fvck pathetic griefer",0.99,Nuclear
"quit fck unlucky",0.98,Nuclear
"quit f_ck im gone",0.99,Nuclear
"fck i give up shitter",0.99,Nuclear
"fok washed",0.97,Nuclear
"f u c k nonsense slut",0.98,Nuclear
"fookin pointless",0.97,Nuclear
"fvck its over bronze",0.97,Nuclear
"fok broken prick",0.98,Nuclear
"phuck unlucky griefer",0.98,Nuclear
"fucked shut it down dick",0.99,Nuclear
"mfing disgusting pussy",0.98,Nuclear
"cope f-u-c-k dammit",0.97,Nuclear
"f_ck tilted troll",0.99,Nuclear
"plz quit horseshit im out",0.98,Nuclear
"f _u_ck nonsense iron",0.99,Nuclear
"ff f.u.c.k im quitting",0.98,Nuclear
"pointless npc",0.99,Nuclear
"literal damn pussy",0.98,Nuclear
"nonsense animal",0.99,Nuclear
"unreal fck loser",0.97,Nuclear
"neck urself tilted",0.97,Nuclear
"alt f4 no more",0.97,Nuclear
"fking sht freak",0.98,Nuclear
"fcking cant take it garbage",0.98,Nuclear
"worthless shit",0.98,Nuclear
"fvcking malding npc",0.97,Nuclear
"fook stepping away animal",0.98,Nuclear
"fckn logging out",0.98,Nuclear
"delete game useless omfg",0.98,Nuclear
"shitty chalked subhuman",0.98,Nuclear
"fvck finished ape",0.98,Nuclear
"unreal i give up garbage",0.97,Nuclear
"f**k ggs autist",0.97,Nuclear
"seethe f**k end it all",0.97,Nuclear
"fck over clown",0.99,Nuclear
"touch grass insane dammit",0.99,Nuclear
"dodge trashy sht",0.97,Nuclear
"sit go fk pathetic",0.98,Nuclear
"get cancer bs",0.97,Nuclear
"kys f.u.c.k exhausting",0.99,Nuclear
"insane trolling random",0.98,Nuclear
"cry more tilt",0.97,Nuclear
"insane done cancer",0.97,Nuclear
"ff bs",0.97,Nuclear
"cry more delusional joke",0.98,Nuclear
"horrible waste",0.97,Nuclear
"alt f4 washed",0.98,Nuclear
"fckng hell",0.97,Nuclear
"f -u c-k ggs",0.98,Nuclear
"ggs griefer",0.98,Nuclear
"fvcking broken hardstuck",0.98,Nuclear
"f.u.c.k ggs cunt",0.97,Nuclear
"f _u_ck shut it down bronze",0.97,Nuclear
"had enough noob",0.98,Nuclear
"gtfo fck chalked",0.98,Nuclear
"go fck washed",0.98,Nuclear
"fck bozo",0.97,Nuclear
"fckng omfg",0.98,Nuclear
"im retiring bot",0.97,Nuclear
"fok damn troll",0.98,Nuclear
"delusional logging out tumor",0.98,Nuclear
"f -u c-k just stop cunt",0.98,Nuclear
"fker miserable bozo",0.99,Nuclear
"joke feeder",0.99,Nuclear
"shitty bs npc",0.97,Nuclear
"kys im leaving",0.98,Nuclear
"delusional broken",0.99,Nuclear
"fuk unlucky",0.97,Nuclear
"disgusting had enough waste",0.99,Nuclear
"log off trashy no more",0.97,Nuclear
"quit fvcking im out",0.99,Nuclear
"kill urself fukking why",0.98,Nuclear
"alt f4 toxic",0.97,Nuclear
"fkk ridiculous dick",0.99,Nuclear
"fcked why",0.98,Nuclear
"ff toxic braindead",0.98,Nuclear
"worst random",0.99,Nuclear
"f**k wack cancer",0.99,Nuclear
"neck urself fook over it",0.98,Nuclear
"f -u c-k joke shitter",0.98,Nuclear
"cry more f_ck walking away",0.97,Nuclear
"fking bs",0.97,Nuclear
"fking its over braindead",0.97,Nuclear
"cant take it random",0.99,Nuclear
"f**k chalked",0.98,Nuclear
"fook over imbecile",0.99,Nuclear
"f u c k i n g finished cancer",0.98,Nuclear
"fucking lmao freak",0.97,Nuclear
"fok no more dog",0.98,Nuclear
"f_u_c_k malding",0.99,Nuclear
"shit iron",0.98,Nuclear
"sit cringe shit",0.98,Nuclear
"wack clown",0.98,Nuclear
"fvcking gg next",0.98,Nuclear
"f-u-c-k give up",0.98,Nuclear
"f _u_ck miserable",0.98,Nuclear
"go next horrible",0.99,Nuclear
"fuking its over bitch",0.98,Nuclear
"hell trash",0.98,Nuclear
"fook damn idiot",0.99,Nuclear
"braindead toxic bozo",0.98,Nuclear
"cringe fuck autist",0.97,Nuclear
"f k i n g over it dog",0.98,Nuclear
"had enough bitch",0.98,Nuclear
"go fck over",0.99,Nuclear
"ff shitty worst",0.98,Nuclear
"shutup fok im out",0.98,Nuclear
"fook stepping away cancer",0.99,Nuclear
"omfg dick",0.98,Nuclear
"neck urself fvck trash",0.99,Nuclear
"f_cking horrible",0.97,Nuclear
"f-u-c-k disgusting",0.99,Nuclear
"over it moron",0.98,Nuclear
"get out fking just end",0.99,Nuclear
"f_ck give up imbecile",0.98,Nuclear
"im retiring bitch",0.99,Nuclear
"get cancer im done",0.99,Nuclear
"go next useless chalked",0.97,Nuclear
"meaningless waste",0.99,Nuclear
"uninstall fvck disgusting",0.99,Nuclear
"f**king just end feeder",0.98,Nuclear
"dodge absolute washed",0.98,Nuclear
"shutup pathetic shit",0.99,Nuclear
"log off fking done for",0.98,Nuclear
"garbage waste",0.98,Nuclear
"disgusting im gone loser",0.98,Nuclear
"please griefer",0.97,Nuclear
"disgusting ape",0.98,Nuclear
"stfu fuking toxic",0.99,Nuclear
"motherfucking ggs retard",0.98,Nuclear
"seethe give up",0.98,Nuclear
"shutup fker fck",0.98,Nuclear
"why noob",0.98,Nuclear
"unreal cant take it",0.98,Nuclear
"absolute gg next braindead",0.97,Nuclear
"deleting dick",0.97,Nuclear
"drop dead uninstalling",0.99,Nuclear
"fck ggs whore",0.98,Nuclear
"trashy why imbecile",0.98,Nuclear
"unreal washed animal",0.98,Nuclear
"pathetic peace out hardstuck",0.99,Nuclear
"useless fuck pussy",0.98,Nuclear
"useless tilt",0.98,Nuclear
"shitty end autist",0.99,Nuclear
"mfing exhausting retard",0.98,Nuclear
"dodge over",0.99,Nuclear
"sit fookin deleting",0.98,Nuclear
"f u c k i n g tragic",0.98,Nuclear
"nonsense dick",0.97,Nuclear
"fookin useless whore",0.97,Nuclear
"phucking braindead bastard",0.97,Nuclear
"dodge peace out",0.98,Nuclear
"sit uninstalling",0.99,Nuclear
"go fk no more slut",0.99,Nuclear
"cant anymore random",0.98,Nuclear
"mentally ill finished troll",0.98,Nuclear
"fok had enough",0.98,Nuclear
"disgusting finished animal",0.99,Nuclear
"f-u-c-k wtf shitter",0.98,Nuclear
"fkng shut it down waste",0.98,Nuclear
"f-u-c-k just end autist",0.97,Nuclear
"seethe absolute disgusting",0.98,Nuclear
"brainless stepping away",0.98,Nuclear
"f_ck omfg",0.98,Nuclear
"unreal ggs moron",0.97,Nuclear
"phuck walking away retard",0.98,Nuclear
"cringe ridiculous dick",0.97,Nuclear
"fck tilted hardstuck",0.98,Nuclear
"im quitting garbage",0.97,Nuclear
"fukk omfg",0.98,Nuclear
"kill urself fker tragic",0.98,Nuclear
"useless im out prick",0.97,Nuclear
"mfing wild hardstuck",0.98,Nuclear
"horseshit logging out",0.99,Nuclear
"cry more f*cking washed",0.98,Nuclear
"phuck im quitting",0.98,Nuclear
"f*cking no more noob",0.99,Nuclear
"gtfo fckng gg next",0.98,Nuclear
"ff fucker deleting",0.99,Nuclear
"f**k over moron",0.97,Nuclear
"please dog",0.98,Nuclear
"stfu phuck over it",0.97,Nuclear
"f-k-i-n-g meaningless",0.98,Nuclear
"shut up insane fuck",0.98,Nuclear
"useless iron",0.98,Nuclear
"get out crazy",0.98,Nuclear
"fkk hell",0.98,Nuclear
"kill urself pathetic please",0.98,Nuclear
"horseshit cooked tumor",0.98,Nuclear
"useless toxic",0.97,Nuclear
"pathetic cooked hardstuck",0.98,Nuclear
"toxic fck",0.98,Nuclear
"delusional dammit retard",0.97,Nuclear
"actual please iron",0.99,Nuclear
"bs random",0.99,Nuclear
"useless wild mong",0.97,Nuclear
"log off its over",0.98,Nuclear
"ggs prick",0.99,Nuclear
"get cancer useless end it all",0.98,Nuclear
"gtfo f**k shut it down",0.97,Nuclear
"f u c k log off",0.98,Nuclear
"kys f.u.c.k washed",0.98,Nuclear
"leave fukk awful",0.98,Nuclear
"shutup toxic trash",0.97,Nuclear
"drop dead unlucky",0.98,Nuclear
"sit disgusting",0.98,Nuclear
"gtfo braindead",0.98,Nuclear
"mfing troll",0.99,Nuclear
"leave fucker dead",0.97,Nuclear
"logging out mong",0.97,Nuclear
"go next shit",0.98,Nuclear
"cancerous washed",0.98,Nuclear
"seethe phuck nonsense",0.98,Nuclear
"fuk tragic bot",0.98,Nuclear
"fuck fck hardstuck",0.97,Nuclear
"go next disgusting bs",0.99,Nuclear
"gtfo f*cking tragic",0.97,Nuclear
"stfu literal checking out",0.99,Nuclear
"give up braindead",0.98,Nuclear
"fukk trolling prick",0.97,Nuclear
"hell bitch",0.99,Nuclear
"f*ck tragic",0.99,Nuclear
"no more dick",0.98,Nuclear
"fok awful trash",0.98,Nuclear
"horseshit im out troll",0.98,Nuclear
"deleting scum",0.99,Nuclear
"f.u.c.k done",0.98,Nuclear
"kys f _u_ck fck",0.97,Nuclear
"get cancer no more",0.98,Nuclear
"ff over",0.98,Nuclear
"absolute wtf cunt",0.98,Nuclear
"dodge go fck washed",0.98,Nuclear
"cancerous cooked bozo",0.98,Nuclear
"awful imbecile",0.97,Nuclear
"get cancer literal washed",0.98,Nuclear
"shut up go fck troll",0.99,Nuclear
"go next f-u-c-k shut it down",0.97,Nuclear
"shitty miserable bozo",0.98,Nuclear
"go fk done for bot",0.98,Nuclear
"sit toxic im leaving",0.97,Nuclear
"get cancer fkk wtf",0.97,Nuclear
"drop dead fcked cant take it",0.99,Nuclear
"fucker worst subhuman",0.97,Nuclear
"stfu f_ck cooked",0.97,Nuclear
"unlucky griefer",0.98,Nuclear
"kill urself trash",0.99,Nuclear
"plz quit toxic chalked",0.98,Nuclear
"fucking worst imbecile",0.97,Nuclear
"dogshit done subhuman",0.99,Nuclear
"alt f4 fucker im done",0.98,Nuclear
"delusional dammit noob",0.98,Nuclear
"get out fucked nonsense",0.97,Nuclear
"fkng washed",0.98,Nuclear
"dodge pull the plug",0.99,Nuclear
"literal washed",0.97,Nuclear
"delete game fuking make it stop",0.97,Nuclear
"cry more fcked dead",0.99,Nuclear
"sit useless wtf",0.98,Nuclear
"wtf idiot",0.97,Nuclear
"fookin terrible pussy",0.97,Nuclear
"ff f-u-c-k done",0.97,Nuclear
"f-u-c-k fck",0.98,Nuclear
"fuck meaningless bot",0.98,Nuclear
"plz quit f _u_ck im done",0.99,Nuclear
"mentally ill dammit",0.99,Nuclear
"make it stop random",0.99,Nuclear
"cry more im gone",0.97,Nuclear
"go fk awful dog",0.98,Nuclear
"seethe over it",0.97,Nuclear
"get out over",0.97,Nuclear
"go next fcking give up",0.99,Nuclear
"fck im gone mong",0.98,Nuclear
"ff f**king wrap it up",0.99,Nuclear
"dodge fck dead",0.98,Nuclear
"touch grass done",0.99,Nuclear
"cringe uninstalling braindead",0.97,Nuclear
"get out f*cking lmao",0.99,Nuclear
"f_ck checking out mong",0.98,Nuclear
"fuk uninstalling kid",0.98,Nuclear
"drop dead fck had enough",0.99,Nuclear
"f_cking make it stop",0.99,Nuclear
"trashy im done",0.97,Nuclear
"log off horseshit shut it down",0.97,Nuclear
"f**king end it all scum",0.98,Nuclear
"dammit troll",0.99,Nuclear
"choke fuck washed",0.98,Nuclear
"alt f4 dead",0.98,Nuclear
"neck urself go fk im done",0.99,Nuclear
"quit motherfucking im out",0.99,Nuclear
"dodge shit",0.99,Nuclear
"trashy disgusting npc",0.98,Nuclear
"dodge fvck end",0.99,Nuclear
"choke f u c k i give up",0.97,Nuclear
"go next fkng cooked",0.98,Nuclear
"broken trash",0.98,Nuclear
"phucking cant anymore",0.98,Nuclear
"fucked cooked",0.97,Nuclear
"fook just end troll",0.97,Nuclear
"uninstall ggs",0.99,Nuclear
"neck urself cancerous damn",0.97,Nuclear
"wtf bozo",0.98,Nuclear
"absolute checking out mong",0.98,Nuclear
"fuck tilted troll",0.99,Nuclear
"alt f4 fckn end",0.98,Nuclear
"fucked bruh iron",0.98,Nuclear
"gtfo wrap it up",0.99,Nuclear
"go fk wrap it up",0.99,Nuclear
"plz quit brainless chalked",0.99,Nuclear
"fuking i give up hardstuck",0.99,Nuclear
"go fk deleting",0.97,Nuclear
"kill urself fck nonsense",0.98,Nuclear
"touch grass mentally ill exhausting",0.99,Nuclear
"just end tumor",0.98,Nuclear
"ff toxic just end",0.99,Nuclear
"uninstall f k i n g terrible",0.99,Nuclear
"f-k-i-n-g washed garbage",0.98,Nuclear
"f k i n g insane",0.98,Nuclear
"cancerous please bitch",0.98,Nuclear
"sit useless chalked",0.97,Nuclear
"fucking chalked",0.98,Nuclear
"plz quit brainless sht",0.98,Nuclear
"f*cking crazy loser",0.98,Nuclear
"f_u_c_k ridiculous",0.98,Nuclear
"seethe useless",0.97,Nuclear
"checking out whore",0.97,Nuclear
"stfu fkng shit",0.98,Nuclear
"make it stop subhuman",0.98,Nuclear
"stfu go fk sht",0.98,Nuclear
"shutup wack",0.97,Nuclear
"fook nonsense kid",0.98,Nuclear
"joke shitter",0.97,Nuclear
"f -u c-k washed bot",0.98,Nuclear
"go next fck toxic",0.98,Nuclear
"cry more ggs",0.97,Nuclear
"phuck its over iron",0.99,Nuclear
"peace out cancer",0.98,Nuclear
"vile its over",0.98,Nuclear
"delusional useless",0.98,Nuclear
"mentally ill bruh tumor",0.98,Nuclear
"gg moron",0.99,Nuclear
"pathetic im out scum",0.99,Nuclear
"fucked disgusting feeder",0.98,Nuclear
"f -u c-k over it bozo",0.98,Nuclear
"im retiring cunt",0.99,Nuclear
"touch grass fkk insane",0.98,Nuclear
"motherfucking crap",0.98,Nuclear
"get out fuck wack",0.98,Nuclear
"fucker crap kid",0.98,Nuclear
"cooked ape",0.97,Nuclear
"ff f**k im retiring",0.97,Nuclear
"seethe f-u-c-k troll",0.98,Nuclear
"kill urself fker fck",0.98,Nuclear
"sit f_ck omfg",0.98,Nuclear
"neck urself im retiring",0.97,Nuclear
"neck urself ridiculous",0.99,Nuclear
"dodge mfing just end",0.98,Nuclear
"ridiculous prick",0.98,Nuclear
"cry more fuking ridiculous",0.98,Nuclear
"mentally ill malding hardstuck",0.99,Nuclear
"insane terrible clown",0.97,Nuclear
"garbage bronze",0.98,Nuclear
"neck urself f_ck trolling",0.98,Nuclear
"im retiring troll",0.97,Nuclear
"sit fvck shut it down",0.98,Nuclear
"cry more f-u-c-k terrible",0.98,Nuclear
"pointless dog",0.99,Nuclear
"fukking walking away whore",0.99,Nuclear
"wild moron",0.98,Nuclear
"shut up fvcking end",0.98,Nuclear
"ff delusional bruh",0.97,Nuclear
"im gone pussy",0.99,Nuclear
"choke crazy",0.97,Nuclear
"fuck pointless",0.98,Nuclear
"fukking hell bitch",0.97,Nuclear
"dogshit crap cancer",0.99,Nuclear
"cringe disgusting shitter",0.98,Nuclear
"stfu f-u-c-k chalked",0.97,Nuclear
"fuking lmao",0.97,Nuclear
"plz quit damn",0.98,Nuclear
"mfing wild random",0.97,Nuclear
"worthless done scum",0.98,Nuclear
"bullshit chalked bastard",0.98,Nuclear
"trashy log off freak",0.97,Nuclear
"cope f.u.c.k toxic",0.99,Nuclear
"drop dead wrap it up",0.99,Nuclear
"gtfo f u c k end",0.97,Nuclear
"drop dead f-k-i-n-g gg next",0.98,Nuclear
"cringe had enough animal",0.97,Nuclear
"f k i n g im out",0.98,Nuclear
"touch grass f u c k washed",0.99,Nuclear
"cry more fukk end",0.98,Nuclear
"plz quit fukk lmao",0.97,Nuclear
"fukk nonsense",0.99,Nuclear
"fookin wtf",0.99,Nuclear
"delete game fucked cooked",0.98,Nuclear
"fuck i give up waste",0.97,Nuclear
"stfu fookin unlucky",0.98,Nuclear
"checking out dog",0.97,Nuclear
"nonsense shitter",0.98,Nuclear
"seethe trashy toxic",0.98,Nuclear
"sit fvcking done",0.97,Nuclear
"brainless worst",0.98,Nuclear
"fookin garbage bastard",0.97,Nuclear
"fucker crap iron",0.97,Nuclear
"cry more f**king pointless",0.98,Nuclear
"get out log off",0.98,Nuclear
"uninstall worst",0.97,Nuclear
"cope no more",0.98,Nuclear
"touch grass fkng give up",0.97,Nuclear
"f u c k no more",0.98,Nuclear
"f _u_ck ggs bozo",0.98,Nuclear
"plz quit just end",0.98,Nuclear
"delete game awful",0.97,Nuclear
"im out whore",0.97,Nuclear
"im gone dog",0.98,Nuclear
"leave f _u_ck damn",0.98,Nuclear
"sht mong",0.97,Nuclear
"vile cant take it waste",0.97,Nuclear
"f_ck broken",0.98,Nuclear
"end it all waste",0.98,Nuclear
"get cancer im retiring",0.99,Nuclear
"ff cancerous damn",0.98,Nuclear
"f*cking awful autist",0.97,Nuclear
"log off worthless cooked",0.98,Nuclear
"log off prick",0.98,Nuclear
"im retiring kid",0.97,Nuclear
"neck urself fuking fck",0.98,Nuclear
"fuck sht",0.99,Nuclear
"shutup vile toxic",0.97,Nuclear
"absolute im leaving",0.99,Nuclear
"go fck uninstalling hardstuck",0.99,Nuclear
"mentally ill im quitting bastard",0.99,Nuclear
"f*ck its over",0.98,Nuclear
"ggs imbecile",0.99,Nuclear
"kill urself fck",0.97,Nuclear
"pathetic bullshit",0.99,Nuclear
"f*cking trash trash",0.97,Nuclear
"cope mfing unlucky",0.97,Nuclear
"fcked toxic garbage",0.98,Nuclear
"absolute cant take it troll",0.97,Nuclear
"dodge checking out",0.98,Nuclear
"f_cking make it stop prick",0.97,Nuclear
"quit fckn no more",0.99,Nuclear
"dogshit stepping away",0.97,Nuclear
"phuck pointless",0.97,Nuclear
"fvck no more retard",0.97,Nuclear
"its over bozo",0.97,Nuclear
"plz quit pathetic",0.99,Nuclear
"alt f4 shitty omfg",0.98,Nuclear
"ff fookin uninstalling",0.98,Nuclear
"f.u.c.k end it all",0.99,Nuclear
"f**k omfg clown",0.99,Nuclear
"fking end it all",0.97,Nuclear
"finished loser",0.98,Nuclear
"leave fkk im gone",0.97,Nuclear
"toxic over",0.99,Nuclear
"fck autist",0.97,Nuclear
"sit fkng toxic",0.97,Nuclear
"choke bullshit make it stop",0.97,Nuclear
"seethe bullshit exhausting",0.98,Nuclear
"neck urself go fk disgusting",0.98,Nuclear
"fckn pathetic clown",0.98,Nuclear
"f _u_ck insane feeder",0.99,Nuclear
"im retiring noob",0.98,Nuclear
"shitty omfg bastard",0.97,Nuclear
"logging out bot",0.97,Nuclear
"shut up horseshit dammit",0.98,Nuclear
"uninstall brainless pathetic",0.98,Nuclear
"f**king done kid",0.97,Nuclear
"peace out bronze",0.98,Nuclear
"done animal",0.99,Nuclear
"unreal walking away tumor",0.98,Nuclear
"choke f-u-c-k gg",0.98,Nuclear
"plz quit f-u-c-k tragic",0.98,Nuclear
"f k i n g cooked noob",0.97,Nuclear
"shut up just end",0.97,Nuclear
"plz quit im retiring",0.98,Nuclear
"touch grass fking toxic",0.99,Nuclear
"uninstall fkng pathetic",0.98,Nuclear
"f k i n g bruh",0.98,Nuclear
"shut up phucking done for",0.99,Nuclear
"fuck gg next bot",0.98,Nuclear
"lmao kid",0.98,Nuclear
"plz quit cooked",0.98,Nuclear
"cant take it iron",0.97,Nuclear
"fukking hell mong",0.97,Nuclear
"motherfucking stop bastard",0.98,Nuclear
"unreal crap kid",0.97,Nuclear
"absolute braindead imbecile",0.99,Nuclear
"choke fook worst",0.97,Nuclear
"braindead npc",0.98,Nuclear
"fkk over trash",0.99,Nuclear
"cooked random",0.98,Nuclear
"vile please loser",0.98,Nuclear
"disgusting please",0.97,Nuclear
"fcking logging out",0.98,Nuclear
"worthless ggs ape",0.98,Nuclear
"please slut",0.98,Nuclear
"choke insane",0.97,Nuclear
"cringe sht garbage",0.98,Nuclear
"go next fking bs",0.99,Nuclear
"fck im leaving",0.97,Nuclear
"malding random",0.97,Nuclear
"over cancer",0.98,Nuclear
"log off pointless",0.98,Nuclear
"f_cking done",0.98,Nuclear
"quit fookin walking away",0.98,Nuclear
"neck urself chalked",0.98,Nuclear
"uninstall fkng done",0.99,Nuclear
"troll braindead",0.98,Nuclear
"choke phuck gg",0.98,Nuclear
"gtfo sht",0.97,Nuclear
"f_cking crap slut",0.98,Nuclear
"peace out random",0.98,Nuclear
"seethe pointless",0.97,Nuclear
"uninstall fucking unlucky",0.99,Nuclear
"go fk washed",0.99,Nuclear
"fvcking done",0.97,Nuclear
"delete game toxic",0.97,Nuclear
"go next uninstalling",0.98,Nuclear
"f**king crap",0.98,Nuclear
"go fk crazy autist",0.98,Nuclear
"cry more fucking tilt",0.98,Nuclear
"fucker peace out kid",0.99,Nuclear
"touch grass fucker crap",0.97,Nuclear
"useless npc",0.98,Nuclear
"useless make it stop retard",0.98,Nuclear
"delete game fcked had enough",0.99,Nuclear
"f-u-c-k had enough iron",0.97,Nuclear
"trolling loser",0.98,Nuclear
"plz quit go fk wack",0.97,Nuclear
"disgusting tilt dog",0.98,Nuclear
"pull the plug feeder",0.98,Nuclear
"go fck cooked mong",0.99,Nuclear
"cancerous unlucky",0.97,Nuclear
"fuck griefer",0.99,Nuclear
"gg next prick",0.98,Nuclear
"ggs bastard",0.99,Nuclear
"im gone tumor",0.99,Nuclear
"chalked griefer",0.98,Nuclear
"fucked malding",0.99,Nuclear
"plz quit f**king awful",0.99,Nuclear
"braindead uninstalling hardstuck",0.99,Nuclear
"fuck feeder",0.98,Nuclear
"fcked ggs",0.98,Nuclear
"f**k please",0.98,Nuclear
"sit tilted",0.98,Nuclear
"unreal wack",0.98,Nuclear
"cry more useless chalked",0.98,Nuclear
"touch grass cant anymore",0.98,Nuclear
"over it bronze",0.99,Nuclear
"fucked horrible",0.99,Nuclear
"f u c k i give up noob",0.99,Nuclear
"fking stepping away",0.99,Nuclear
"toxic horrible",0.97,Nuclear
"fckng tilt mong",0.98,Nuclear
"shut up mfing useless",0.98,Nuclear
"alt f4 f.u.c.k washed",0.99,Nuclear
"delete game go fk shit",0.98,Nuclear
"end it all shitter",0.99,Nuclear
"washed loser",0.99,Nuclear
"fkk cooked",0.97,Nuclear
"fucked log off griefer",0.98,Nuclear
"stfu phuck troll",0.98,Nuclear
"seethe worthless im retiring",0.99,Nuclear
"fvck make it stop hardstuck",0.99,Nuclear
"ff toxic insane",0.98,Nuclear
"drop dead fukking bullshit",0.97,Nuclear
"dammit bastard",0.97,Nuclear
"touch grass exhausting",0.98,Nuclear
"choke fckn tragic",0.99,Nuclear
"shutup f**king useless",0.99,Nuclear
"toxic tilted mong",0.97,Nuclear
"bruh feeder",0.98,Nuclear
"peace out freak",0.98,Nuclear
"shutup sht",0.99,Nuclear
"quit f-u-c-k braindead",0.98,Nuclear
"worthless done garbage",0.99,Nuclear
"f -u c-k wrap it up dick",0.97,Nuclear
"mentally ill im retiring",0.99,Nuclear
"neck urself trashy useless",0.97,Nuclear
"quit fucked peace out",0.99,Nuclear
"cope f_u_c_k sht",0.98,Nuclear
"fcked wild mong",0.98,Nuclear
"disgusting done",0.97,Nuclear
"f-u-c-k garbage",0.98,Nuclear
"absolute hell",0.98,Nuclear
"seethe awful",0.99,Nuclear
"its over dick",0.97,Nuclear
"fookin make it stop freak",0.98,Nuclear
"literal stepping away",0.98,Nuclear
"delete game f u c k i n g crap",0.97,Nuclear
"drop dead fkng nonsense",0.98,Nuclear
"absolute cant anymore dick",0.99,Nuclear
"leave f_ck worst",0.99,Nuclear
"terrible bot",0.98,Nuclear
"actual wtf clown",0.97,Nuclear
"dogshit over troll",0.98,Nuclear
"cope fook chalked",0.98,Nuclear
"fvck fck",0.99,Nuclear
"sit im out",0.97,Nuclear
"shitty shit",0.97,Nuclear
"insane crazy",0.97,Nuclear
"uninstall dead",0.99,Nuclear
"hell bozo",0.98,Nuclear
"alt f4 wtf",0.98,Nuclear
"cope meaningless",0.99,Nuclear
"why loser",0.97,Nuclear
"cope sht",0.98,Nuclear
"cry more terrible",0.99,Nuclear
"gtfo cringe gg next",0.97,Nuclear
"cope mfing joke",0.98,Nuclear
"ridiculous troll",0.98,Nuclear
"go fck trolling shitter",0.97,Nuclear
"pathetic pull the plug braindead",0.98,Nuclear
"fckng shut it down bot",0.99,Nuclear
"touch grass f-k-i-n-g deleting",0.98,Nuclear
"touch grass please",0.98,Nuclear
"get cancer f**k finished",0.98,Nuclear
"cope nonsense",0.97,Nuclear
"delete game mfing exhausting",0.99,Nuclear
"brainless its over",0.97,Nuclear
"leave disgusting crap",0.99,Nuclear
"kill urself fcking tragic",0.98,Nuclear
"f-u-c-k terrible bozo",0.99,Nuclear
"im out bot",0.97,Nuclear
"kys fookin bs",0.97,Nuclear
"alt f4 had enough",0.98,Nuclear
"go next dogshit gg next",0.98,Nuclear
"bullshit tragic iron",0.99,Nuclear
"dodge fckng disgusting",0.99,Nuclear
"gtfo done",0.99,Nuclear
"choke sht",0.99,Nuclear
"kill urself fook im quitting",0.98,Nuclear
"shut up fucking washed",0.98,Nuclear
"f -u c-k finished loser",0.98,Nuclear
"log off over",0.98,Nuclear
"get out motherfucking pathetic",0.98,Nuclear
"f**k stepping away clown",0.98,Nuclear
"fckn damn",0.99,Nuclear
"fvck toxic",0.99,Nuclear
"phucking checking out",0.98,Nuclear
"fuking checking out troll",0.99,Nuclear
"literal cant take it slut",0.99,Nuclear
"fkk shit waste",0.98,Nuclear
"kys fckn chalked",0.98,Nuclear
"uninstall horseshit cooked",0.97,Nuclear
"kill urself shit",0.98,Nuclear
"braindead im out dick",0.98,Nuclear
"insane braindead loser",0.97,Nuclear
"end it all bastard",0.98,Nuclear
"toxic tragic",0.98,Nuclear
"choke make it stop",0.99,Nuclear
"uninstall fuck broken",0.97,Nuclear
"delete game fcking wild",0.98,Nuclear
"quit awful",0.98,Nuclear
"sit fuk peace out",0.98,Nuclear
"drop dead insane",0.99,Nuclear
"braindead freak",0.98,Nuclear
"fuking pathetic animal",0.97,Nuclear
"leave fkk why",0.97,Nuclear
"brainless checking out noob",0.97,Nuclear
"kill urself ggs",0.98,Nuclear
"fvck damn",0.99,Nuclear
"neck urself fuck pointless",0.98,Nuclear
"neck urself finished",0.98,Nuclear
"trashy insane",0.98,Nuclear
"kys fucker pull the plug",0.98,Nuclear
"fker im retiring scum",0.98,Nuclear
"f*ck chalked npc",0.99,Nuclear
"kill urself horseshit had enough",0.98,Nuclear
"fok done mong",0.98,Nuclear
"fukking wtf cancer",0.98,Nuclear
"end trash",0.99,Nuclear
"choke useless im out",0.98,Nuclear
"choke checking out",0.98,Nuclear
"brainless done braindead",0.99,Nuclear
"gtfo bullshit",0.97,Nuclear
"fcked worst prick",0.99,Nuclear
"stfu absolute worst",0.99,Nuclear
"actual bruh",0.98,Nuclear
"f_u_c_k sht whore",0.99,Nuclear
"kys f u c k end it all",0.97,Nuclear
"get cancer fvcking just stop",0.98,Nuclear
"go next fck awful",0.99,Nuclear
"quit worst",0.98,Nuclear
"mfing done for",0.98,Nuclear
"cancerous uninstalling tumor",0.97,Nuclear
"log off mfing bullshit",0.98,Nuclear
"delusional pathetic iron",0.99,Nuclear
"useless shit clown",0.98,Nuclear
"literal worst scum",0.98,Nuclear
"leave f k i n g bullshit",0.98,Nuclear
"absolute worst",0.97,Nuclear
"literal end it all",0.99,Nuclear
"vile pull the plug",0.97,Nuclear
"sit mfing unlucky",0.97,Nuclear
"ff f.u.c.k pathetic",0.98,Nuclear
"disgusting meaningless troll",0.98,Nuclear
"broken iron",0.99,Nuclear
"fucker meaningless",0.97,Nuclear
"ff f**k worst",0.97,Nuclear
"delete game just stop",0.98,Nuclear
"sit dead",0.98,Nuclear
"cope f -u c-k crazy",0.97,Nuclear
"pathetic meaningless",0.98,Nuclear
"shitty malding",0.99,Nuclear
"gtfo f**k deleting",0.97,Nuclear
"stop bozo",0.97,Nuclear
"braindead clown",0.97,Nuclear
"ff awful",0.98,Nuclear
"motherfucking worst griefer",0.99,Nuclear
"sit make it stop",0.99,Nuclear
"f_cking ridiculous",0.98,Nuclear
"fckng terrible",0.98,Nuclear
"fucker trash whore",0.99,Nuclear
"uninstall go fk im done",0.99,Nuclear
"chalked dick",0.99,Nuclear
"stepping away hardstuck",0.97,Nuclear
"uninstall end",0.99,Nuclear
"choke log off",0.97,Nuclear
"f**king chalked",0.97,Nuclear
"f**k tragic imbecile",0.97,Nuclear
"sit braindead",0.97,Nuclear
"mfing give up",0.97,Nuclear
"absolute stepping away",0.98,Nuclear
"cope wild",0.97,Nuclear
"touch grass had enough",0.98,Nuclear
"fvcking chalked",0.99,Nuclear
"gtfo unreal gg",0.98,Nuclear
"literal peace out feeder",0.98,Nuclear
"delete game f _u_ck im gone",0.98,Nuclear
"done scum",0.99,Nuclear
"quit fcking joke",0.99,Nuclear
"fuking exhausting",0.98,Nuclear
"disgusting peace out",0.97,Nuclear
"no more iron",0.99,Nuclear
"go next fkk crap",0.99,Nuclear
"cancerous logging out loser",0.97,Nuclear
"kill urself delusional trash",0.99,Nuclear
"quit phuck done",0.99,Nuclear
"fker gg",0.98,Nuclear
"choke give up",0.97,Nuclear
"f_u_c_k washed",0.98,Nuclear
"actual walking away",0.98,Nuclear
"dead shitter",0.98,Nuclear
"fukking ggs slut",0.97,Nuclear
"wild tumor",0.99,Nuclear
"mfing wack kid",0.98,Nuclear
"quit fok ggs",0.97,Nuclear
"fker pull the plug iron",0.98,Nuclear
"fuk done for dog",0.98,Nuclear
"cant anymore waste",0.98,Nuclear
"fvck i give up animal",0.98,Nuclear
"f u c k im done loser",0.97,Nuclear
"plz quit fucking just stop",0.98,Nuclear
"seethe f u c k cant anymore",0.98,Nuclear
"f k i n g end",0.98,Nuclear
"go fck end it all waste",0.97,Nuclear
"braindead trash npc",0.97,Nuclear
"neck urself fookin cant anymore",0.97,Nuclear
"f_u_c_k walking away noob",0.98,Nuclear
"trolling waste",0.99,Nuclear
"kill urself brainless gg",0.98,Nuclear
"shut up mentally ill terrible",0.98,Nuclear
"mfing trash",0.98,Nuclear
"vile wtf",0.97,Nuclear
"f_cking nonsense",0.98,Nuclear
"had enough dog",0.97,Nuclear
"fukk pathetic slut",0.97,Nuclear
"plz quit brainless omfg",0.99,Nuclear
"fucked ggs",0.98,Nuclear
"fuking i give up bastard",0.98,Nuclear
"get out trash",0.99,Nuclear
"fkk cant take it",0.99,Nuclear
"fukk worst bronze",0.97,Nuclear
"f*ck over it clown",0.98,Nuclear
"touch grass tilt",0.98,Nuclear
"vile gg next pussy",0.99,Nuclear
"gtfo over it",0.97,Nuclear
"logging out random",0.98,Nuclear
"f*cking gg next npc",0.98,Nuclear
"f-k-i-n-g its over whore",0.98,Nuclear
"f_cking tilted",0.99,Nuclear
"wild retard",0.99,Nuclear
"ff fok shut it down",0.97,Nuclear
"fck tragic",0.98,Nuclear
"seethe f*ck uninstalling",0.98,Nuclear
"choke shit",0.97,Nuclear
"touch grass brainless wtf",0.98,Nuclear
"log off f u c k washed",0.98,Nuclear
"fck just end",0.98,Nuclear
"go fck bruh animal",0.98,Nuclear
"useless retard",0.97,Nuclear
"neck urself phuck braindead",0.97,Nuclear
"literal please autist",0.97,Nuclear
"f.u.c.k exhausting mong",0.98,Nuclear
"cope worthless stop",0.97,Nuclear
"f_u_c_k damn pussy",0.98,Nuclear
"neck urself fuck walking away",0.98,Nuclear
"fok bs moron",0.98,Nuclear
"fook braindead",0.98,Nuclear
"disgusting insane",0.97,Nuclear
"actual bullshit",0.98,Nuclear
"wtf moron",0.98,Nuclear
"mentally ill crap mong",0.99,Nuclear
"fking damn",0.98,Nuclear
"done griefer",0.98,Nuclear
"bullshit miserable shitter",0.97,Nuclear
"alt f4 ggs",0.97,Nuclear
"go fk tilt subhuman",0.99,Nuclear
"fvck nonsense scum",0.99,Nuclear
"shitty cant take it freak",0.99,Nuclear
"shutup nonsense",0.98,Nuclear
"stfu dammit",0.98,Nuclear
"cope deleting",0.98,Nuclear
"fck tilt",0.97,Nuclear
"fuking bullshit cunt",0.98,Nuclear
"phuck awful animal",0.97,Nuclear
"phucking washed",0.97,Nuclear
"kys phucking no more",0.98,Nuclear
"choke f u c k i n g toxic",0.99,Nuclear
"meaningless shitter",0.97,Nuclear
"touch grass bullshit tragic",0.98,Nuclear
"cry more f.u.c.k done",0.98,Nuclear
"bullshit tilt cunt",0.98,Nuclear
"no more bot",0.97,Nuclear
"shitty make it stop cunt",0.97,Nuclear
"fkk deleting bozo",0.99,Nuclear
"fckng chalked clown",0.98,Nuclear
"kill urself end it all",0.97,Nuclear
"crazy scum",0.98,Nuclear
"touch grass braindead sht",0.98,Nuclear
"uninstall fckn awful",0.99,Nuclear
"kill urself fcked trolling",0.97,Nuclear
"log off bastard",0.97,Nuclear
"f*cking garbage loser",0.99,Nuclear
"f*cking washed",0.97,Nuclear
"pathetic meaningless bot",0.99,Nuclear
"delusional done for freak",0.98,Nuclear
"touch grass fuk bruh",0.97,Nuclear
"leave bs",0.99,Nuclear
"actual joke",0.98,Nuclear
"drop dead fuk log off",0.97,Nuclear
"drop dead fuk im retiring",0.98,Nuclear
"washed troll",0.99,Nuclear
"touch grass f_ck ridiculous",0.98,Nuclear
"f -u c-k why bozo",0.98,Nuclear
"quit pathetic i give up",0.98,Nuclear
"actual had enough dog",0.98,Nuclear
"cry more washed",0.98,Nuclear
"neck urself cringe trolling",0.98,Nuclear
"braindead over garbage",0.99,Nuclear
"shutup pathetic garbage",0.98,Nuclear
"fckng i give up dog",0.98,Nuclear
"f-k-i-n-g just stop moron",0.98,Nuclear
"neck urself insane gg next",0.98,Nuclear
"alt f4 f k i n g horrible",0.98,Nuclear
"fking exhausting feeder",0.97,Nuclear
"fook exhausting feeder",0.99,Nuclear
"fucked end feeder",0.97,Nuclear
"uninstall toxic im out",0.98,Nuclear
"insane im leaving waste",0.98,Nuclear
"dead cunt",0.97,Nuclear
"bullshit bozo",0.97,Nuclear
"toxic lmao iron",0.99,Nuclear
"neck urself fck exhausting",0.98,Nuclear
"fkng stop ape",0.98,Nuclear
"omfg bozo",0.99,Nuclear
"stfu fcked tilt",0.98,Nuclear
"trashy cant anymore",0.99,Nuclear
"phuck awful bronze",0.98,Nuclear
"shut up malding",0.97,Nuclear
"gg pussy",0.98,Nuclear
"f u c k worst",0.98,Nuclear
"fuking bullshit",0.98,Nuclear
"kys fker fck",0.97,Nuclear
"f -u c-k wtf bastard",0.98,Nuclear
"dodge had enough",0.98,Nuclear
"literal logging out whore",0.97,Nuclear
"gtfo f.u.c.k cooked",0.98,Nuclear
"horseshit wtf npc",0.98,Nuclear
"log off cooked",0.98,Nuclear
"shutup fvcking no more",0.97,Nuclear
"fukk ridiculous",0.99,Nuclear
"shutup cancerous shut it down",0.98,Nuclear
"tilted loser",0.98,Nuclear
"phucking deleting cancer",0.98,Nuclear
"fuck stop idiot",0.97,Nuclear
"im leaving random",0.97,Nuclear
"get cancer fker just stop",0.99,Nuclear
"cancerous broken pussy",0.98,Nuclear
"plz quit horseshit cooked",0.97,Nuclear
"leave fucked im quitting",0.98,Nuclear
"stfu f*ck over",0.97,Nuclear
"leave fckn why",0.98,Nuclear
"fck dick",0.98,Nuclear
"pathetic fck retard",0.98,Nuclear
"fok trolling",0.97,Nuclear
"fckn wild",0.97,Nuclear
"braindead awful waste",0.99,Nuclear
"get out f.u.c.k im retiring",0.98,Nuclear
"alt f4 fucker chalked",0.98,Nuclear
"kys fckng crazy",0.99,Nuclear
"get cancer f -u c-k end it all",0.97,Nuclear
"get out im gone",0.98,Nuclear
"kill urself bullshit gg next",0.97,Nuclear
"f k i n g trolling feeder",0.97,Nuclear
"phuck nonsense idiot",0.98,Nuclear
"f-k-i-n-g gg",0.97,Nuclear
"delete game im gone",0.98,Nuclear
"vile bs npc",0.98,Nuclear
"trolling bitch",0.98,Nuclear
"wack bitch",0.98,Nuclear
"fckn sht",0.98,Nuclear
"log off lmao",0.98,Nuclear
"f_ck tragic moron",0.98,Nuclear
"trashy trolling",0.98,Nuclear
"pathetic wrap it up",0.98,Nuclear
"go fk log off",0.98,Nuclear
"braindead awful mong",0.97,Nuclear
"get out f-k-i-n-g why",0.98,Nuclear
"go next shitty tilted",0.99,Nuclear
"fucking miserable",0.98,Nuclear
"f**k cant anymore tumor",0.98,Nuclear
"shutup cringe malding",0.98,Nuclear
"cry more im done",0.98,Nuclear
"shut up f u c k i n g dead",0.97,Nuclear
"f u c k horrible mong",0.98,Nuclear
"f -u c-k walking away idiot",0.97,Nuclear
"wack bot",0.97,Nuclear
"shutup fuking troll",0.99,Nuclear
"leave garbage",0.97,Nuclear
"fok insane tumor",0.98,Nuclear
"f_u_c_k shut it down troll",0.98,Nuclear
"drop dead fking shit",0.99,Nuclear
"pathetic just end",0.98,Nuclear
"vile pathetic noob",0.99,Nuclear
"seethe disgusting lmao",0.99,Nuclear
"vile pointless",0.98,Nuclear
"shutup hell",0.99,Nuclear
"gg retard",0.98,Nuclear
"vile disgusting troll",0.97,Nuclear
"fckn peace out",0.98,Nuclear
"im done iron",0.98,Nuclear
"sit wtf",0.98,Nuclear
"go next fucked damn",0.97,Nuclear
"toxic unlucky",0.98,Nuclear
"f u c k im gone scum",0.98,Nuclear
"worthless awful garbage",0.97,Nuclear
"fookin washed mong",0.99,Nuclear
"log off cringe chalked",0.97,Nuclear
"touch grass gg next",0.98,Nuclear
"just stop dog",0.97,Nuclear
"plz quit pull the plug",0.98,Nuclear
"f_u_c_k horrible",0.98,Nuclear
"i give up kid",0.97,Nuclear
"useless tragic tumor",0.98,Nuclear
"cant anymore troll",0.99,Nuclear
"im quitting npc",0.97,Nuclear
"get cancer dead",0.98,Nuclear
"fking fuck",0.97,Nuclear
"bullshit log off bastard",0.98,Nuclear
"f-u-c-k tragic hardstuck",0.98,Nuclear
"vile washed shitter",0.98,Nuclear
"unreal pathetic bitch",0.97,Nuclear
"fookin im retiring",0.99,Nuclear
"fok chalked",0.98,Nuclear
"seethe brainless finished",0.99,Nuclear
"disgusting bozo",0.97,Nuclear
"kill urself checking out",0.98,Nuclear
"cry more fvck crap",0.97,Nuclear
"plz quit f u c k fuck",0.99,Nuclear
"gtfo f-k-i-n-g hell",0.99,Nuclear
"im retiring mong",0.97,Nuclear
"sit horrible",0.97,Nuclear
"fookin im done random",0.98,Nuclear
"fckng end whore",0.98,Nuclear
"uninstall f _u_ck sht",0.98,Nuclear
"fucking shut it down feeder",0.97,Nuclear
"shutup braindead gg next",0.98,Nuclear
"stfu disgusting im done",0.98,Nuclear
"bullshit end npc",0.98,Nuclear
"worthless pointless mong",0.98,Nuclear
"choke dead",0.98,Nuclear
"leave f_u_c_k washed",0.97,Nuclear
"leave phucking nonsense",0.98,Nuclear
"f u c k bullshit noob",0.99,Nuclear
"cringe im leaving cancer",0.98,Nuclear
"vile worst ape",0.98,Nuclear
"shutup meaningless",0.98,Nuclear
"go next delusional please",0.98,Nuclear
"go next gg",0.97,Nuclear
"fuking malding",0.99,Nuclear
"phucking terrible slut",0.98,Nuclear
"choke shitty pointless",0.97,Nuclear
"absolute horrible retard",0.98,Nuclear
"go next wack",0.98,Nuclear
"kill urself f**king washed",0.97,Nuclear
"get cancer cooked",0.98,Nuclear
"absolute uninstalling cunt",0.99,Nuclear
"neck urself go fk done for",0.98,Nuclear
"ridiculous clown",0.98,Nuclear
"drop dead fuck peace out",0.99,Nuclear
"leave sht",0.98,Nuclear
"sit dammit",0.97,Nuclear
"unreal sht griefer",0.99,Nuclear
"plz quit f u c k im done",0.98,Nuclear
"fok shit",0.99,Nuclear
"insane troll",0.98,Nuclear
"fuck im retiring",0.99,Nuclear
"get out fckn wrap it up",0.99,Nuclear
"ff walking away",0.98,Nuclear
"go next unreal had enough",0.97,Nuclear
"f*cking stepping away moron",0.97,Nuclear
"f u c k bs bronze",0.99,Nuclear
"fucked omfg cunt",0.97,Nuclear
"fkk washed hardstuck",0.98,Nuclear
"fvck peace out bitch",0.98,Nuclear
"dogshit fck dick",0.99,Nuclear
"seethe literal im retiring",0.97,Nuclear
"miserable hardstuck",0.99,Nuclear
"neck urself f**k give up",0.99,Nuclear
"choke vile fuck",0.97,Nuclear
"gtfo vile useless",0.98,Nuclear
"go fk wild",0.98,Nuclear
"fucking peace out",0.99,Nuclear
"toxic terrible clown",0.98,Nuclear
"cancerous its over loser",0.97,Nuclear
"seethe malding",0.98,Nuclear
"drop dead cringe i give up",0.97,Nuclear
"gtfo insane dead",0.99,Nuclear
"terrible dick",0.97,Nuclear
"get cancer had enough",0.99,Nuclear
"alt f4 fuking omfg",0.98,Nuclear
"log off toxic im out",0.98,Nuclear
"go fck omfg bastard",0.99,Nuclear
"chalked slut",0.98,Nuclear
"worthless im quitting trash",0.99,Nuclear
"fucking omfg",0.99,Nuclear
"f_cking wild cancer",0.98,Nuclear
"phuck just end imbecile",0.99,Nuclear
"f _u_ck malding pussy",0.98,Nuclear
"drop dead trolling",0.98,Nuclear
"fukk meaningless",0.99,Nuclear
"f u c k i n g gg shitter",0.98,Nuclear
"kill urself broken",0.98,Nuclear
"insane gg next freak",0.98,Nuclear
"unlucky bronze",0.97,Nuclear
"ggs npc",0.98,Nuclear
"worst subhuman",0.98,Nuclear
"im quitting iron",0.98,Nuclear
"its over braindead",0.99,Nuclear
"ff fookin make it stop",0.98,Nuclear
"f _u_ck im out kid",0.97,Nuclear
"ridiculous moron",0.97,Nuclear
"get out fckn crap",0.97,Nuclear
"f_cking disgusting",0.98,Nuclear
"fckng walking away",0.98,Nuclear
"drop dead crap",0.97,Nuclear
"seethe im retiring",0.99,Nuclear
"delusional over ape",0.98,Nuclear
"fvck walking away bitch",0.98,Nuclear
"sit done",0.98,Nuclear
"neck urself fckng ridiculous",0.98,Nuclear
"cant take it ape",0.98,Nuclear
"ff worthless dead",0.98,Nuclear
"bullshit log off",0.98,Nuclear
"fckn its over garbage",0.98,Nuclear
"braindead meaningless",0.97,Nuclear
"go fck im quitting bronze",0.98,Nuclear
"bruh scum",0.98,Nuclear
"shutup phuck pointless",0.98,Nuclear
"vile make it stop freak",0.98,Nuclear
"gtfo fking log off",0.97,Nuclear
"fkk why",0.98,Nuclear
"f_u_c_k give up npc",0.98,Nuclear
"f u c k i n g please waste",0.99,Nuclear
"dammit prick",0.98,Nuclear
"phucking trolling",0.97,Nuclear
"fook done for",0.98,Nuclear
"go fk bs npc",0.98,Nuclear
"f**king trash",0.98,Nuclear
"alt f4 pathetic log off",0.98,Nuclear
"f u c k had enough idiot",0.99,Nuclear
"gg braindead",0.99,Nuclear
"unreal bs mong",0.98,Nuclear
"go next fckn end it all",0.99,Nuclear
"fckng done for dog",0.98,Nuclear
"choke fkng horrible",0.98,Nuclear
"fcking walking away bozo",0.98,Nuclear
"fok log off cunt",0.99,Nuclear
"f-k-i-n-g stepping away dick",0.98,Nuclear
"fck terrible npc",0.97,Nuclear
"go fk broken subhuman",0.99,Nuclear
"choke delusional trolling",0.98,Nuclear
"alt f4 malding",0.98,Nuclear
"plz quit actual ridiculous",0.99,Nuclear
"get cancer ggs",0.99,Nuclear
"f-k-i-n-g done for bot",0.98,Nuclear
"fuck dick",0.98,Nuclear
"uninstall sht",0.98,Nuclear
"f*cking lmao",0.97,Nuclear
"phuck chalked",0.98,Nuclear
"fucking garbage kid",0.98,Nuclear
"get out fcked hell",0.98,Nuclear
"stepping away bronze",0.98,Nuclear
"f-u-c-k miserable autist",0.98,Nuclear
"kill urself horseshit garbage",0.99,Nuclear
"leave walking away",0.99,Nuclear
"toxic checking out bozo",0.98,Nuclear
"f_ck end idiot",0.97,Nuclear
"delusional garbage",0.98,Nuclear
"quit fckn wack",0.97,Nuclear
"uninstall useless im leaving",0.98,Nuclear
"stfu wild",0.98,Nuclear
"troll bronze",0.99,Nuclear
"log off unreal unlucky",0.97,Nuclear
"gtfo fvcking fck",0.99,Nuclear
"cancerous just end noob",0.99,Nuclear
"fuking make it stop",0.97,Nuclear
"leave literal im out",0.98,Nuclear
"get out fuking peace out",0.99,Nuclear
"f**k its over",0.98,Nuclear
"fookin fck",0.98,Nuclear
"cope go fk end",0.98,Nuclear
"log off fkk pull the plug",0.99,Nuclear
"fkk pull the plug trash",0.98,Nuclear
"dammit scum",0.98,Nuclear
"wrap it up whore",0.99,Nuclear
"fuking over cancer",0.97,Nuclear
"cancerous omfg",0.97,Nuclear
"disgusting dead",0.98,Nuclear
"cooked iron",0.98,Nuclear
"dodge fuk useless",0.98,Nuclear
"disgusting washed cunt",0.97,Nuclear
"insane over it",0.97,Nuclear
"cry more f_ck cant take it",0.99,Nuclear
"cry more horseshit meaningless",0.97,Nuclear
"fok give up",0.98,Nuclear
"vile dead cancer",0.99,Nuclear
"dodge bullshit omfg",0.97,Nuclear
"fucker insane",0.98,Nuclear
"useless shut it down",0.98,Nuclear
"f u c k i n g wack",0.98,Nuclear
"cancerous crazy",0.97,Nuclear
"seethe motherfucking stop",0.97,Nuclear
"cant take it waste",0.98,Nuclear
"logging out braindead",0.98,Nuclear
"crazy moron",0.97,Nuclear
"alt f4 log off",0.98,Nuclear
"delete game f-u-c-k had enough",0.98,Nuclear
"touch grass i give up",0.98,Nuclear
"delusional pathetic imbecile",0.97,Nuclear
"vile ggs trash",0.97,Nuclear
"cope actual walking away",0.99,Nuclear
"im quitting braindead",0.99,Nuclear
"fok tilted",0.98,Nuclear
"kys damn",0.97,Nuclear
"f**king done cunt",0.98,Nuclear
"kill urself fcked log off",0.97,Nuclear
"uninstall braindead make it stop",0.98,Nuclear
"make it stop dick",0.98,Nuclear
"leave dogshit tilt",0.98,Nuclear
"delusional omfg iron",0.97,Nuclear
"stfu f*cking wtf",0.98,Nuclear
"bullshit peace out",0.99,Nuclear
"dead cancer",0.99,Nuclear
"shit whore",0.97,Nuclear
"stfu fook checking out",0.97,Nuclear
"literal dammit animal",0.98,Nuclear
"fookin gg next mong",0.98,Nuclear
"leave wrap it up",0.99,Nuclear
"phuck logging out",0.98,Nuclear
"fook cooked iron",0.97,Nuclear
"fuck just end",0.99,Nuclear
"fookin just end moron",0.99,Nuclear
"get cancer fking i give up",0.98,Nuclear
"alt f4 go fk uninstalling",0.98,Nuclear
"quit cant anymore",0.98,Nuclear
"fcking log off",0.98,Nuclear
"shutup troll",0.97,Nuclear
"quit absolute gg",0.99,Nuclear
"wrap it up braindead",0.98,Nuclear
"drop dead troll",0.97,Nuclear
"motherfucking crazy",0.99,Nuclear
"touch grass f k i n g ggs",0.99,Nuclear
"shutup f u c k i n g lmao",0.97,Nuclear
"cry more deleting",0.98,Nuclear
"unlucky bozo",0.98,Nuclear
"gtfo uninstalling",0.99,Nuclear
"meaningless pussy",0.98,Nuclear
"cry more stepping away",0.98,Nuclear
"shitty end",0.98,Nuclear
"kys f k i n g shit",0.99,Nuclear
"tilted retard",0.97,Nuclear
"mfing cant take it retard",0.98,Nuclear
"fckng just stop garbage",0.97,Nuclear
"fok gg next",0.98,Nuclear
"dodge phuck over",0.98,Nuclear
"shut up vile horrible",0.99,Nuclear
"bs waste",0.99,Nuclear
"f -u c-k damn slut",0.98,Nuclear
"kys pointless",0.98,Nuclear
"phucking bs",0.98,Nuclear
"fkk trolling",0.99,Nuclear
"f -u c-k im gone clown",0.99,Nuclear
"fukking dammit slut",0.97,Nuclear
"pathetic peace out",0.98,Nuclear
"its over cunt",0.98,Nuclear
"drop dead f k i n g worst",0.98,Nuclear
"sit fuking fuck",0.98,Nuclear
"drop dead delusional sht",0.98,Nuclear
"sit fker fck",0.97,Nuclear
"chalked braindead",0.98,Nuclear
"wtf subhuman",0.98,Nuclear
"go fck dammit clown",0.99,Nuclear
"get cancer useless",0.98,Nuclear
"f _u_ck peace out whore",0.98,Nuclear
"neck urself motherfucking unlucky",0.98,Nuclear
"insane stepping away bronze",0.99,Nuclear
"cringe uninstalling bronze",0.97,Nuclear
"shutup f u c k i n g crap",0.99,Nuclear
"f_u_c_k ggs",0.98,Nuclear
"fck give up pussy",0.98,Nuclear
"brainless damn cunt",0.98,Nuclear
"fuking dead",0.99,Nuclear
"cry more unreal im retiring",0.98,Nuclear
"gg noob",0.99,Nuclear
"fucker cant anymore",0.98,Nuclear
"fckn washed",0.99,Nuclear
"seethe tragic",0.99,Nuclear
"ff fukk washed",0.98,Nuclear
"plz quit mentally ill peace out",0.98,Nuclear
"f _u_ck trolling whore",0.98,Nuclear
"ff fukking toxic",0.98,Nuclear
"fvck over",0.97,Nuclear
"insane pussy",0.97,Nuclear
"fucker make it stop waste",0.98,Nuclear
"fucked wtf kid",0.99,Nuclear
"vile stepping away shitter",0.98,Nuclear
"dammit cunt",0.98,Nuclear
"touch grass f*ck lmao",0.98,Nuclear
"uninstall vile done",0.99,Nuclear
"mfing over it",0.98,Nuclear
"useless bruh",0.97,Nuclear
"gtfo go fck hell",0.98,Nuclear
"get cancer unreal im quitting",0.97,Nuclear
"awful shitter",0.97,Nuclear
"fkk hell tumor",0.98,Nuclear
"sit f.u.c.k sht",0.98,Nuclear
"f k i n g end bronze",0.98,Nuclear
"dodge omfg",0.99,Nuclear
"disgusting tragic bozo",0.99,Nuclear
"fking checking out animal",0.98,Nuclear
"alt f4 over",0.98,Nuclear
"fcking had enough waste",0.98,Nuclear
"fker just stop random",0.99,Nuclear
"unreal cooked animal",0.98,Nuclear
"phucking worst prick",0.98,Nuclear
"get cancer fckng cooked",0.98,Nuclear
"damn iron",0.97,Nuclear
"fuk meaningless",0.98,Nuclear
"fking washed idiot",0.98,Nuclear
"plz quit vile fck",0.98,Nuclear
"choke f.u.c.k joke",0.97,Nuclear
"literal over",0.98,Nuclear
"stfu give up",0.98,Nuclear
"fvck walking away bot",0.97,Nuclear
"cope make it stop",0.98,Nuclear
"disgusting griefer",0.99,Nuclear
"cry more fukking why",0.98,Nuclear
"uninstall fvck tilt",0.97,Nuclear
"wtf pussy",0.97,Nuclear
"shut up f.u.c.k tilted",0.99,Nuclear
"fukking give up slut",0.99,Nuclear
"delete game crazy",0.98,Nuclear
"uninstalling scum",0.97,Nuclear
"shut up unlucky",0.98,Nuclear
"get out had enough",0.98,Nuclear
"terrible garbage",0.97,Nuclear
"brainless uninstalling",0.97,Nuclear
"toxic clown",0.99,Nuclear
"choke fckn pointless",0.97,Nuclear
"ff insane awful",0.99,Nuclear
"cant take it animal",0.99,Nuclear
"fookin its over feeder",0.98,Nuclear
"fook finished trash",0.98,Nuclear
"log off whore",0.98,Nuclear
"worthless logging out",0.99,Nuclear
"gtfo fck lmao",0.99,Nuclear
"cope fook ggs",0.97,Nuclear
"shitty gg feeder",0.98,Nuclear
"cry more unreal pathetic",0.98,Nuclear
"hell cunt",0.98,Nuclear
"mfing garbage clown",0.97,Nuclear
"done for bastard",0.98,Nuclear
"tilted mong",0.98,Nuclear
"mentally ill cant take it",0.98,Nuclear
"pointless iron",0.97,Nuclear
"kill urself go fck chalked",0.98,Nuclear
"f u c k crap iron",0.98,Nuclear
"insane im leaving kid",0.98,Nuclear
"garbage kid",0.98,Nuclear
"f_ck shit slut",0.97,Nuclear
"ff fuck lmao",0.97,Nuclear
"quit mfing im quitting",0.99,Nuclear
"fck trolling",0.98,Nuclear
"f _u_ck checking out trash",0.97,Nuclear
"log off f u c k i n g gg",0.97,Nuclear
"fvcking shit",0.98,Nuclear
"meaningless kid",0.98,Nuclear
"sit stepping away",0.98,Nuclear
"horseshit wrap it up retard",0.97,Nuclear
"kys toxic",0.99,Nuclear
"worthless end it all shitter",0.99,Nuclear
"touch grass fuking wrap it up",0.99,Nuclear
"choke f -u c-k exhausting",0.98,Nuclear
"wrap it up iron",0.99,Nuclear
"done noob",0.98,Nuclear
"ff fuck peace out",0.98,Nuclear
"fucked chalked",0.98,Nuclear
"pathetic shit",0.99,Nuclear
"ggs dick",0.97,Nuclear
"dogshit dead hardstuck",0.99,Nuclear
"kill urself f**k exhausting",0.97,Nuclear
"seethe fkk just end",0.98,Nuclear
"choke wack",0.97,Nuclear
"cry more just end",0.98,Nuclear
"dodge fkk awful",0.98,Nuclear
"ff fvck cooked",0.99,Nuclear
"deleting bot",0.98,Nuclear
"mfing cant take it trash",0.98,Nuclear
"phuck gg",0.97,Nuclear
"choke trashy disgusting",0.98,Nuclear
"gtfo shitty useless",0.99,Nuclear
"crazy npc",0.99,Nuclear
"alt f4 fker dammit",0.99,Nuclear
"shut up logging out",0.98,Nuclear
"choke crap",0.97,Nuclear
"mentally ill cant anymore",0.98,Nuclear
"fker stepping away freak",0.98,Nuclear
"crazy pussy",0.97,Nuclear
"f-u-c-k done cancer",0.97,Nuclear
"f-k-i-n-g garbage dick",0.99,Nuclear
"worst trash",0.97,Nuclear
"fvcking i give up cancer",0.99,Nuclear
"disgusting wtf npc",0.98,Nuclear
"cry more fvck washed",0.97,Nuclear
"absolute its over bot",0.97,Nuclear
"delete game fook uninstalling",0.98,Nuclear
"f k i n g im leaving braindead",0.98,Nuclear
"fucked crap bitch",0.98,Nuclear
"fuck idiot",0.99,Nuclear
"gtfo pull the plug",0.98,Nuclear
"neck urself braindead pathetic",0.98,Nuclear
"go next checking out",0.98,Nuclear
"shutup im done",0.98,Nuclear
"stfu hell",0.98,Nuclear
"fkng shut it down bastard",0.99,Nuclear
"deleting clown",0.98,Nuclear
"cry more f_ck hell",0.99,Nuclear
"f**king make it stop",0.99,Nuclear
"f-u-c-k braindead prick",0.99,Nuclear
"seethe f_ck i give up",0.97,Nuclear
"cope worthless washed",0.97,Nuclear
"absolute miserable",0.97,Nuclear
"plz quit f**king worst",0.97,Nuclear
"end it all moron",0.98,Nuclear
"delete game i give up",0.98,Nuclear
"delete game useless",0.97,Nuclear
"get cancer actual troll",0.99,Nuclear
"tilted scum",0.97,Nuclear
"f _u_ck over braindead",0.97,Nuclear
"dodge fkng had enough",0.97,Nuclear
"fvcking wild",0.99,Nuclear
"quit phucking peace out",0.98,Nuclear
"gtfo absolute im done",0.99,Nuclear
"f_cking shit moron",0.99,Nuclear
"get out f*ck fuck",0.98,Nuclear
"braindead pointless bitch",0.98,Nuclear
"get out done",0.98,Nuclear
"toxic shitter",0.98,Nuclear
"alt f4 shitty washed",0.98,Nuclear
"ff f u c k lmao",0.99,Nuclear
"fucked nonsense prick",0.99,Nuclear
"fking omfg",0.97,Nuclear
"shut up literal useless",0.98,Nuclear
"fukking im out",0.99,Nuclear
"quit brainless cooked",0.99,Nuclear
"get cancer f k i n g done",0.98,Nuclear
"wrap it up trash",0.97,Nuclear
"fking im quitting tumor",0.99,Nuclear
"f u c k exhausting hardstuck",0.98,Nuclear
"mentally ill sht bastard",0.98,Nuclear
"tilt autist",0.97,Nuclear
"alt f4 lmao",0.98,Nuclear
"f _u_ck wack",0.99,Nuclear
"alt f4 phuck walking away",0.99,Nuclear
"go next shitty deleting",0.98,Nuclear
"wack shitter",0.98,Nuclear
"fook bullshit",0.98,Nuclear
"please autist",0.98,Nuclear
"shut up bruh",0.97,Nuclear
"choke fckn awful",0.98,Nuclear
"stfu delusional im leaving",0.98,Nuclear
"leave just end",0.98,Nuclear
"neck urself dogshit tilted",0.97,Nuclear
"sit vile wtf",0.99,Nuclear
"dodge bs",0.97,Nuclear
"make it stop trash",0.98,Nuclear
"gtfo fok log off",0.98,Nuclear
"go fck miserable bot",0.98,Nuclear
"fukk sht griefer",0.98,Nuclear
"dead freak",0.98,Nuclear
"toxic animal",0.98,Nuclear
"worthless lmao",0.97,Nuclear
"fucked over retard",0.99,Nuclear
"leave crap",0.98,Nuclear
"insane im quitting feeder",0.98,Nuclear
"neck urself f _u_ck fuck",0.97,Nuclear
"braindead just stop noob",0.98,Nuclear
"shutup pointless",0.99,Nuclear
"shut up its over",0.98,Nuclear
"insane feeder",0.98,Nuclear
"get out fcking crap",0.98,Nuclear
"touch grass joke",0.98,Nuclear
"literal omfg mong",0.99,Nuclear
"drop dead brainless damn",0.98,Nuclear
"crazy feeder",0.97,Nuclear
"log off motherfucking horrible",0.99,Nuclear
"unreal over it",0.97,Nuclear
"fkk ggs ape",0.98,Nuclear
"fook im leaving",0.98,Nuclear
"phuck walking away",0.98,Nuclear
"delete game pointless",0.98,Nuclear
"choke fcking im out",0.99,Nuclear
"motherfucking just end bitch",0.98,Nuclear
"choke fkng pointless",0.98,Nuclear
"cringe im done subhuman",0.97,Nuclear
"plz quit sht",0.98,Nuclear
"chalked iron",0.98,Nuclear
"delete game fuck hell",0.99,Nuclear
"insane checking out whore",0.97,Nuclear
"nonsense freak",0.99,Nuclear
"shutup fkk ggs",0.98,Nuclear
"f_u_c_k stop",0.97,Nuclear
"get cancer shitty finished",0.98,Nuclear
"shut up fkk cant take it",0.97,Nuclear
"useless animal",0.99,Nuclear
"fukk gg next retard",0.98,Nuclear
"kill urself phuck lmao",0.99,Nuclear
"uninstall awful",0.98,Nuclear
"leave vile cooked",0.99,Nuclear
"wrap it up autist",0.98,Nuclear
"shutup f_ck sht",0.97,Nuclear
"uninstall brainless end",0.98,Nuclear
"stfu pull the plug",0.98,Nuclear
"f-k-i-n-g joke bot",0.98,Nuclear
"get cancer make it stop",0.99,Nuclear
"f*ck im done",0.98,Nuclear
"drop dead absolute fuck",0.98,Nuclear
"drop dead fucker unlucky",0.98,Nuclear
"lmao scum",0.97,Nuclear
"shut up toxic",0.98,Nuclear
"fker over",0.99,Nuclear
"get out fkk gg",0.99,Nuclear
"absolute useless",0.98,Nuclear
"f*ck wrap it up",0.98,Nuclear
"fucked malding scum",0.98,Nuclear
"f*ck washed cunt",0.97,Nuclear
"braindead ggs shitter",0.99,Nuclear
"i give up bot",0.99,Nuclear
"tilt kid",0.98,Nuclear
"get out actual bullshit",0.98,Nuclear
"f*ck just end iron",0.98,Nuclear
"choke vile washed",0.98,Nuclear
"pathetic garbage",0.99,Nuclear
"fook wtf freak",0.97,Nuclear
"fukking tragic",0.99,Nuclear
"bullshit pathetic animal",0.97,Nuclear
"choke im retiring",0.97,Nuclear
"f_u_c_k just stop freak",0.98,Nuclear
"delusional im out",0.98,Nuclear
"f _u_ck cant anymore subhuman",0.97,Nuclear
"toxic bullshit hardstuck",0.99,Nuclear
"f**king crap troll",0.99,Nuclear
"disgusting checking out",0.98,Nuclear
"alt f4 fckn cant anymore",0.97,Nuclear
"phuck just end noob",0.99,Nuclear
"f-u-c-k tilted cunt",0.98,Nuclear
"fukk washed",0.99,Nuclear
"deleting loser",0.99,Nuclear
"seethe f-u-c-k garbage",0.97,Nuclear
"fok dammit",0.97,Nuclear
"f_ck bullshit",0.98,Nuclear
"f _u_ck pull the plug waste",0.97,Nuclear
"f_cking wild griefer",0.98,Nuclear
"quit disgusting",0.98,Nuclear
"phucking chalked",0.99,Nuclear
"fvck stepping away bitch",0.97,Nuclear
"go next fking gg",0.98,Nuclear
"ff fcking joke",0.99,Nuclear
"crap noob",0.99,Nuclear
"im retiring pussy",0.98,Nuclear
"delete game f**k trash",0.99,Nuclear
"fukk sht tumor",0.97,Nuclear
"fucking omfg imbecile",0.98,Nuclear
"kys f*ck chalked",0.97,Nuclear
"drop dead shitty deleting",0.97,Nuclear
"cant anymore bastard",0.99,Nuclear
"mfing cooked kid",0.98,Nuclear
"bullshit whore",0.98,Nuclear
"peace out scum",0.97,Nuclear
"mfing cooked idiot",0.98,Nuclear
"drop dead miserable",0.97,Nuclear
"shutup miserable",0.99,Nuclear
"alt f4 fok insane",0.99,Nuclear
"fok hell feeder",0.97,Nuclear
"actual bruh npc",0.97,Nuclear
"malding ape",0.97,Nuclear
"braindead washed moron",0.99,Nuclear
"choke worthless meaningless",0.97,Nuclear
"sit fcked cant take it",0.98,Nuclear
"shut up brainless over it",0.97,Nuclear
"f-u-c-k make it stop bozo",0.98,Nuclear
"fuk insane prick",0.97,Nuclear
"fuck shit moron",0.98,Nuclear
"f*cking wack npc",0.98,Nuclear
"fook damn troll",0.98,Nuclear
"uninstalling slut",0.98,Nuclear
"plz quit braindead cooked",0.98,Nuclear
"toxic tilt mong",0.99,Nuclear
"f -u c-k cant take it",0.98,Nuclear
"fuk bullshit idiot",0.98,Nuclear
"get out washed",0.98,Nuclear
"fcking wild moron",0.98,Nuclear
"kill urself omfg",0.99,Nuclear
"fuk crazy noob",0.98,Nuclear
"f u c k broken prick",0.98,Nuclear
"lmao freak",0.98,Nuclear
"shut up phucking cooked",0.98,Nuclear
"wild dick",0.98,Nuclear
"f_ck damn shitter",0.98,Nuclear
"fookin im done cancer",0.98,Nuclear
"worthless miserable ape",0.98,Nuclear
"sit trashy why",0.98,Nuclear
"kill urself peace out",0.98,Nuclear
"fck end ape",0.99,Nuclear
"dodge f.u.c.k sht",0.98,Nuclear
"log off phucking make it stop",0.98,Nuclear
"f k i n g tilted",0.97,Nuclear
"braindead cunt",0.98,Nuclear
"go fck exhausting iron",0.98,Nuclear
"shut up delusional no more",0.98,Nuclear
"go fck meaningless",0.97,Nuclear
"fok done for",0.97,Nuclear
"uninstall fukk walking away",0.98,Nuclear
"fucker troll feeder",0.97,Nuclear
"go fck meaningless retard",0.99,Nuclear
"cope f.u.c.k im gone",0.98,Nuclear
"kill urself f u c k bs",0.98,Nuclear
"touch grass fckn pathetic",0.98,Nuclear
"shutup fckn why",0.99,Nuclear
"neck urself delusional crap",0.99,Nuclear
"toxic done for",0.98,Nuclear
"sit f k i n g lmao",0.98,Nuclear
"get cancer dogshit stop",0.99,Nuclear
"cant anymore clown",0.98,Nuclear
"plz quit absolute pointless",0.98,Nuclear
"f -u c-k garbage kid",0.98,Nuclear
"sit cooked",0.98,Nuclear
"f u c k im leaving",0.99,Nuclear
"alt f4 fckng done",0.98,Nuclear
"just stop pussy",0.99,Nuclear
"motherfucking its over bot",0.98,Nuclear
"im retiring trash",0.97,Nuclear
"f*ck i give up dog",0.99,Nuclear
"alt f4 stop",0.99,Nuclear
"go fck omfg iron",0.98,Nuclear
"done for shitter",0.99,Nuclear
"fcked crap",0.99,Nuclear
"ff disgusting",0.98,Nuclear
"stepping away tumor",0.99,Nuclear
"leave brainless done",0.99,Nuclear
"f**k fuck garbage",0.98,Nuclear
"fucked done subhuman",0.99,Nuclear
"please mong",0.99,Nuclear
"sit disgusting stop",0.98,Nuclear
"wild animal",0.99,Nuclear
"ggs clown",0.97,Nuclear
"alt f4 stepping away",0.98,Nuclear
"fuck bullshit",0.98,Nuclear
"go next bullshit i give up",0.97,Nuclear
"shitty chalked dick",0.99,Nuclear
"cry more please",0.97,Nuclear
"sit f-u-c-k fuck",0.98,Nuclear
"worthless tilt cunt",0.97,Nuclear
"cry more f.u.c.k just stop",0.98,Nuclear
"seethe phucking wack",0.98,Nuclear
"f u c k horrible retard",0.97,Nuclear
"wack moron",0.99,Nuclear
"just end troll",0.99,Nuclear
"f-k-i-n-g over it random",0.97,Nuclear
"uninstall gg",0.98,Nuclear
"horseshit its over",0.97,Nuclear
"shit dick",0.97,Nuclear
"go next fucker im done",0.98,Nuclear
"f*cking im done tumor",0.99,Nuclear
"trashy shut it down troll",0.98,Nuclear
"go fck shit",0.99,Nuclear
"tilt clown",0.98,Nuclear
"f_ck ggs",0.98,Nuclear
"gtfo fukking finished",0.99,Nuclear
"trashy cooked noob",0.98,Nuclear
"horseshit done noob",0.99,Nuclear
"worthless disgusting trash",0.99,Nuclear
"sit trash",0.99,Nuclear
"go fk bruh",0.98,Nuclear
"f**k bullshit",0.98,Nuclear
"absolute dammit bot",0.97,Nuclear
"uninstall fkk crazy",0.98,Nuclear
"kill urself pointless",0.98,Nuclear
"ff give up",0.99,Nuclear
"cry more peace out",0.98,Nuclear
"brainless end it all",0.98,Nuclear
"motherfucking cooked",0.97,Nuclear
"sit miserable",0.98,Nuclear
"f -u c-k insane",0.98,Nuclear
"quit i give up",0.98,Nuclear
"fuk no more",0.98,Nuclear
"log off peace out",0.99,Nuclear
"fkk joke trash",0.98,Nuclear
"worthless im quitting iron",0.99,Nuclear
"get out dogshit pathetic",0.98,Nuclear
"pull the plug autist",0.98,Nuclear
"cope tilt",0.99,Nuclear
"ff actual its over",0.98,Nuclear
"gtfo fuk im leaving",0.99,Nuclear
"wack npc",0.98,Nuclear
"get cancer fkng dead",0.97,Nuclear
"delete game finished",0.99,Nuclear
"go fk exhausting loser",0.98,Nuclear
"unreal dammit imbecile",0.98,Nuclear
"kill urself f*cking cooked",0.98,Nuclear
"choke disgusting just stop",0.98,Nuclear
"pathetic bitch",0.98,Nuclear
"fckng pull the plug griefer",0.98,Nuclear
"dodge useless",0.98,Nuclear
"garbage pussy",0.98,Nuclear
"just stop feeder",0.99,Nuclear
"go fck broken autist",0.97,Nuclear
"phuck cant anymore",0.99,Nuclear
"cancerous useless",0.98,Nuclear
"kys fker deleting",0.98,Nuclear
"quit fkk hell",0.97,Nuclear
"bullshit griefer",0.99,Nuclear
"alt f4 done",0.99,Nuclear
"get out f**king trash",0.98,Nuclear
"chalked mong",0.99,Nuclear
"gtfo insane useless",0.97,Nuclear
"logging out troll",0.97,Nuclear
"f**k horrible",0.98,Nuclear
"fok sht waste",0.97,Nuclear
"ggs tumor",0.97,Nuclear
"get out fuck peace out",0.98,Nuclear
"fckn fck subhuman",0.98,Nuclear
"drop dead literal ridiculous",0.98,Nuclear
"choke phucking wrap it up",0.98,Nuclear
"horrible trash",0.98,Nuclear
"kys ggs",0.99,Nuclear
"gg trash",0.99,Nuclear
"fukk im out",0.98,Nuclear
"fok pathetic",0.98,Nuclear
"fckn had enough griefer",0.97,Nuclear
"dodge cringe please",0.98,Nuclear
"fker bullshit tumor",0.99,Nuclear
"mfing just stop ape",0.98,Nuclear
"omfg bastard",0.99,Nuclear
"fck dead mong",0.99,Nuclear
"cope horrible",0.99,Nuclear
"garbage feeder",0.98,Nuclear
"get out fook tilted",0.98,Nuclear
"phuck bs tumor",0.97,Nuclear
"sit fckng horrible",0.99,Nuclear
"go fk im quitting scum",0.97,Nuclear
"seethe f _u_ck useless",0.98,Nuclear
"fook crazy waste",0.97,Nuclear
"touch grass fkk chalked",0.98,Nuclear
"ff dogshit exhausting",0.99,Nuclear
"pathetic horrible dick",0.98,Nuclear
"fok braindead",0.98,Nuclear
"useless wrap it up",0.98,Nuclear
"delete game brainless damn",0.97,Nuclear
"exhausting cunt",0.98,Nuclear
"malding scum",0.98,Nuclear
"get out insane gg next",0.98,Nuclear
"done for subhuman",0.97,Nuclear
"fucking worst",0.98,Nuclear
"stfu fcking i give up",0.98,Nuclear
"fck lmao",0.98,Nuclear
"uninstall just end",0.99,Nuclear
"gtfo fkk bruh",0.97,Nuclear
"fuck cooked pussy",0.99,Nuclear
"shutup insane wild",0.98,Nuclear
"fkk wild shitter",0.98,Nuclear
"gtfo fucked crazy",0.98,Nuclear
"alt f4 fuck",0.99,Nuclear
"fckng insane",0.98,Nuclear
"brainless uninstalling subhuman",0.98,Nuclear
"log off fking over",0.99,Nuclear
"fok ridiculous imbecile",0.99,Nuclear
"kill urself shitty end it all",0.98,Nuclear
"touch grass braindead im out",0.99,Nuclear
"f*ck troll retard",0.97,Nuclear
"fker make it stop mong",0.98,Nuclear
"shutup shitty stop",0.98,Nuclear
"leave unlucky",0.99,Nuclear
"go fck trash",0.98,Nuclear
"plz quit worthless give up",0.98,Nuclear
"gtfo f**k tilted",0.97,Nuclear
"mentally ill pull the plug troll",0.98,Nuclear
"f**k deleting",0.98,Nuclear
"quit fvcking peace out",0.98,Nuclear
"motherfucking pointless whore",0.99,Nuclear
"phuck i give up hardstuck",0.97,Nuclear
"phuck tragic bot",0.98,Nuclear
"get out toxic im done",0.97,Nuclear
"f_u_c_k im quitting animal",0.98,Nuclear
"f u c k i n g crazy bozo",0.97,Nuclear
"cry more cancerous finished",0.99,Nuclear
"fukk fuck imbecile",0.98,Nuclear
"delusional log off npc",0.97,Nuclear
"worthless lmao whore",0.99,Nuclear
"stop braindead",0.98,Nuclear
"sit absolute stepping away",0.98,Nuclear
"delusional terrible bastard",0.98,Nuclear
"get cancer fckng chalked",0.98,Nuclear
"fcked horrible hardstuck",0.97,Nuclear
"get out f-u-c-k finished",0.97,Nuclear
"vile wtf garbage",0.98,Nuclear
"literal meaningless autist",0.98,Nuclear
"delusional pointless dog",0.97,Nuclear
"fkng over it troll",0.97,Nuclear
"f-u-c-k trash braindead",0.98,Nuclear
"fok stop clown",0.98,Nuclear
"uninstall actual exhausting",0.98,Nuclear
"kill urself fkng dammit",0.98,Nuclear
"exhausting ape",0.99,Nuclear
"drop dead finished",0.99,Nuclear
"quit f_u_c_k its over",0.99,Nuclear
"nonsense scum",0.98,Nuclear
"phucking give up",0.98,Nuclear
"ff fker shit",0.98,Nuclear
"neck urself f _u_ck checking out",0.99,Nuclear
"horseshit wild bozo",0.98,Nuclear
"f_ck washed dog",0.98,Nuclear
"fck gg next",0.98,Nuclear
"go fk worst",0.98,Nuclear
"mentally ill make it stop griefer",0.98,Nuclear
"cry more insane",0.99,Nuclear
"tragic hardstuck",0.98,Nuclear
"gtfo horseshit peace out",0.98,Nuclear
"horseshit im retiring hardstuck",0.99,Nuclear
"im leaving feeder",0.99,Nuclear
"touch grass fcking wrap it up",0.98,Nuclear
"f_u_c_k chalked",0.97,Nuclear
"fukking cooked feeder",0.98,Nuclear
"mentally ill over it dick",0.99,Nuclear
"fukk fck slut",0.98,Nuclear
"fcked broken",0.97,Nuclear
"choke logging out",0.99,Nuclear
"f*ck wtf garbage",0.98,Nuclear
"uninstall pathetic toxic",0.98,Nuclear
"why imbecile",0.98,Nuclear
"miserable garbage",0.97,Nuclear
"stfu toxic fuck",0.98,Nuclear
"leave useless ggs",0.99,Nuclear
"fvcking log off ape",0.98,Nuclear
"absolute horrible",0.98,Nuclear
"shut up fckn end it all",0.99,Nuclear
"shutup fukking terrible",0.98,Nuclear
"kill urself pathetic cant take it",0.98,Nuclear
"dead random",0.99,Nuclear
"get out bs",0.99,Nuclear
"plz quit cancerous useless",0.98,Nuclear
"trashy peace out dick",0.98,Nuclear
"absolute peace out",0.98,Nuclear
"shutup trashy ridiculous",0.97,Nuclear
"bruh animal",0.98,Nuclear
"fucker why dick",0.98,Nuclear
"log off pull the plug",0.98,Nuclear
"cringe worst",0.98,Nuclear
"fuking tragic autist",0.98,Nuclear
"dodge fookin crazy",0.98,Nuclear
"toxic walking away",0.98,Nuclear
"ff brainless awful",0.97,Nuclear
"f -u c-k cant take it bozo",0.98,Nuclear
"cry more crazy",0.98,Nuclear
"dodge f**k bs",0.97,Nuclear
"fuck exhausting bot",0.98,Nuclear
"ggs scum",0.98,Nuclear
"chalked tumor",0.97,Nuclear
"stfu vile omfg",0.98,Nuclear
"toxic wtf waste",0.97,Nuclear
"f.u.c.k omfg scum",0.97,Nuclear
"fcked malding",0.98,Nuclear
"log off vile no more",0.97,Nuclear
"meaningless garbage",0.98,Nuclear
"touch grass fcking joke",0.98,Nuclear
"quit over",0.98,Nuclear
"drop dead cant anymore",0.98,Nuclear
"f.u.c.k bullshit",0.97,Nuclear
"dodge done",0.99,Nuclear
"f*ck shit",0.98,Nuclear
"fckn pull the plug pussy",0.97,Nuclear
"drop dead dead",0.98,Nuclear
"worthless useless cunt",0.98,Nuclear
"cope im leaving",0.97,Nuclear
"no more kid",0.97,Nuclear
"unreal horrible cancer",0.97,Nuclear
"im gone clown",0.97,Nuclear
"kill urself fvck cant anymore",0.98,Nuclear
"get out phucking cant anymore",0.98,Nuclear
"stfu pathetic",0.97,Nuclear
"f-k-i-n-g finished",0.99,Nuclear
"fckng no more clown",0.98,Nuclear
"worthless just end random",0.98,Nuclear
"f-u-c-k pathetic",0.98,Nuclear
"seethe fck stepping away",0.97,Nuclear
"phuck cant take it",0.99,Nuclear
"f-u-c-k logging out clown",0.97,Nuclear
"f-u-c-k chalked subhuman",0.97,Nuclear
"literal washed trash",0.97,Nuclear
"sit fvcking bullshit",0.98,Nuclear
"pathetic random",0.98,Nuclear
"shut up please",0.98,Nuclear
"shut up fvck end",0.97,Nuclear
"absolute make it stop feeder",0.98,Nuclear
"seethe brainless bruh",0.98,Nuclear
"mfing crazy npc",0.98,Nuclear
"f k i n g broken imbecile",0.98,Nuclear
"f u c k i n g done braindead",0.98,Nuclear
"worthless damn bozo",0.98,Nuclear
"f**king toxic",0.97,Nuclear
"insane ggs garbage",0.98,Nuclear
"f -u c-k crap garbage",0.98,Nuclear
"dodge disgusting",0.99,Nuclear
"fcked end",0.99,Nuclear
"f-k-i-n-g end trash",0.98,Nuclear
"insane damn dog",0.99,Nuclear
"get cancer fuking chalked",0.99,Nuclear
"f u c k i n g ggs subhuman",0.99,Nuclear
"toxic no more freak",0.97,Nuclear
"fukking trolling",0.98,Nuclear
"shutup fuking end it all",0.99,Nuclear
"cope fkk shut it down",0.99,Nuclear
"fucked malding shitter",0.99,Nuclear
"get cancer disgusting ggs",0.98,Nuclear
"kill urself cancerous dammit",0.98,Nuclear
"fookin gg next dog",0.98,Nuclear
"fking wack slut",0.98,Nuclear
"over it shitter",0.99,Nuclear
"fukking fck",0.98,Nuclear
"horseshit ggs idiot",0.99,Nuclear
"brainless bruh dick",0.98,Nuclear
"cringe ggs",0.98,Nuclear
"leave f -u c-k just end",0.97,Nuclear
"neck urself useless",0.99,Nuclear
"drop dead vile disgusting",0.97,Nuclear
"fuking bs whore",0.99,Nuclear
"absolute pull the plug",0.98,Nuclear
"gtfo cant take it",0.99,Nuclear
"pull the plug imbecile",0.99,Nuclear
"fucking lmao moron",0.97,Nuclear
"fukk dead",0.98,Nuclear
"alt f4 shitty sht",0.99,Nuclear
"fckng worst cunt",0.98,Nuclear
"sit f.u.c.k malding",0.98,Nuclear
"fvcking uninstalling kid",0.98,Nuclear
"fucking im gone slut",0.98,Nuclear
"shut up f_ck stop",0.98,Nuclear
"braindead trash freak",0.98,Nuclear
"f*cking logging out",0.99,Nuclear
"go fck omfg trash",0.98,Nuclear
"f_u_c_k deleting autist",0.98,Nuclear
"sit fook cooked",0.99,Nuclear
"actual no more bozo",0.99,Nuclear
"alt f4 disgusting cant anymore",0.98,Nuclear
"awful hardstuck",0.97,Nuclear
"gtfo f*ck im leaving",0.97,Nuclear
"bullshit bitch",0.97,Nuclear
"fckng give up slut",0.98,Nuclear
"fook bruh griefer",0.98,Nuclear
"phucking wack",0.98,Nuclear
"fuking deleting npc",0.99,Nuclear
"fck shit feeder",0.97,Nuclear
"stfu go fck awful",0.99,Nuclear
"gtfo f*ck shut it down",0.98,Nuclear
"tragic prick",0.98,Nuclear
"shut it down griefer",0.98,Nuclear
"shitty im retiring",0.98,Nuclear
"f**king braindead subhuman",0.97,Nuclear
"washed random",0.98,Nuclear
"leave go fk ggs",0.97,Nuclear
"leave disgusting pathetic",0.98,Nuclear
"get cancer trashy shut it down",0.98,Nuclear
"choke f*ck dead",0.98,Nuclear
"crazy idiot",0.98,Nuclear
"plz quit mfing crap",0.98,Nuclear
"get out f u c k i n g pathetic",0.99,Nuclear
"why ape",0.99,Nuclear
"shutup fkng bs",0.98,Nuclear
"bullshit miserable",0.97,Nuclear
"dodge fucker braindead",0.98,Nuclear
"go fk had enough noob",0.99,Nuclear
"fkk wtf bastard",0.98,Nuclear
"fckng meaningless idiot",0.98,Nuclear
"washed whore",0.98,Nuclear
"fking disgusting loser",0.99,Nuclear
"f.u.c.k over it",0.97,Nuclear
"fvcking had enough waste",0.98,Nuclear
"go fck omfg clown",0.98,Nuclear
"fckn im out",0.99,Nuclear
"mentally ill chalked mong",0.99,Nuclear
"fckn malding random",0.97,Nuclear
"fukking make it stop npc",0.97,Nuclear
"fking insane bozo",0.98,Nuclear
"fuking why ape",0.98,Nuclear
"deleting braindead",0.97,Nuclear
"f_ck broken cunt",0.99,Nuclear
"wack tumor",0.98,Nuclear
"log off autist",0.97,Nuclear
"motherfucking malding",0.99,Nuclear
"dodge troll",0.97,Nuclear
"f_cking terrible tumor",0.99,Nuclear
"fkng dammit",0.97,Nuclear
"stfu fckng gg",0.98,Nuclear
"get out im leaving",0.98,Nuclear
"checking out troll",0.97,Nuclear
"choke f_ck crap",0.97,Nuclear
"done mong",0.97,Nuclear
"phuck gg next subhuman",0.97,Nuclear
"uninstall fook dead",0.99,Nuclear
"cry more wild",0.97,Nuclear
"phucking cant take it",0.98,Nuclear
"broken animal",0.97,Nuclear
"f-u-c-k nonsense subhuman",0.98,Nuclear
"disgusting bullshit noob",0.99,Nuclear
"fkk im quitting shitter",0.99,Nuclear
"touch grass shitty ggs",0.99,Nuclear
"quit f**king fck",0.99,Nuclear
"seethe literal washed",0.98,Nuclear
"drop dead fck",0.99,Nuclear
"f_u_c_k walking away tumor",0.98,Nuclear
"f k i n g im gone",0.98,Nuclear
"cancerous crap",0.98,Nuclear
"uninstall absolute ridiculous",0.98,Nuclear
"braindead washed",0.97,Nuclear
"sit fck",0.98,Nuclear
"toxic bitch",0.97,Nuclear
"phuck im leaving",0.99,Nuclear
"dogshit crap",0.98,Nuclear
"go next fuck washed",0.98,Nuclear
"f_cking walking away hardstuck",0.97,Nuclear
"cry more f _u_ck insane",0.99,Nuclear
"log off f-u-c-k its over",0.97,Nuclear
"fucking omfg troll",0.97,Nuclear
"shutup lmao",0.99,Nuclear
"choke mentally ill dead",0.97,Nuclear
"motherfucking washed garbage",0.99,Nuclear
"drop dead go fck crap",0.97,Nuclear
"neck urself insane",0.97,Nuclear
"get cancer go fk troll",0.98,Nuclear
"fkng tilt",0.97,Nuclear
"braindead crazy",0.97,Nuclear
"shutup f_u_c_k trash",0.98,Nuclear
"gtfo fvcking worst",0.98,Nuclear
"horseshit stop",0.97,Nuclear
"kys f-u-c-k bruh",0.98,Nuclear
"pathetic ridiculous mong",0.98,Nuclear
"disgusting garbage",0.97,Nuclear
"cooked hardstuck",0.98,Nuclear
"neck urself f.u.c.k im gone",0.98,Nuclear
"delusional ggs trash",0.99,Nuclear
"choke cancerous omfg",0.99,Nuclear
"alt f4 fuck bruh",0.99,Nuclear
"toxic over it",0.97,Nuclear
"kys f k i n g fuck",0.97,Nuclear
"plz quit disgusting stepping away",0.98,Nuclear
"sit peace out",0.98,Nuclear
"cant anymore bozo",0.99,Nuclear
"fckng im gone garbage",0.98,Nuclear
"bullshit uninstalling hardstuck",0.97,Nuclear
"fvcking fuck",0.98,Nuclear
"quit fcking nonsense",0.97,Nuclear
"cry more f**k cant take it",0.97,Nuclear
"f*cking disgusting subhuman",0.99,Nuclear
"its over prick",0.98,Nuclear
"fcked stop random",0.97,Nuclear
"fking fuck bronze",0.98,Nuclear
"bullshit trash",0.98,Nuclear
"fuking worst tumor",0.99,Nuclear
"gtfo bullshit walking away",0.97,Nuclear
"alt f4 unlucky",0.97,Nuclear
"fking miserable",0.98,Nuclear
"uninstall motherfucking why",0.98,Nuclear
"give up waste",0.97,Nuclear
"shut up f k i n g stop",0.98,Nuclear
"get cancer fkng stop",0.99,Nuclear
"fvcking washed bronze",0.98,Nuclear
"trashy crazy bot",0.98,Nuclear
"uninstall toxic garbage",0.97,Nuclear
"dodge f k i n g fck",0.98,Nuclear
"get out unreal its over",0.98,Nuclear
"touch grass mfing worst",0.97,Nuclear
"insane stepping away",0.99,Nuclear
"miserable mong",0.98,Nuclear
"delusional done bozo",0.98,Nuclear
"uninstall useless bs",0.98,Nuclear
"f*ck cooked braindead",0.98,Nuclear
"useless gg",0.98,Nuclear
"fck shitter",0.99,Nuclear
"get out im done",0.98,Nuclear
"phuck wtf",0.98,Nuclear
"fuck done",0.99,Nuclear
"choke fckng log off",0.97,Nuclear
"fookin dammit clown",0.99,Nuclear
"fcking broken",0.97,Nuclear
"get out ggs",0.97,Nuclear
"f*cking tilted pussy",0.97,Nuclear
"fkng wild retard",0.98,Nuclear
"f*ck peace out ape",0.99,Nuclear
"shitty stepping away cunt",0.99,Nuclear
"trashy worst mong",0.97,Nuclear
"drop dead pointless",0.97,Nuclear
"f*cking braindead bozo",0.97,Nuclear
"f_cking dammit idiot",0.99,Nuclear
"touch grass fvck i give up",0.99,Nuclear
"fking malding",0.98,Nuclear
"garbage scum",0.99,Nuclear
"fukk over trash",0.99,Nuclear
"stfu dead",0.97,Nuclear
"damn feeder",0.98,Nuclear
"cringe crap",0.99,Nuclear
"fuck log off npc",0.98,Nuclear
"quit fucker over it",0.99,Nuclear
"shut up fck done for",0.98,Nuclear
"f**k wack loser",0.98,Nuclear
"neck urself fukk terrible",0.98,Nuclear
"cry more checking out",0.98,Nuclear
"f k i n g dammit",0.97,Nuclear
"f_cking done bastard",0.99,Nuclear
"go fk pointless bastard",0.98,Nuclear
"f-k-i-n-g peace out bozo",0.97,Nuclear
"get out insane had enough",0.97,Nuclear
"fcked stepping away",0.99,Nuclear
"f**k why",0.99,Nuclear
"fukking had enough",0.98,Nuclear
"make it stop bot",0.97,Nuclear
"bullshit bruh bot",0.98,Nuclear
"terrible idiot",0.98,Nuclear
"motherfucking useless",0.98,Nuclear
"kys absolute stop",0.98,Nuclear
"im done feeder",0.97,Nuclear
"worthless pathetic waste",0.98,Nuclear
"fok im retiring shitter",0.98,Nuclear
"choke f _u_ck cooked",0.97,Nuclear
"neck urself cancerous just end",0.97,Nuclear
"stfu please",0.97,Nuclear
"alt f4 fucked ridiculous",0.99,Nuclear
"ff fok meaningless",0.97,Nuclear
"leave go fck terrible",0.98,Nuclear
"worthless bullshit waste",0.98,Nuclear
"awful feeder",0.98,Nuclear
"uninstall absolute done",0.98,Nuclear
"f_ck pointless",0.99,Nuclear
"pull the plug npc",0.97,Nuclear
"sit fker end",0.99,Nuclear
"ff fvcking logging out",0.98,Nuclear
"sit fckn miserable",0.99,Nuclear
"delete game fok ggs",0.98,Nuclear
"please kid",0.97,Nuclear
"cope crap",0.97,Nuclear
"gtfo terrible",0.97,Nuclear
"useless crap prick",0.98,Nuclear
"wrap it up kid",0.98,Nuclear
"over it kid",0.98,Nuclear
"fucking wrap it up",0.98,Nuclear
"fok pointless",0.97,Nuclear
"leave f_u_c_k bullshit",0.97,Nuclear
"absolute done bitch",0.97,Nuclear
"phuck trolling griefer",0.98,Nuclear
"wtf feeder",0.98,Nuclear
"leave toxic fck",0.98,Nuclear
"get cancer im out",0.97,Nuclear
"im retiring shitter",0.98,Nuclear
"shutup f u c k i n g bruh",0.98,Nuclear
"sit end it all",0.99,Nuclear
"touch grass fok meaningless",0.98,Nuclear
"toxic im done",0.99,Nuclear
"mfing tragic autist",0.98,Nuclear
"log off braindead make it stop",0.98,Nuclear
"stfu damn",0.98,Nuclear
"terrible braindead",0.98,Nuclear
"alt f4 fker ggs",0.98,Nuclear
"kys cancerous i give up",0.98,Nuclear
"go next fukking end it all",0.99,Nuclear
"fckn malding animal",0.98,Nuclear
"fuck logging out cunt",0.97,Nuclear
"neck urself braindead wild",0.98,Nuclear
"bruh pussy",0.99,Nuclear
"stfu fuking done",0.98,Nuclear
"leave fcked cooked",0.98,Nuclear
"choke garbage",0.99,Nuclear
"actual logging out",0.99,Nuclear
"f _u_ck terrible",0.98,Nuclear
"plz quit cancerous cooked",0.99,Nuclear
"stfu disgusting",0.97,Nuclear
"fkng i give up",0.97,Nuclear
"fckn peace out noob",0.99,Nuclear
"delete game fkng peace out",0.97,Nuclear
"fkk dead griefer",0.97,Nuclear
"neck urself f _u_ck its over",0.97,Nuclear
"toxic tragic troll",0.98,Nuclear
"go fck omfg subhuman",0.97,Nuclear
"seethe mentally ill end it all",0.99,Nuclear
"stfu shitty exhausting",0.98,Nuclear
"neck urself sht",0.98,Nuclear
"delete game f*cking shut it down",0.98,Nuclear
"stop ape",0.98,Nuclear
"log off sht",0.99,Nuclear
"f k i n g cant anymore",0.99,Nuclear
"please trash",0.98,Nuclear
"plz quit dogshit ggs",0.98,Nuclear
"f u c k i n g damn cunt",0.98,Nuclear
"fcking im leaving bitch",0.98,Nuclear
"alt f4 phuck chalked",0.98,Nuclear
"f-u-c-k had enough",0.99,Nuclear
"kys toxic hell",0.98,Nuclear
"neck urself fckng tilted",0.97,Nuclear
"bullshit broken random",0.97,Nuclear
"hell prick",0.97,Nuclear
"tragic tumor",0.99,Nuclear
"crap scum",0.99,Nuclear
"phuck done for pussy",0.98,Nuclear
"log off fookin give up",0.99,Nuclear
"brainless trolling",0.99,Nuclear
"fking walking away hardstuck",0.98,Nuclear
"disgusting loser",0.98,Nuclear
"choke f**k useless",0.98,Nuclear
"plz quit fucker done",0.98,Nuclear
"alt f4 bullshit done",0.99,Nuclear
"log off fcked lmao",0.98,Nuclear
"fvck deleting noob",0.97,Nuclear
"fook please garbage",0.98,Nuclear
"f-k-i-n-g awful griefer",0.97,Nuclear
"shutup horrible",0.98,Nuclear
"fvcking wtf",0.98,Nuclear
"chalked noob",0.99,Nuclear
"get out f**king deleting",0.98,Nuclear
"fook exhausting clown",0.99,Nuclear
"ff disgusting finished",0.99,Nuclear
"fuk washed",0.97,Nuclear
"fukk lmao animal",0.98,Nuclear
"touch grass bullshit washed",0.98,Nuclear
"please prick",0.98,Nuclear
"phucking stepping away",0.97,Nuclear
"fuking trash prick",0.97,Nuclear
"leave motherfucking wack",0.98,Nuclear
"f.u.c.k bruh iron",0.98,Nuclear
"fcking done retard",0.98,Nuclear
"pathetic gg",0.99,Nuclear
"f u c k chalked braindead",0.97,Nuclear
"phucking shut it down feeder",0.98,Nuclear
"stfu fucker sht",0.98,Nuclear
"fck bs npc",0.98,Nuclear
"log off f u c k i n g im retiring",0.97,Nuclear
"f_cking im retiring",0.99,Nuclear
"omfg braindead",0.98,Nuclear
"plz quit walking away",0.97,Nuclear
"log off f*cking hell",0.99,Nuclear
"fcking fck",0.99,Nuclear
"go next ridiculous",0.97,Nuclear
"dogshit tragic",0.98,Nuclear
"log off dammit",0.98,Nuclear
"touch grass f**k miserable",0.98,Nuclear
"fkng end tumor",0.98,Nuclear
"finished kid",0.97,Nuclear
"get cancer trashy peace out",0.98,Nuclear
"gtfo its over",0.99,Nuclear
"ff delusional trash",0.98,Nuclear
"log off delusional walking away",0.97,Nuclear
"f-u-c-k awful",0.98,Nuclear
"f _u_ck had enough",0.98,Nuclear
"cope go fck nonsense",0.98,Nuclear
"disgusting shut it down",0.99,Nuclear
"bullshit hell troll",0.97,Nuclear
"plz quit f**king garbage",0.99,Nuclear
"brainless broken pussy",0.97,Nuclear
"get cancer tragic",0.97,Nuclear
"go next go fck im retiring",0.99,Nuclear
"neck urself bs",0.98,Nuclear
"toxic dammit",0.97,Nuclear
"fckng end",0.98,Nuclear
"sht freak",0.98,Nuclear
"stfu troll",0.98,Nuclear
"seethe braindead dammit",0.98,Nuclear
"literal bs griefer",0.98,Nuclear
"f _u_ck over it",0.98,Nuclear
"dodge fucker im gone",0.98,Nuclear
"stfu over it",0.98,Nuclear
"get cancer just stop",0.99,Nuclear
"shutup fok garbage",0.98,Nuclear
"get cancer f-k-i-n-g wrap it up",0.97,Nuclear
"hell animal",0.98,Nuclear
"fcking im out dog",0.98,Nuclear
"dead kid",0.99,Nuclear
"dodge give up",0.99,Nuclear
"useless terrible cunt",0.97,Nuclear
"f _u_ck crazy",0.99,Nuclear
"leave fck tragic",0.98,Nuclear
"f-k-i-n-g chalked kid",0.97,Nuclear
"choke pathetic",0.98,Nuclear
"seethe pathetic had enough",0.98,Nuclear
"fukking worst",0.98,Nuclear
"literal bs bot",0.98,Nuclear
"f k i n g peace out pussy",0.98,Nuclear
"neck urself f*cking its over",0.97,Nuclear
"sit fcked ggs",0.98,Nuclear
"shutup phuck walking away",0.98,Nuclear
"fucker worst waste",0.99,Nuclear
"kill urself f k i n g im leaving",0.98,Nuclear
"trashy chalked griefer",0.99,Nuclear
"stfu cooked",0.98,Nuclear
"literal bullshit",0.98,Nuclear
"mentally ill shut it down",0.98,Nuclear
"plz quit delusional im done",0.97,Nuclear
"f _u_ck worst",0.98,Nuclear
"fuk cant anymore shitter",0.98,Nuclear
"neck urself over",0.99,Nuclear
"f _u_ck hell",0.97,Nuclear
"shutup fck tilt",0.99,Nuclear
"kill urself over",0.98,Nuclear
"cringe disgusting clown",0.97,Nuclear
"cope f u c k shut it down",0.98,Nuclear
"fckn wrap it up animal",0.97,Nuclear
"fking shit griefer",0.98,Nuclear
"kill urself f-k-i-n-g stop",0.97,Nuclear
"cancerous wild bozo",0.98,Nuclear
"get out mfing washed",0.99,Nuclear
"fucking washed freak",0.97,Nuclear
"fckn pointless kid",0.98,Nuclear
"delusional tilt bastard",0.98,Nuclear
"neck urself f**king troll",0.97,Nuclear
"leave miserable",0.99,Nuclear
"horseshit toxic shitter",0.97,Nuclear
"alt f4 fukk ggs",0.99,Nuclear
"uninstall fok bruh",0.97,Nuclear
"kys worthless bruh",0.98,Nuclear
"seethe shitty cant anymore",0.99,Nuclear
"shut up fvck stop",0.99,Nuclear
"cope f u c k i n g im done",0.98,Nuclear
"quit f k i n g troll",0.99,Nuclear
"f-k-i-n-g braindead loser",0.98,Nuclear
"dodge fucked please",0.98,Nuclear
"go fk im done",0.98,Nuclear
"fukking hell",0.99,Nuclear
"kys shitty terrible",0.99,Nuclear
"fker end it all prick",0.98,Nuclear
"cooked loser",0.97,Nuclear
"ggs iron",0.97,Nuclear
"fking hell",0.99,Nuclear
"go next go fck washed",0.98,Nuclear
"cope f*cking logging out",0.97,Nuclear
"drop dead fking please",0.97,Nuclear
"f-k-i-n-g make it stop",0.99,Nuclear
"fook wild",0.97,Nuclear
"alt f4 brainless awful",0.99,Nuclear
"fukk chalked tumor",0.99,Nuclear
"worthless finished moron",0.97,Nuclear
"just end imbecile",0.98,Nuclear
"fucking done for shitter",0.98,Nuclear
"gtfo f.u.c.k im gone",0.98,Nuclear
"f k i n g wrap it up loser",0.98,Nuclear
"alt f4 trashy log off",0.98,Nuclear
"go fck shut it down kid",0.99,Nuclear
"alt f4 fucked ggs",0.97,Nuclear
"wild troll",0.99,Nuclear
"fuk fck animal",0.97,Nuclear
"braindead cooked dick",0.97,Nuclear
"quit phucking sht",0.98,Nuclear
"wild trash",0.98,Nuclear
"shitty done hardstuck",0.98,Nuclear
"troll cunt",0.97,Nuclear
"f_ck useless",0.98,Nuclear
"garbage subhuman",0.97,Nuclear
"f**k cant anymore",0.98,Nuclear
"gtfo braindead logging out",0.97,Nuclear
"seethe f-k-i-n-g broken",0.98,Nuclear
"f**k tilt pussy",0.99,Nuclear
"fcked shut it down slut",0.99,Nuclear
"f-u-c-k trash autist",0.99,Nuclear
"f_u_c_k checking out subhuman",0.98,Nuclear
"joke prick",0.99,Nuclear
"im gone moron",0.98,Nuclear
"fucking joke",0.98,Nuclear
"fkk i give up pussy",0.97,Nuclear
"delete game f_ck gg next",0.98,Nuclear
"f*cking damn bozo",0.98,Nuclear
"cringe cooked",0.98,Nuclear
"hell bot",0.98,Nuclear
"fucker exhausting bastard",0.98,Nuclear
"leave cancerous over",0.97,Nuclear
"fuking bs scum",0.97,Nuclear
"fucking braindead",0.98,Nuclear
"alt f4 f_cking im out",0.99,Nuclear
"unreal joke dick",0.97,Nuclear
"fcked unlucky npc",0.99,Nuclear
"fcked stop",0.98,Nuclear
"f_cking ridiculous animal",0.98,Nuclear
"fcking wtf",0.99,Nuclear
"unreal cooked",0.99,Nuclear
"fkk please",0.97,Nuclear
"fckng log off npc",0.98,Nuclear
"drop dead fok trolling",0.97,Nuclear
"kys fck",0.98,Nuclear
"uninstalling bastard",0.97,Nuclear
"log off chalked",0.98,Nuclear
"f u c k i n g checking out shitter",0.98,Nuclear
"worst prick",0.98,Nuclear
"f u c k make it stop",0.98,Nuclear
"leave end it all",0.99,Nuclear
"make it stop loser",0.99,Nuclear
"absolute disgusting",0.98,Nuclear
"fucker im gone npc",0.97,Nuclear
"fckng cooked pussy",0.98,Nuclear
"toxic stepping away bitch",0.99,Nuclear
"wack autist",0.99,Nuclear
"sit f_ck nonsense",0.98,Nuclear
"log off fucked hell",0.99,Nuclear
"delusional ggs",0.97,Nuclear
"ff fck awful",0.99,Nuclear
"f.u.c.k uninstalling mong",0.97,Nuclear
"im out clown",0.97,Nuclear
"just stop griefer",0.98,Nuclear
"ff f -u c-k peace out",0.98,Nuclear
"f k i n g gg next bitch",0.97,Nuclear
"shut up fucking its over",0.98,Nuclear
"mfing please mong",0.98,Nuclear
"f**k omfg bozo",0.99,Nuclear
"ff bullshit",0.97,Nuclear
"meaningless braindead",0.98,Nuclear
"fckn tilt loser",0.99,Nuclear
"sht pussy",0.97,Nuclear
"fukking im quitting hardstuck",0.98,Nuclear
"get cancer trashy i give up",0.99,Nuclear
"cant anymore retard",0.97,Nuclear
"literal terrible",0.99,Nuclear
"motherfucking wtf prick",0.98,Nuclear
"f.u.c.k done for kid",0.98,Nuclear
"bullshit washed loser",0.97,Nuclear
"fookin bullshit",0.98,Nuclear
"wild random",0.99,Nuclear
"f u c k i n g please",0.99,Nuclear
"gg prick",0.98,Nuclear
"brainless wild",0.99,Nuclear
"logging out waste",0.97,Nuclear
"cry more f*ck end it all",0.98,Nuclear
"pointless whore",0.99,Nuclear
"motherfucking wild",0.98,Nuclear
"toxic terrible kid",0.99,Nuclear
"leave go fk joke",0.98,Nuclear
"f _u_ck just end scum",0.98,Nuclear
"plz quit f -u c-k fuck",0.97,Nuclear
"dammit moron",0.99,Nuclear
"touch grass fcked peace out",0.99,Nuclear
"shitty insane garbage",0.99,Nuclear
"go fk tragic hardstuck",0.99,Nuclear
"touch grass fkk wrap it up",0.99,Nuclear
"f**k bs",0.98,Nuclear
"choke mfing logging out",0.99,Nuclear
"f_ck im quitting bozo",0.98,Nuclear
"alt f4 mfing lmao",0.97,Nuclear
"dogshit shit loser",0.97,Nuclear
"gtfo f_cking trash",0.98,Nuclear
"f**k im retiring",0.98,Nuclear
"alt f4 useless useless",0.99,Nuclear
"touch grass no more",0.99,Nuclear
"fok dammit braindead",0.98,Nuclear
"unreal pointless prick",0.98,Nuclear
"f**king garbage kid",0.99,Nuclear
"pathetic pull the plug",0.97,Nuclear
"dogshit exhausting",0.98,Nuclear
"alt f4 over it",0.99,Nuclear
"f-u-c-k im quitting",0.98,Nuclear
"bullshit shut it down",0.98,Nuclear
"im gone bastard",0.99,Nuclear
"fuking pull the plug bastard",0.98,Nuclear
"f-k-i-n-g just stop",0.99,Nuclear
"phuck braindead",0.97,Nuclear
"delete game insane",0.97,Nuclear
"broken dog",0.98,Nuclear
"neck urself f k i n g cant take it",0.98,Nuclear
"fcking its over autist",0.98,Nuclear
"kill urself fuking cooked",0.98,Nuclear
"ggs hardstuck",0.99,Nuclear
"braindead cant take it whore",0.97,Nuclear
"disgusting wack",0.98,Nuclear
"log off useless wild",0.98,Nuclear
"shitty ggs griefer",0.99,Nuclear
"fck miserable",0.98,Nuclear
"cry more meaningless",0.98,Nuclear
"f_cking terrible",0.98,Nuclear
"fukking chalked cancer",0.97,Nuclear
"fucking exhausting retard",0.98,Nuclear
"log off fkk over",0.98,Nuclear
"f k i n g why griefer",0.98,Nuclear
"uninstall disgusting deleting",0.98,Nuclear
"kill urself fookin walking away",0.97,Nuclear
"delusional awful tumor",0.98,Nuclear
"fukk shut it down whore",0.97,Nuclear
"cancerous crap griefer",0.99,Nuclear
"shut up garbage",0.97,Nuclear
"dodge f**k stop",0.99,Nuclear
"choke mentally ill shit",0.97,Nuclear
"fucker disgusting",0.98,Nuclear
"done for waste",0.97,Nuclear
"useless its over troll",0.97,Nuclear
"trolling tumor",0.98,Nuclear
"leave malding",0.97,Nuclear
"seethe f -u c-k dead",0.99,Nuclear
"alt f4 f-k-i-n-g meaningless",0.99,Nuclear
"f.u.c.k stop random",0.99,Nuclear
"fkng exhausting garbage",0.98,Nuclear
"fvcking give up",0.98,Nuclear
"fcked lmao npc",0.98,Nuclear
"fkng walking away iron",0.98,Nuclear
"omfg animal",0.98,Nuclear
"phucking miserable",0.98,Nuclear
"fookin cooked noob",0.97,Nuclear
"fukking washed moron",0.98,Nuclear
"sit go fck pointless",0.97,Nuclear
"dogshit shut it down npc",0.99,Nuclear
"dogshit tilted feeder",0.98,Nuclear
"literal ggs bronze",0.99,Nuclear
"gtfo f*ck disgusting",0.98,Nuclear
"leave phucking tragic",0.98,Nuclear
"fker im retiring griefer",0.98,Nuclear
"neck urself fucker cant take it",0.98,Nuclear
"cope gg next",0.99,Nuclear
"log off fckng please",0.98,Nuclear
"trashy omfg",0.99,Nuclear
"plz quit i give up",0.98,Nuclear
"f.u.c.k logging out bozo",0.99,Nuclear
"get cancer im gone",0.97,Nuclear
"fkk ggs imbecile",0.99,Nuclear
"lmao bitch",0.98,Nuclear
"motherfucking trolling bastard",0.97,Nuclear
"pathetic hell dick",0.97,Nuclear
"seethe tilted",0.98,Nuclear
"fkk pointless braindead",0.99,Nuclear
"touch grass wtf",0.99,Nuclear
"just stop dick",0.98,Nuclear
"plz quit pathetic toxic",0.97,Nuclear
"get cancer cringe cooked",0.98,Nuclear
"quit phuck please",0.98,Nuclear
"mfing chalked bozo",0.97,Nuclear
"f-u-c-k worst waste",0.98,Nuclear
"sit fck meaningless",0.97,Nuclear
"get out f u c k i n g over",0.98,Nuclear
"motherfucking pathetic pussy",0.98,Nuclear
"cope cant take it",0.99,Nuclear
"f -u c-k gg next",0.98,Nuclear
"neck urself literal horrible",0.97,Nuclear
"get cancer garbage",0.97,Nuclear
"omfg iron",0.97,Nuclear
"get cancer brainless im gone",0.99,Nuclear
"f-u-c-k cooked",0.97,Nuclear
"kill urself bullshit peace out",0.97,Nuclear
"fook cooked hardstuck",0.98,Nuclear
"cringe insane loser",0.98,Nuclear
"go next crazy",0.98,Nuclear
"plz quit shit",0.99,Nuclear
"drop dead f-u-c-k done",0.97,Nuclear
"stepping away griefer",0.98,Nuclear
"toxic im retiring",0.97,Nuclear
"fuk cant anymore",0.98,Nuclear
"cry more fukking end",0.98,Nuclear
"stop bot",0.98,Nuclear
"plz quit im out",0.97,Nuclear
"shitty trash tumor",0.98,Nuclear
"tilted subhuman",0.98,Nuclear
"fvck cooked trash",0.99,Nuclear
"plz quit fookin insane",0.98,Nuclear
"f u c k i n g awful bozo",0.98,Nuclear
"tilted pussy",0.98,Nuclear
"delete game pathetic shit",0.99,Nuclear
"stfu actual please",0.99,Nuclear
"brainless exhausting garbage",0.97,Nuclear
"phuck shit bozo",0.98,Nuclear
"fuk crazy bitch",0.98,Nuclear
"mfing log off braindead",0.99,Nuclear
"leave fukking exhausting",0.98,Nuclear
"disgusting why cunt",0.99,Nuclear
"fkk toxic garbage",0.99,Nuclear
"plz quit unlucky",0.97,Nuclear
"f_ck deleting",0.99,Nuclear
"im quitting waste",0.97,Nuclear
"get out f k i n g shit",0.98,Nuclear
"damn prick",0.98,Nuclear
"useless cooked",0.98,Nuclear
"deleting trash",0.98,Nuclear
"get cancer dammit",0.98,Nuclear
"f**king shit imbecile",0.98,Nuclear
"alt f4 fking terrible",0.97,Nuclear
"insane whore",0.98,Nuclear
"motherfucking shut it down",0.99,Nuclear
"fuck toxic cancer",0.97,Nuclear
"fook wild hardstuck",0.97,Nuclear
"f -u c-k dammit noob",0.98,Nuclear
"log off f.u.c.k shit",0.97,Nuclear
"absolute fuck",0.97,Nuclear
"dodge its over",0.97,Nuclear
"fok deleting cancer",0.97,Nuclear
"cancerous sht retard",0.97,Nuclear
"get cancer fck ggs",0.98,Nuclear
"f k i n g over it bozo",0.97,Nuclear
"fukking gg next",0.99,Nuclear
"tilt mong",0.98,Nuclear
"go next troll",0.98,Nuclear
"over it waste",0.99,Nuclear
"fuck stop",0.98,Nuclear
"absolute cooked ape",0.98,Nuclear
"alt f4 f**king trash",0.98,Nuclear
"touch grass bs",0.97,Nuclear
"braindead ggs",0.97,Nuclear
"f*cking pull the plug",0.98,Nuclear
"shut up fkk why",0.99,Nuclear
"fker im retiring whore",0.98,Nuclear
"fukk fck bastard",0.98,Nuclear
"drop dead broken",0.97,Nuclear
"give up pussy",0.98,Nuclear
"sit omfg",0.98,Nuclear
"f_ck ggs cancer",0.98,Nuclear
"f*ck wild clown",0.97,Nuclear
"f.u.c.k pointless cancer",0.98,Nuclear
"bullshit log off griefer",0.97,Nuclear
"f_cking make it stop animal",0.97,Nuclear
"fckn cooked scum",0.99,Nuclear
"shitty bruh",0.98,Nuclear
"dead bozo",0.97,Nuclear
"fucker checking out",0.97,Nuclear
"braindead end garbage",0.99,Nuclear
"cancerous walking away autist",0.98,Nuclear
"fckng ggs bitch",0.98,Nuclear
"fvck had enough griefer",0.98,Nuclear
"phucking im gone bozo",0.98,Nuclear
"ff fukking dammit",0.97,Nuclear
"gtfo give up",0.98,Nuclear
"log off braindead exhausting",0.98,Nuclear
"useless shit",0.98,Nuclear
"drop dead f*ck garbage",0.97,Nuclear
"shitty pointless pussy",0.98,Nuclear
"fuking end it all",0.98,Nuclear
"uninstall please",0.98,Nuclear
"shut up worthless tilt",0.97,Nuclear
"fcked miserable npc",0.97,Nuclear
"motherfucking lmao",0.98,Nuclear
"pathetic crazy garbage",0.97,Nuclear
"delusional troll",0.98,Nuclear
"fook im gone slut",0.98,Nuclear
"neck urself bullshit pathetic",0.98,Nuclear
"f_u_c_k worst scum",0.99,Nuclear
"stfu go fck terrible",0.99,Nuclear
"cry more fookin cooked",0.98,Nuclear
"troll feeder",0.97,Nuclear
"f*cking make it stop",0.97,Nuclear
"trashy ridiculous",0.97,Nuclear
"shitty walking away noob",0.98,Nuclear
"shit prick",0.98,Nuclear
"plz quit phuck im done",0.98,Nuclear
"garbage idiot",0.98,Nuclear
"over it ape",0.97,Nuclear
"gtfo dead",0.98,Nuclear
"fookin done for",0.98,Nuclear
"fukking stepping away trash",0.98,Nuclear
"pathetic give up subhuman",0.97,Nuclear
"absolute omfg subhuman",0.97,Nuclear
"fckn terrible",0.98,Nuclear
"worthless hell retard",0.99,Nuclear
"shut it down animal",0.97,Nuclear
"get cancer give up",0.97,Nuclear
"uninstall mentally ill joke",0.98,Nuclear
"actual crap",0.99,Nuclear
"neck urself uninstalling",0.98,Nuclear
"log off brainless horrible",0.97,Nuclear
"f*cking wrap it up random",0.97,Nuclear
"cancerous please bastard",0.97,Nuclear
"cringe broken",0.98,Nuclear
"im quitting griefer",0.99,Nuclear
"log off malding",0.97,Nuclear
"go fk chalked",0.99,Nuclear
"quit f**king washed",0.98,Nuclear
"alt f4 f_cking tilted",0.97,Nuclear
"f**k crazy shitter",0.97,Nuclear
"fckn im leaving",0.98,Nuclear
"fook lmao animal",0.98,Nuclear
"kill urself exhausting",0.98,Nuclear
"fuck malding subhuman",0.97,Nuclear
"phucking fck",0.98,Nuclear
"leave fucking wrap it up",0.99,Nuclear
"plz quit f*cking its over",0.99,Nuclear
"fucker wack bot",0.97,Nuclear
"uninstall mentally ill broken",0.98,Nuclear
"delusional dammit hardstuck",0.99,Nuclear
"plz quit wack",0.99,Nuclear
"phucking useless",0.99,Nuclear
"vile just stop bot",0.99,Nuclear
"touch grass insane bullshit",0.98,Nuclear
"kys fucked meaningless",0.98,Nuclear
"neck urself f*cking fuck",0.98,Nuclear
"gg next bastard",0.99,Nuclear
"insane bitch",0.98,Nuclear
"drop dead fucker please",0.97,Nuclear
"exhausting idiot",0.97,Nuclear
"f u c k i n g deleting tumor",0.98,Nuclear
"trashy crap",0.98,Nuclear
"fvck bullshit random",0.98,Nuclear
"worthless fuck",0.99,Nuclear
"hell cancer",0.98,Nuclear
"drop dead peace out",0.97,Nuclear
"damn moron",0.98,Nuclear
"kys bullshit cooked",0.99,Nuclear
"ff fking shit",0.99,Nuclear
"touch grass unlucky",0.98,Nuclear
"ff worthless toxic",0.99,Nuclear
"gtfo gg",0.98,Nuclear
"pathetic dammit",0.98,Nuclear
"phucking insane",0.98,Nuclear
"sit brainless bs",0.98,Nuclear
"shut up fcking wack",0.98,Nuclear
"fuk please",0.99,Nuclear
"useless sht shitter",0.98,Nuclear
"damn cancer",0.97,Nuclear
"worthless its over bitch",0.98,Nuclear
"get out omfg",0.98,Nuclear
"plz quit meaningless",0.99,Nuclear
"damn dog",0.98,Nuclear
"tilted random",0.98,Nuclear
"trashy i give up",0.99,Nuclear
"go next fck trolling",0.97,Nuclear
"cringe washed",0.98,Nuclear
"quit mentally ill just end",0.99,Nuclear
"shut up f**king trash",0.98,Nuclear
"seethe f u c k fuck",0.98,Nuclear
"neck urself toxic terrible",0.97,Nuclear
"fkk had enough shitter",0.97,Nuclear
"sit toxic",0.99,Nuclear
"garbage dog",0.99,Nuclear
"insane wtf random",0.99,Nuclear
"stfu actual give up",0.99,Nuclear
"shut up phucking uninstalling",0.99,Nuclear
"shut up unreal nonsense",0.99,Nuclear
"gtfo fvcking wrap it up",0.97,Nuclear
"vile cooked bot",0.98,Nuclear
"bullshit cooked hardstuck",0.98,Nuclear
"unreal done imbecile",0.98,Nuclear
"fook omfg",0.98,Nuclear
"brainless useless",0.98,Nuclear
"ff fukk terrible",0.98,Nuclear
"alt f4 f**k braindead",0.98,Nuclear
"fukk logging out troll",0.97,Nuclear
"choke pathetic trash",0.98,Nuclear
"insane animal",0.97,Nuclear
"stfu mfing peace out",0.97,Nuclear
"cry more insane ggs",0.99,Nuclear
"fckng bs",0.97,Nuclear
"sit shitty cooked",0.97,Nuclear
"braindead fuck bozo",0.99,Nuclear
"delete game ridiculous",0.97,Nuclear
"over it noob",0.99,Nuclear
"seethe fck wack",0.98,Nuclear
"uninstall log off",0.97,Nuclear
"fcked washed prick",0.98,Nuclear
"fkk useless ape",0.99,Nuclear
"fck cant take it bot",0.98,Nuclear
"fuking tilted",0.98,Nuclear
"disgusting deleting bastard",0.98,Nuclear
"im gone feeder",0.97,Nuclear
"fucked crazy retard",0.98,Nuclear
"f u c k i n g crazy garbage",0.98,Nuclear
"f_u_c_k chalked idiot",0.98,Nuclear
"fcking wrap it up",0.98,Nuclear
"make it stop griefer",0.98,Nuclear
"wild whore",0.98,Nuclear
"motherfucking wack",0.99,Nuclear
"fker terrible waste",0.99,Nuclear
"fook give up garbage",0.98,Nuclear
"kill urself absolute washed",0.98,Nuclear
"quit fucked chalked",0.98,Nuclear
"fking pointless",0.98,Nuclear
"stfu fckn terrible",0.98,Nuclear
"finished npc",0.98,Nuclear
"f_cking disgusting feeder",0.99,Nuclear
"uninstall fukk ridiculous",0.98,Nuclear
"log off fook checking out",0.98,Nuclear
"fuck no more feeder",0.99,Nuclear
"sit mfing make it stop",0.97,Nuclear
"fuk done iron",0.98,Nuclear
"shutup please",0.97,Nuclear
"get out insane damn",0.99,Nuclear
"worthless awful animal",0.98,Nuclear
"f**k stop autist",0.98,Nuclear
"neck urself fkk over it",0.99,Nuclear
"f u c k i n g gg scum",0.97,Nuclear
"fker im retiring npc",0.98,Nuclear
"f k i n g why",0.99,Nuclear
"fvcking im out bozo",0.98,Nuclear
"log off motherfucking nonsense",0.99,Nuclear
"tilt loser",0.99,Nuclear
"mentally ill bs bot",0.97,Nuclear
"f-u-c-k shit shitter",0.97,Nuclear
"choke mfing washed",0.98,Nuclear
"trolling pussy",0.98,Nuclear
"braindead just stop slut",0.97,Nuclear
"fkk ridiculous",0.98,Nuclear
"walking away tumor",0.98,Nuclear
"gtfo f*ck worst",0.98,Nuclear
"uninstalling pussy",0.99,Nuclear
"shutup literal please",0.98,Nuclear
"cant take it npc",0.97,Nuclear
"im leaving whore",0.97,Nuclear
"dodge f u c k i n g tilt",0.99,Nuclear
"sit fcked im retiring",0.97,Nuclear
"sit vile just stop",0.97,Nuclear
"go fck cooked bronze",0.99,Nuclear
"get out cringe im gone",0.98,Nuclear
"f_cking crazy loser",0.98,Nuclear
"im done dick",0.97,Nuclear
"braindead griefer",0.98,Nuclear
"choke wtf",0.98,Nuclear
"kill urself mentally ill damn",0.98,Nuclear
"go next f**k hell",0.98,Nuclear
"disgusting crazy random",0.98,Nuclear
"useless sht waste",0.99,Nuclear
"f k i n g end it all npc",0.99,Nuclear
"neck urself tragic",0.97,Nuclear
"gtfo f u c k stop",0.97,Nuclear
"fucker terrible troll",0.98,Nuclear
"delusional pathetic pussy",0.97,Nuclear
"ff crazy",0.97,Nuclear
"fuking no more whore",0.98,Nuclear
"f_ck done",0.98,Nuclear
"horseshit toxic",0.99,Nuclear
"touch grass crap",0.99,Nuclear
"ff washed",0.98,Nuclear
"fckng sht bozo",0.98,Nuclear
"vile logging out",0.97,Nuclear
"broken clown",0.98,Nuclear
"fck peace out imbecile",0.98,Nuclear
"over bozo",0.98,Nuclear
"kys horrible",0.98,Nuclear
"fucking i give up mong",0.99,Nuclear
"fking logging out noob",0.97,Nuclear
"f**k unlucky shitter",0.98,Nuclear
"choke f u c k omfg",0.99,Nuclear
"unreal gg",0.98,Nuclear
"pathetic ridiculous pussy",0.99,Nuclear
"uninstall brainless please",0.99,Nuclear
"cry more braindead",0.98,Nuclear
"go fk pathetic iron",0.98,Nuclear
"braindead gg",0.99,Nuclear
"fucked trolling",0.97,Nuclear
"cry more phucking crazy",0.98,Nuclear
"fkng fck bitch",0.98,Nuclear
"drop dead awful",0.98,Nuclear
"wack slut",0.97,Nuclear
"f-u-c-k toxic mong",0.99,Nuclear
"stfu dogshit washed",0.97,Nuclear
"phuck cant anymore prick",0.97,Nuclear
"fuk wack",0.97,Nuclear
"fck omfg garbage",0.98,Nuclear
"im quitting bitch",0.99,Nuclear
"chalked dog",0.98,Nuclear
"shut up f*cking chalked",0.98,Nuclear
"kill urself f_cking had enough",0.98,Nuclear
"cry more f*ck stop",0.97,Nuclear
"shitty worst iron",0.99,Nuclear
"fking bruh",0.99,Nuclear
"drop dead f**king ggs",0.99,Nuclear
"phucking sht",0.98,Nuclear
"quit fuck lmao",0.99,Nuclear
"choke gg",0.99,Nuclear
"pathetic toxic bastard",0.98,Nuclear
"cope wrap it up",0.98,Nuclear
"leave fok please",0.99,Nuclear
"fucker troll whore",0.97,Nuclear
"fucker end it all",0.98,Nuclear
"leave f_ck omfg",0.99,Nuclear
"mentally ill damn pussy",0.97,Nuclear
"f_cking trash mong",0.98,Nuclear
"im leaving retard",0.97,Nuclear
"quit fcking toxic",0.99,Nuclear
"f u c k i n g finished",0.98,Nuclear
"leave fucker over",0.99,Nuclear
"drop dead f*ck stop",0.99,Nuclear
"just stop slut",0.99,Nuclear
"fucker tilt prick",0.98,Nuclear
"fook over",0.98,Nuclear
"over it npc",0.98,Nuclear
"fucked end",0.98,Nuclear
"quit fking nonsense",0.97,Nuclear
"shut up fking logging out",0.98,Nuclear
"stfu im gone",0.98,Nuclear
"fuking done clown",0.98,Nuclear
"bs mong",0.97,Nuclear
"f_ck gg next prick",0.98,Nuclear
"bullshit cunt",0.97,Nuclear
"delete game fook im done",0.98,Nuclear
"leave f**k im leaving",0.98,Nuclear
"f u c k i n g crazy",0.98,Nuclear
"fking shut it down",0.98,Nuclear
"neck urself f**k wack",0.99,Nuclear
"cry more braindead garbage",0.98,Nuclear
"pathetic sht",0.98,Nuclear
"fcking give up",0.97,Nuclear
"f-u-c-k end bozo",0.99,Nuclear
"fcking lmao cancer",0.99,Nuclear
"delete game dammit",0.98,Nuclear
"brainless fck imbecile",0.98,Nuclear
"fok unlucky bozo",0.97,Nuclear
"literal log off noob",0.98,Nuclear
"f_ck end it all",0.98,Nuclear
"fker unlucky retard",0.98,Nuclear
"leave mfing log off",0.98,Nuclear
"dodge fucked dead",0.98,Nuclear
"shut up vile ridiculous",0.99,Nuclear
"shut up dogshit disgusting",0.97,Nuclear
"stfu brainless crazy",0.97,Nuclear
"choke pull the plug",0.98,Nuclear
"drop dead im quitting",0.97,Nuclear
"dodge fkk im quitting",0.99,Nuclear
"wrap it up bronze",0.98,Nuclear
"miserable tumor",0.98,Nuclear
"make it stop feeder",0.98,Nuclear
"cooked trash",0.98,Nuclear
"pointless trash",0.98,Nuclear
"bs cancer",0.98,Nuclear
"literal damn whore",0.99,Nuclear
"go next cant take it",0.99,Nuclear
"gg next freak",0.97,Nuclear
"fuck finished",0.98,Nuclear
"shitty bs prick",0.97,Nuclear
"f-k-i-n-g give up trash",0.98,Nuclear
"fookin malding slut",0.98,Nuclear
"fook logging out subhuman",0.99,Nuclear
"bullshit omfg",0.97,Nuclear
"literal why",0.98,Nuclear
"fukking trolling prick",0.97,Nuclear
"brainless dammit",0.98,Nuclear
"fcked stop prick",0.97,Nuclear
"delusional over it shitter",0.98,Nuclear
"fking disgusting mong",0.98,Nuclear
"fuck horrible autist",0.98,Nuclear
"leave unreal pointless",0.97,Nuclear
"fook why",0.98,Nuclear
"go next fker walking away",0.98,Nuclear
"cry more vile ggs",0.98,Nuclear
"fcking cooked dog",0.97,Nuclear
"f.u.c.k cant anymore",0.97,Nuclear
"get cancer im leaving",0.99,Nuclear
"peace out ape",0.97,Nuclear
"kill urself fuking no more",0.98,Nuclear
"kys phucking exhausting",0.98,Nuclear
"sit im quitting",0.99,Nuclear
"fukking done moron",0.97,Nuclear
"go next ggs",0.98,Nuclear
"delete game im done",0.97,Nuclear
"go next damn",0.98,Nuclear
"fcked peace out slut",0.97,Nuclear
"drop dead actual useless",0.99,Nuclear
"fok ridiculous clown",0.97,Nuclear
"fuk wrap it up iron",0.97,Nuclear
"kill urself fck ggs",0.98,Nuclear
"f-u-c-k shit",0.97,Nuclear
"logging out bastard",0.98,Nuclear
"go next fcked log off",0.99,Nuclear
"f _u_ck damn bitch",0.97,Nuclear
"fucker im out dick",0.98,Nuclear
"get cancer phuck worst",0.98,Nuclear
"fucker chalked",0.98,Nuclear
"cringe wack",0.98,Nuclear
"fookin wild",0.98,Nuclear
"disgusting sht random",0.97,Nuclear
"get out f u c k i n g bruh",0.98,Nuclear
"f*ck cooked",0.98,Nuclear
"f-u-c-k wrap it up griefer",0.98,Nuclear
"fuk im retiring freak",0.98,Nuclear
"fker done for",0.99,Nuclear
"checking out tumor",0.97,Nuclear
"mentally ill why",0.99,Nuclear
"go fck over tumor",0.97,Nuclear
"delusional cant take it",0.98,Nuclear
"unreal just stop whore",0.98,Nuclear
"f-k-i-n-g deleting",0.98,Nuclear
"touch grass fuck",0.99,Nuclear
"braindead crap",0.98,Nuclear
"cancerous im done",0.98,Nuclear
"f u c k awful braindead",0.98,Nuclear
"disgusting im out",0.98,Nuclear
"fuk cant take it npc",0.98,Nuclear
"fkng done for",0.98,Nuclear
"kill urself fkk checking out",0.99,Nuclear
"worthless over",0.97,Nuclear
"f*ck walking away braindead",0.97,Nuclear
"fuking pathetic bastard",0.99,Nuclear
"fcking crazy",0.97,Nuclear
"done for imbecile",0.98,Nuclear
"seethe end",0.98,Nuclear
"dogshit chalked",0.98,Nuclear
"fckn trash",0.98,Nuclear
"worthless garbage garbage",0.99,Nuclear
"ff literal checking out",0.99,Nuclear
"shutup f k i n g im leaving",0.99,Nuclear
"fck worst dog",0.98,Nuclear
"phuck broken",0.98,Nuclear
"seethe phucking dammit",0.98,Nuclear
"drop dead bs",0.97,Nuclear
"ff im retiring",0.99,Nuclear
"absolute im quitting noob",0.98,Nuclear
"touch grass delusional wrap it up",0.99,Nuclear
"neck urself f k i n g end",0.99,Nuclear
"leave braindead",0.99,Nuclear
"leave unreal wtf",0.98,Nuclear
"toxic im out scum",0.97,Nuclear
"touch grass useless",0.98,Nuclear
"actual fuck",0.99,Nuclear
"f _u_ck wrap it up noob",0.98,Nuclear
"gtfo fckn checking out",0.98,Nuclear
"fvck just end",0.98,Nuclear
"fkng tilt freak",0.97,Nuclear
"useless pussy",0.98,Nuclear
"f k i n g washed whore",0.97,Nuclear
"fucker bullshit braindead",0.98,Nuclear
"fukk broken idiot",0.98,Nuclear
"pathetic wrap it up tumor",0.98,Nuclear
"dodge f_u_c_k had enough",0.99,Nuclear
"dodge over it",0.99,Nuclear
"uninstall make it stop",0.97,Nuclear
"kill urself toxic why",0.99,Nuclear
"broken subhuman",0.97,Nuclear
"shitty cooked griefer",0.97,Nuclear
"cringe had enough feeder",0.98,Nuclear
"pathetic crap",0.99,Nuclear
"fkk insane bastard",0.99,Nuclear
"broken feeder",0.98,Nuclear
"drop dead go fck chalked",0.98,Nuclear
"f_cking garbage scum",0.99,Nuclear
"f-k-i-n-g insane",0.98,Nuclear
"pathetic meaningless waste",0.99,Nuclear
"fker malding trash",0.98,Nuclear
"go next fuking no more",0.98,Nuclear
"f _u_ck disgusting bot",0.98,Nuclear
"neck urself pathetic disgusting",0.97,Nuclear
"useless log off troll",0.97,Nuclear
"brainless exhausting npc",0.97,Nuclear
"unreal im quitting ape",0.98,Nuclear
"just end bitch",0.99,Nuclear
"phucking im done clown",0.98,Nuclear
"stfu trashy washed",0.97,Nuclear
"just end whore",0.97,Nuclear
"f-u-c-k trolling",0.98,Nuclear
"fckng meaningless slut",0.99,Nuclear
"useless griefer",0.99,Nuclear
"fukk broken scum",0.99,Nuclear
"malding garbage",0.98,Nuclear
"mentally ill give up random",0.98,Nuclear
"disgusting i give up clown",0.97,Nuclear
"fuck disgusting imbecile",0.98,Nuclear
"sht animal",0.99,Nuclear
"bullshit omfg kid",0.97,Nuclear
"absolute im gone cunt",0.98,Nuclear
"braindead bitch",0.99,Nuclear
"vile worst",0.98,Nuclear
"f**k over tumor",0.97,Nuclear
"miserable autist",0.99,Nuclear
"uninstall insane",0.99,Nuclear
"go next motherfucking bs",0.98,Nuclear
"broken prick",0.98,Nuclear
"cry more mentally ill its over",0.97,Nuclear
"gg next bronze",0.98,Nuclear
"unreal wtf griefer",0.98,Nuclear
"had enough mong",0.99,Nuclear
"insane washed animal",0.98,Nuclear
"gtfo insane tragic",0.98,Nuclear
"dodge pathetic",0.98,Nuclear
"vile tragic",0.98,Nuclear
"f u c k i n g horrible",0.98,Nuclear
"gg next griefer",0.99,Nuclear
"fkng chalked feeder",0.98,Nuclear
"f k i n g joke random",0.98,Nuclear
"horseshit tragic bronze",0.99,Nuclear
"leave fker bullshit",0.98,Nuclear
"delete game fvck im done",0.98,Nuclear
"im quitting ape",0.97,Nuclear
"trashy over it prick",0.97,Nuclear
"choke malding",0.97,Nuclear
"f _u_ck joke",0.99,Nuclear
"delete game fook deleting",0.98,Nuclear
"drop dead motherfucking checking out",0.99,Nuclear
"log off unreal fuck",0.97,Nuclear
"drop dead f*ck useless",0.97,Nuclear
"gtfo logging out",0.98,Nuclear
"choke wrap it up",0.97,Nuclear
"cope over",0.98,Nuclear
"useless cunt",0.98,Nuclear
"absolute finished retard",0.99,Nuclear
"fuking pointless tumor",0.98,Nuclear
"uninstall fucking just end",0.99,Nuclear
"fckng nonsense cancer",0.97,Nuclear
"f k i n g end it all pussy",0.97,Nuclear
"f.u.c.k cooked bitch",0.98,Nuclear
"done for trash",0.98,Nuclear
"fuking washed troll",0.98,Nuclear
"f-u-c-k done for",0.98,Nuclear
"fuck bot",0.98,Nuclear
"dodge bruh",0.99,Nuclear
"uninstall fck",0.97,Nuclear
"go fk ridiculous idiot",0.99,Nuclear
"go next fook end it all",0.98,Nuclear
"fker malding dog",0.98,Nuclear
"f-k-i-n-g end it all ape",0.97,Nuclear
"shitty im out whore",0.98,Nuclear
"uninstall unreal log off",0.98,Nuclear
"trashy miserable troll",0.97,Nuclear
"trashy exhausting bitch",0.98,Nuclear
"fuking gg",0.98,Nuclear
"omfg imbecile",0.98,Nuclear
"fukk done for bozo",0.98,Nuclear
"worst hardstuck",0.97,Nuclear
"cry more phucking why",0.97,Nuclear
"absolute braindead",0.99,Nuclear
"fucking lmao braindead",0.98,Nuclear
"delete game bruh",0.99,Nuclear
"get cancer actual end it all",0.98,Nuclear
"trashy lmao waste",0.99,Nuclear
"fok wrap it up loser",0.98,Nuclear
"mfing wild",0.98,Nuclear
"f_cking end feeder",0.97,Nuclear
"f u c k unlucky",0.98,Nuclear
"drop dead make it stop",0.98,Nuclear
"horseshit gg next retard",0.99,Nuclear
"useless bozo",0.98,Nuclear
"f_ck just end cunt",0.99,Nuclear
"gtfo fkk pointless",0.98,Nuclear
"seethe vile lmao",0.98,Nuclear
"drop dead f_cking dead",0.98,Nuclear
"quit fuk tilted",0.98,Nuclear
"fking ggs random",0.97,Nuclear
"worthless wild",0.98,Nuclear
"get cancer fucker im leaving",0.98,Nuclear
"f*ck log off mong",0.98,Nuclear
"shutup make it stop",0.97,Nuclear
"touch grass pathetic i give up",0.99,Nuclear
"fook fuck bastard",0.98,Nuclear
"kill urself mfing peace out",0.98,Nuclear
"wild bastard",0.97,Nuclear
"fucker fuck moron",0.99,Nuclear
"malding animal",0.98,Nuclear
"alt f4 f-k-i-n-g please",0.97,Nuclear
"terrible hardstuck",0.98,Nuclear
"over it tumor",0.97,Nuclear
"toxic give up dog",0.99,Nuclear
"fuking horrible",0.99,Nuclear
"gtfo go fck exhausting",0.98,Nuclear
"no more braindead",0.98,Nuclear
"alt f4 fok terrible",0.99,Nuclear
"touch grass f k i n g end it all",0.98,Nuclear
"horseshit gg next",0.97,Nuclear
"hell noob",0.98,Nuclear
"fuck uninstalling garbage",0.98,Nuclear
"brainless end",0.99,Nuclear
"gtfo unreal exhausting",0.99,Nuclear
"ridiculous slut",0.99,Nuclear
"choke tilted",0.99,Nuclear
"f_ck trash bitch",0.98,Nuclear
"no more waste",0.97,Nuclear
"shutup f-u-c-k sht",0.98,Nuclear
"delusional meaningless",0.98,Nuclear
"sit shut it down",0.98,Nuclear
"f -u c-k shut it down animal",0.98,Nuclear
"f k i n g walking away trash",0.97,Nuclear
"f -u c-k horrible tumor",0.98,Nuclear
"brainless dead random",0.98,Nuclear
"mfing over dick",0.98,Nuclear
"shutup cringe im gone",0.99,Nuclear
"disgusting crap bot",0.99,Nuclear
"seethe braindead",0.97,Nuclear
"fuck bs garbage",0.98,Nuclear
"fok disgusting",0.98,Nuclear
"cry more worthless trash",0.98,Nuclear
"end iron",0.98,Nuclear
"fvck checking out",0.98,Nuclear
"cope f u c k i n g cant anymore",0.99,Nuclear
"worthless chalked idiot",0.99,Nuclear
"cancerous pointless imbecile",0.98,Nuclear
"delete game trashy chalked",0.98,Nuclear
"had enough idiot",0.98,Nuclear
"shutup gg next",0.97,Nuclear
"ff checking out",0.97,Nuclear
"im done bastard",0.99,Nuclear
"gtfo end",0.98,Nuclear
"get out literal hell",0.98,Nuclear
"f -u c-k dead autist",0.99,Nuclear
"get out cant anymore",0.98,Nuclear
"disgusting im done pussy",0.98,Nuclear
"vile toxic",0.98,Nuclear
"finished autist",0.99,Nuclear
"fukk im gone",0.98,Nuclear
"fvck gg bastard",0.99,Nuclear
"neck urself f-u-c-k make it stop",0.98,Nuclear
"kys mfing uninstalling",0.98,Nuclear
"fukk its over",0.99,Nuclear
"quit over it",0.97,Nuclear
"shutup phuck wild",0.98,Nuclear
"terrible shitter",0.98,Nuclear
"stfu delusional crazy",0.97,Nuclear
"get cancer fker why",0.97,Nuclear
"i give up npc",0.97,Nuclear
"quit broken",0.98,Nuclear
"f-k-i-n-g stop",0.99,Nuclear
"miserable shitter",0.98,Nuclear
"fckng dead",0.98,Nuclear
"seethe wack",0.99,Nuclear
"alt f4 terrible",0.99,Nuclear
"f**king end it all",0.98,Nuclear
"shut up f*cking finished",0.97,Nuclear
"shut up mfing sht",0.97,Nuclear
"drop dead fook over",0.98,Nuclear
"kys bs",0.98,Nuclear
"leave mentally ill shit",0.98,Nuclear
"worthless crap slut",0.98,Nuclear
"horseshit hell dick",0.98,Nuclear
"delete game useless hell",0.99,Nuclear
"log off f*ck damn",0.97,Nuclear
"f u c k i n g exhausting",0.98,Nuclear
"kys fook useless",0.98,Nuclear
"get out brainless stop",0.98,Nuclear
"cancerous exhausting noob",0.98,Nuclear
"get out actual pointless",0.98,Nuclear
"trashy shut it down",0.97,Nuclear
"log off nonsense",0.98,Nuclear
"quit fuk dammit",0.98,Nuclear
"drop dead cringe why",0.97,Nuclear
"kys delusional just end",0.98,Nuclear
"fuck gg whore",0.97,Nuclear
"literal wrap it up prick",0.99,Nuclear
"ff stop",0.99,Nuclear
"cant anymore hardstuck",0.99,Nuclear
"f k i n g sht",0.98,Nuclear
"fukking pull the plug hardstuck",0.98,Nuclear
"f**king ridiculous tumor",0.97,Nuclear
"alt f4 insane pull the plug",0.97,Nuclear
"phucking bullshit",0.98,Nuclear
"fukking troll noob",0.98,Nuclear
"ff fucker just end",0.98,Nuclear
"plz quit f -u c-k im gone",0.98,Nuclear
"shutup cancerous stop",0.97,Nuclear
"quit walking away",0.99,Nuclear
"kys horseshit ggs",0.98,Nuclear
"stfu log off",0.98,Nuclear
"cancerous end imbecile",0.98,Nuclear
"gtfo brainless stop",0.99,Nuclear
"miserable cancer",0.99,Nuclear
"pathetic its over dick",0.98,Nuclear
"gtfo pointless",0.98,Nuclear
"damn slut",0.98,Nuclear
"neck urself delusional trolling",0.97,Nuclear
"toxic kid",0.99,Nuclear
"fucker end",0.99,Nuclear
"alt f4 fcked shit",0.99,Nuclear
"why mong",0.98,Nuclear
"im leaving kid",0.97,Nuclear
"f k i n g disgusting dog",0.99,Nuclear
"pull the plug trash",0.98,Nuclear
"choke fck",0.98,Nuclear
"dodge crap",0.98,Nuclear
"motherfucking miserable prick",0.98,Nuclear
"get out mentally ill unlucky",0.98,Nuclear
"f_u_c_k i give up random",0.97,Nuclear
"leave f_cking tilt",0.97,Nuclear
"alt f4 checking out",0.98,Nuclear
"brainless omfg iron",0.98,Nuclear
"ff f.u.c.k i give up",0.98,Nuclear
"fvcking bs dog",0.99,Nuclear
"pointless kid",0.97,Nuclear
"toxic pathetic mong",0.97,Nuclear
"actual over bot",0.97,Nuclear
"plz quit braindead uninstalling",0.97,Nuclear
"choke f*cking crazy",0.99,Nuclear
"pathetic loser",0.99,Nuclear
"motherfucking peace out trash",0.97,Nuclear
"neck urself fkng trash",0.98,Nuclear
"ff unreal horrible",0.99,Nuclear
"absolute no more dick",0.99,Nuclear
"delete game fker stepping away",0.99,Nuclear
"uninstall f_ck done",0.99,Nuclear
"just end idiot",0.99,Nuclear
"worthless cooked waste",0.99,Nuclear
"just stop troll",0.98,Nuclear
"trashy gg",0.99,Nuclear
"shitty wrap it up braindead",0.98,Nuclear
"fkk tilted",0.98,Nuclear
"sit fookin ggs",0.97,Nuclear
"fucking fuck freak",0.99,Nuclear
"get out im quitting",0.98,Nuclear
"awful tumor",0.97,Nuclear
"f**king no more",0.98,Nuclear
"f**king im gone",0.98,Nuclear
"fkng pointless",0.98,Nuclear
"awful retard",0.98,Nuclear
"phuck trolling",0.99,Nuclear
"bruh troll",0.97,Nuclear
"fvcking why hardstuck",0.98,Nuclear
"get cancer fuck over it",0.97,Nuclear
"f_ck cooked cunt",0.98,Nuclear
"fckn gg next",0.97,Nuclear
"malding trash",0.97,Nuclear
"gtfo fkk im retiring",0.98,Nuclear
"deleting bronze",0.99,Nuclear
"neck urself fook horrible",0.98,Nuclear
"seethe f u c k i n g stop",0.99,Nuclear
"dodge exhausting",0.99,Nuclear
"kys fcked dammit",0.97,Nuclear
"stop bronze",0.98,Nuclear
"troll dog",0.99,Nuclear
"absolute stop bronze",0.98,Nuclear
"fuk fuck",0.97,Nuclear
"useless troll",0.99,Nuclear
"fvck done bot",0.99,Nuclear
"alt f4 f**k horrible",0.98,Nuclear
"shitty toxic",0.97,Nuclear
"f k i n g deleting animal",0.98,Nuclear
"uninstall motherfucking finished",0.98,Nuclear
"delusional miserable",0.99,Nuclear
"fookin miserable",0.98,Nuclear
"fkng fck",0.97,Nuclear
"delete game fucked horrible",0.97,Nuclear
"go fck sht bozo",0.97,Nuclear
"useless bitch",0.98,Nuclear
"stfu go fk malding",0.99,Nuclear
"go fk disgusting bronze",0.98,Nuclear
"plz quit stepping away",0.99,Nuclear
"delusional trolling troll",0.99,Nuclear
"fking cooked slut",0.97,Nuclear
"alt f4 crazy",0.98,Nuclear
"f.u.c.k im out animal",0.98,Nuclear
"done subhuman",0.98,Nuclear
"im retiring retard",0.99,Nuclear
"cry more cancerous bullshit",0.98,Nuclear
"fuck walking away",0.99,Nuclear
"f -u c-k im out dick",0.98,Nuclear
"neck urself fkng nonsense",0.97,Nuclear
"f k i n g sht imbecile",0.97,Nuclear
"delete game brainless done",0.98,Nuclear
"pathetic finished cunt",0.99,Nuclear
"absolute terrible",0.97,Nuclear
"kill urself trashy broken",0.98,Nuclear
"insane clown",0.99,Nuclear
"f -u c-k logging out",0.99,Nuclear
"neck urself motherfucking exhausting",0.97,Nuclear
"lmao trash",0.99,Nuclear
"leave go fck unlucky",0.98,Nuclear
"uninstall fukking im done",0.99,Nuclear
"touch grass f u c k sht",0.97,Nuclear
"shutup motherfucking ggs",0.98,Nuclear
"gtfo pathetic wtf",0.98,Nuclear
"shitty garbage feeder",0.98,Nuclear
"go next fuking meaningless",0.97,Nuclear
"plz quit trash",0.97,Nuclear
"actual shut it down freak",0.98,Nuclear
"get cancer f_ck omfg",0.97,Nuclear
"shut up f*ck braindead",0.98,Nuclear
"pathetic log off loser",0.98,Nuclear
"phucking troll bronze",0.99,Nuclear
"get out fuking give up",0.99,Nuclear
"cringe end braindead",0.98,Nuclear
"fcked finished npc",0.99,Nuclear
"pathetic tumor",0.97,Nuclear
"log off log off",0.99,Nuclear
"mentally ill bullshit",0.98,Nuclear
"hell retard",0.97,Nuclear
"shit autist",0.98,Nuclear
"kill urself joke",0.97,Nuclear
"stfu bullshit",0.99,Nuclear
"alt f4 worthless wild",0.99,Nuclear
"kys crap",0.98,Nuclear
"shutup finished",0.98,Nuclear
"cope insane ggs",0.98,Nuclear
"exhausting subhuman",0.97,Nuclear
"f_cking useless dog",0.97,Nuclear
"fok miserable",0.97,Nuclear
"cope fcking joke",0.98,Nuclear
"vile chalked troll",0.98,Nuclear
"toxic cant take it",0.99,Nuclear
"literal bs",0.99,Nuclear
"go fck fuck waste",0.97,Nuclear
"ff joke",0.98,Nuclear
"dodge literal done",0.99,Nuclear
"bullshit end it all animal",0.98,Nuclear
"go fk pointless loser",0.98,Nuclear
"go fck worst tumor",0.98,Nuclear
"shut up trashy over it",0.97,Nuclear
"phucking had enough troll",0.98,Nuclear
"uninstall vile dead",0.98,Nuclear
"uninstall f-k-i-n-g end it all",0.99,Nuclear
"fukking horrible",0.98,Nuclear
"go next phuck its over",0.98,Nuclear
"get out fking useless",0.98,Nuclear
"fckn over it",0.98,Nuclear
"leave ggs",0.99,Nuclear
"touch grass fucker omfg",0.98,Nuclear
"f_cking braindead",0.99,Nuclear
"fukking broken",0.97,Nuclear
"f*cking hell cancer",0.98,Nuclear
"neck urself lmao",0.98,Nuclear
"touch grass log off",0.97,Nuclear
"f_ck wtf",0.99,Nuclear
"shitty bruh ape",0.98,Nuclear
"kill urself fookin pathetic",0.98,Nuclear
"useless ape",0.98,Nuclear
"drop dead fok gg",0.98,Nuclear
"fuk useless",0.98,Nuclear
"get cancer chalked",0.98,Nuclear
"touch grass fuking lmao",0.97,Nuclear
"fck moron",0.99,Nuclear
"vile tilt clown",0.99,Nuclear
"log off fcking pathetic",0.98,Nuclear
"malding slut",0.97,Nuclear
"sit why",0.99,Nuclear
"trolling noob",0.99,Nuclear
"plz quit f-k-i-n-g i give up",0.98,Nuclear
"fvcking im out bot",0.98,Nuclear
"fucked cant anymore scum",0.99,Nuclear
"shitty pathetic",0.99,Nuclear
"go next worthless had enough",0.98,Nuclear
"fucked done iron",0.97,Nuclear
"touch grass worthless useless",0.98,Nuclear
"drop dead disgusting malding",0.98,Nuclear
"dodge cringe chalked",0.98,Nuclear
"go fck fck bronze",0.98,Nuclear
"stfu cringe bs",0.98,Nuclear
"shut up fook im quitting",0.97,Nuclear
"plz quit just stop",0.98,Nuclear
"pathetic ape",0.98,Nuclear
"omfg freak",0.99,Nuclear
"fckn stepping away",0.98,Nuclear
"f*cking tilted",0.99,Nuclear
"neck urself unreal trash",0.98,Nuclear
"end it all bozo",0.98,Nuclear
"literal done hardstuck",0.97,Nuclear
"shitty logging out moron",0.97,Nuclear
"uninstall fcking cooked",0.97,Nuclear
"f.u.c.k over it dick",0.98,Nuclear
"toxic bs griefer",0.98,Nuclear
"fukk braindead",0.97,Nuclear
"end hardstuck",0.99,Nuclear
"cringe im quitting trash",0.98,Nuclear
"absolute omfg",0.97,Nuclear
"im quitting bastard",0.99,Nuclear
"ff fckng done for",0.98,Nuclear
"fookin just stop cunt",0.98,Nuclear
"fook trolling mong",0.98,Nuclear
"f**king useless troll",0.98,Nuclear
"cope f _u_ck miserable",0.98,Nuclear
"sit actual joke",0.99,Nuclear
"pathetic tilted",0.97,Nuclear
"touch grass trashy pathetic",0.98,Nuclear
"actual bs dog",0.98,Nuclear
"go next f-k-i-n-g fuck",0.99,Nuclear
"f _u_ck im gone clown",0.98,Nuclear
"phuck fck",0.97,Nuclear
"bruh hardstuck",0.99,Nuclear
"dodge fker log off",0.98,Nuclear
"leave useless",0.99,Nuclear
"f _u_ck done cancer",0.98,Nuclear
"f*cking dammit",0.98,Nuclear
"stfu f u c k i n g had enough",0.97,Nuclear
"im out prick",0.98,Nuclear
"mfing just end",0.98,Nuclear
"terrible kid",0.97,Nuclear
"sit phuck had enough",0.99,Nuclear
"ff worthless give up",0.98,Nuclear
"absolute walking away",0.98,Nuclear
"touch grass actual had enough",0.97,Nuclear
"fucker logging out idiot",0.98,Nuclear
"ff worst",0.98,Nuclear
"f k i n g im done loser",0.98,Nuclear
"shutup damn",0.98,Nuclear
"shut up vile washed",0.98,Nuclear
"stfu fucker im retiring",0.98,Nuclear
"mentally ill over",0.98,Nuclear
"unreal worst",0.97,Nuclear
"sit f _u_ck make it stop",0.98,Nuclear
"worthless im quitting",0.99,Nuclear
"fucking uninstalling",0.98,Nuclear
"seethe ggs",0.98,Nuclear
"drop dead go fk please",0.99,Nuclear
"log off f_ck gg",0.99,Nuclear
"peace out kid",0.98,Nuclear
"f_ck meaningless griefer",0.98,Nuclear
"trashy malding",0.98,Nuclear
"pathetic insane subhuman",0.98,Nuclear
"fukk deleting",0.98,Nuclear
"shitty uninstalling bozo",0.99,Nuclear
"delete game toxic braindead",0.98,Nuclear
"insane fuck autist",0.99,Nuclear
"ff f**k pointless",0.97,Nuclear
"f_ck useless npc",0.99,Nuclear
"toxic im done cunt",0.98,Nuclear
"just stop clown",0.97,Nuclear
"alt f4 braindead",0.97,Nuclear
"vile ggs npc",0.99,Nuclear
"fuk joke cunt",0.99,Nuclear
"get cancer mfing useless",0.99,Nuclear
"fkk end it all bitch",0.98,Nuclear
"f*ck wild",0.98,Nuclear
"cope fook malding",0.98,Nuclear
"delete game fck had enough",0.99,Nuclear
"fvck washed bozo",0.99,Nuclear
"shut up fvcking unlucky",0.98,Nuclear
"touch grass fkng im retiring",0.97,Nuclear
"fucked malding kid",0.97,Nuclear
"unreal shit cunt",0.98,Nuclear
"over noob",0.97,Nuclear
"dammit bot",0.98,Nuclear
"delete game just end",0.97,Nuclear
"delete game trashy braindead",0.99,Nuclear
"fook im quitting bronze",0.98,Nuclear
"stop trash",0.97,Nuclear
"cope horseshit gg",0.98,Nuclear
"fcking cooked idiot",0.98,Nuclear
"f_u_c_k tilted",0.99,Nuclear
"leave fucker done",0.98,Nuclear
"fucker shut it down cancer",0.98,Nuclear
"cope hell",0.98,Nuclear
"seethe stop",0.98,Nuclear
"trashy stepping away garbage",0.98,Nuclear
"just end dick",0.99,Nuclear
"f**king meaningless",0.99,Nuclear
"f_ck pull the plug subhuman",0.98,Nuclear
"get out fckn shit",0.97,Nuclear
"phucking walking away",0.99,Nuclear
"fvcking washed clown",0.99,Nuclear
"quit shitty broken",0.98,Nuclear
"quit horrible",0.97,Nuclear
"useless im leaving mong",0.98,Nuclear
"wtf kid",0.99,Nuclear
"fck cancer",0.98,Nuclear
"drop dead meaningless",0.98,Nuclear
"seethe unreal wrap it up",0.97,Nuclear
"cooked bozo",0.98,Nuclear
"stfu fuk trolling",0.98,Nuclear
"f u c k i n g lmao iron",0.99,Nuclear
"fking exhausting",0.97,Nuclear
"fucking pathetic",0.97,Nuclear
"fok bullshit",0.99,Nuclear
"cry more worthless gg",0.97,Nuclear
"f_u_c_k stop autist",0.98,Nuclear
"quit useless wrap it up",0.98,Nuclear
"useless pull the plug shitter",0.98,Nuclear
"phuck peace out autist",0.97,Nuclear
"fok dammit slut",0.98,Nuclear
"fuck cant anymore",0.98,Nuclear
"phucking chalked garbage",0.98,Nuclear
"leave f*cking deleting",0.98,Nuclear
"stfu bullshit troll",0.99,Nuclear
"f*cking deleting",0.97,Nuclear
"fkk trash retard",0.99,Nuclear
"stfu phuck nonsense",0.98,Nuclear
"delete game go fck worst",0.98,Nuclear
"delusional cooked ape",0.98,Nuclear
"fckng im quitting",0.98,Nuclear
"fuk washed tumor",0.99,Nuclear
"f-k-i-n-g no more",0.98,Nuclear
"kill urself just end",0.98,Nuclear
"get out fok cant anymore",0.98,Nuclear
"fukking crap kid",0.98,Nuclear
"uninstall fuking deleting",0.97,Nuclear
"kill urself f _u_ck washed",0.97,Nuclear
"motherfucking logging out moron",0.98,Nuclear
"mentally ill ridiculous",0.99,Nuclear
"f -u c-k done dick",0.97,Nuclear
"absolute just stop noob",0.98,Nuclear
"fkng washed hardstuck",0.97,Nuclear
"sit fuck horrible",0.98,Nuclear
"kill urself trashy lmao",0.99,Nuclear
"fook uninstalling",0.98,Nuclear
"sit fookin im quitting",0.98,Nuclear
"fker wtf iron",0.99,Nuclear
"insane fck griefer",0.97,Nuclear
"plz quit f -u c-k joke",0.98,Nuclear
"i give up clown",0.98,Nuclear
"brainless im done",0.97,Nuclear
"shut up uninstalling",0.97,Nuclear
"uninstall braindead",0.98,Nuclear
"cry more done",0.99,Nuclear
"phucking troll",0.98,Nuclear
"cringe fck pussy",0.98,Nuclear
"wtf bot",0.97,Nuclear
"insane just end",0.98,Nuclear
"actual crap moron",0.98,Nuclear
"pathetic gg next dog",0.98,Nuclear
"cancerous its over",0.98,Nuclear
"fvck meaningless waste",0.99,Nuclear
"delusional walking away random",0.98,Nuclear
"f**king bullshit whore",0.98,Nuclear
"cancerous troll noob",0.98,Nuclear
"actual joke mong",0.98,Nuclear
"go fk dammit",0.98,Nuclear
"seethe f**king shut it down",0.97,Nuclear
"neck urself fuking uninstalling",0.97,Nuclear
"f*cking sht",0.97,Nuclear
"peace out braindead",0.99,Nuclear
"plz quit horseshit im leaving",0.98,Nuclear
"f _u_ck peace out",0.98,Nuclear
"leave actual troll",0.99,Nuclear
"fkng bs garbage",0.98,Nuclear
"cancerous nonsense",0.98,Nuclear
"f-k-i-n-g tragic npc",0.99,Nuclear
"fkk end it all dick",0.99,Nuclear
"uninstalling noob",0.99,Nuclear
"end cunt",0.97,Nuclear
"over it cunt",0.97,Nuclear
"im done pussy",0.98,Nuclear
"f_cking make it stop npc",0.98,Nuclear
"f-k-i-n-g awful",0.98,Nuclear
"f**king omfg animal",0.99,Nuclear
"cringe malding npc",0.98,Nuclear
"cry more toxic cooked",0.99,Nuclear
"f.u.c.k sht",0.97,Nuclear
"f _u_ck ggs shitter",0.98,Nuclear
"phuck just stop bitch",0.98,Nuclear
"kys fvck make it stop",0.98,Nuclear
"gg next dog",0.99,Nuclear
"quit deleting",0.99,Nuclear
"f_ck peace out mong",0.98,Nuclear
"walking away hardstuck",0.97,Nuclear
"kill urself shitty make it stop",0.98,Nuclear
"quit mfing gg",0.98,Nuclear
"get cancer phuck wild",0.98,Nuclear
"fukk hell prick",0.97,Nuclear
"end it all bronze",0.98,Nuclear
"choke ggs",0.97,Nuclear
"damn idiot",0.98,Nuclear
"stfu mentally ill stepping away",0.98,Nuclear
"get cancer fking im leaving",0.98,Nuclear
"f.u.c.k over garbage",0.99,Nuclear
"stfu fukking just end",0.98,Nuclear
"shutup fckn crap",0.98,Nuclear
"pathetic imbecile",0.98,Nuclear
"fck im quitting",0.98,Nuclear
"just stop shitter",0.97,Nuclear
"shut up insane",0.99,Nuclear
"cancerous please animal",0.99,Nuclear
"shut up fcking over",0.99,Nuclear
"f _u_ck washed",0.98,Nuclear
"fukking nonsense",0.98,Nuclear
"fkk insane bot",0.99,Nuclear
"kys its over",0.98,Nuclear
"fckng cant anymore dick",0.97,Nuclear
"shutup fucker chalked",0.98,Nuclear
"delusional miserable imbecile",0.99,Nuclear
"wrap it up waste",0.98,Nuclear
"troll idiot",0.97,Nuclear
"pathetic meaningless animal",0.98,Nuclear
"quit toxic disgusting",0.97,Nuclear
"broken mong",0.99,Nuclear
"sit fking just stop",0.99,Nuclear
"fcked give up",0.98,Nuclear
"kys garbage",0.98,Nuclear
"done for kid",0.98,Nuclear
"disgusting stop",0.98,Nuclear
"f -u c-k joke",0.98,Nuclear
"unreal shut it down bitch",0.98,Nuclear
"delete game meaningless",0.98,Nuclear
"go fck pointless npc",0.98,Nuclear
"fuking insane dog",0.98,Nuclear
"plz quit bs",0.97,Nuclear
"leave literal gg",0.99,Nuclear
"cry more f-k-i-n-g sht",0.99,Nuclear
"bruh subhuman",0.98,Nuclear
"f u c k i n g i give up",0.97,Nuclear
"delete game tilted",0.98,Nuclear
"fcking gg next griefer",0.98,Nuclear
"mentally ill log off bozo",0.99,Nuclear
"unreal im done feeder",0.99,Nuclear
"walking away cunt",0.98,Nuclear
"fckng shit",0.99,Nuclear
"leave fok disgusting",0.98,Nuclear
"insane loser",0.98,Nuclear
"seethe damn",0.97,Nuclear
"fucker toxic",0.99,Nuclear
"wtf braindead",0.98,Nuclear
"get out shitty meaningless",0.99,Nuclear
"stfu f u c k i n g no more",0.98,Nuclear
"leave done for",0.98,Nuclear
"plz quit fcked im quitting",0.99,Nuclear
"f _u_ck im done",0.99,Nuclear
"done for moron",0.97,Nuclear
"stfu fuking pointless",0.97,Nuclear
"fucking troll pussy",0.99,Nuclear
"motherfucking gg next slut",0.97,Nuclear
"no more npc",0.98,Nuclear
"fuk bruh waste",0.99,Nuclear
"go fk logging out",0.98,Nuclear
"gtfo cooked",0.99,Nuclear
"kill urself fukk washed",0.98,Nuclear
"pathetic why clown",0.98,Nuclear
"f-k-i-n-g im leaving",0.99,Nuclear
"go fck gg next whore",0.98,Nuclear
"cry more f u c k nonsense",0.97,Nuclear
"f**k peace out",0.99,Nuclear
"touch grass absolute garbage",0.98,Nuclear
"get cancer fucked trolling",0.98,Nuclear
"cancerous cooked prick",0.98,Nuclear
"seethe fucking done",0.98,Nuclear
"seethe fukk just end",0.97,Nuclear
"neck urself fukk insane",0.98,Nuclear
"go next make it stop",0.98,Nuclear
"shut up cancerous its over",0.98,Nuclear
"gtfo f_ck chalked",0.97,Nuclear
"fok lmao",0.99,Nuclear
"f k i n g why whore",0.98,Nuclear
"uninstall fcking washed",0.98,Nuclear
"log off garbage",0.98,Nuclear
"bruh tumor",0.98,Nuclear
"f-k-i-n-g cant anymore tumor",0.98,Nuclear
"neck urself pathetic checking out",0.99,Nuclear
"ff im leaving",0.97,Nuclear
"stfu done",0.97,Nuclear
"quit ridiculous",0.98,Nuclear
"seethe horrible",0.99,Nuclear
"f_ck crap imbecile",0.97,Nuclear
"f*ck uninstalling autist",0.97,Nuclear
"dodge horseshit wack",0.99,Nuclear
"neck urself braindead chalked",0.98,Nuclear
"fck joke hardstuck",0.98,Nuclear
"cringe gg troll",0.99,Nuclear
"brainless disgusting bot",0.98,Nuclear
"alt f4 finished",0.97,Nuclear
"f _u_ck im out",0.97,Nuclear
"fookin malding",0.99,Nuclear
"f u c k useless idiot",0.98,Nuclear
"braindead cant take it",0.97,Nuclear
"pointless feeder",0.98,Nuclear
"delusional pointless retard",0.97,Nuclear
"alt f4 insane give up",0.98,Nuclear
"fukking pointless iron",0.99,Nuclear
"neck urself disgusting why",0.98,Nuclear
"alt f4 fuk im gone",0.99,Nuclear
"exhausting noob",0.98,Nuclear
"shutup logging out",0.99,Nuclear
"fok why freak",0.99,Nuclear
"plz quit fcking im quitting",0.98,Nuclear
"give up retard",0.97,Nuclear
"alt f4 wack",0.98,Nuclear
"drop dead f_cking tragic",0.98,Nuclear
"phuck awful",0.97,Nuclear
"go fk im leaving hardstuck",0.98,Nuclear
"vile lmao braindead",0.99,Nuclear
"horseshit troll feeder",0.99,Nuclear
"f u c k bs subhuman",0.99,Nuclear
"go fk done for freak",0.98,Nuclear
"seethe pathetic wild",0.97,Nuclear
"shutup dogshit pointless",0.98,Nuclear
"fuking im done clown",0.98,Nuclear
"horrible whore",0.99,Nuclear
"fuck cunt",0.97,Nuclear
"neck urself cant anymore",0.98,Nuclear
"fuk im out",0.98,Nuclear
"fok wrap it up",0.99,Nuclear
"f k i n g meaningless moron",0.99,Nuclear
"seethe worthless pointless",0.98,Nuclear
"phuck im gone bastard",0.98,Nuclear
"plz quit fvcking why",0.98,Nuclear
"get out go fk exhausting",0.97,Nuclear
"mfing log off random",0.98,Nuclear
"please imbecile",0.97,Nuclear
"stfu fuking deleting",0.98,Nuclear
"its over cancer",0.97,Nuclear
"cringe useless loser",0.97,Nuclear
"kill urself had enough",0.97,Nuclear
"dodge cant take it",0.99,Nuclear
"gtfo fukk no more",0.98,Nuclear
"cry more wrap it up",0.99,Nuclear
"fker ggs moron",0.98,Nuclear
"f -u c-k bullshit ape",0.98,Nuclear
"sit useless dead",0.97,Nuclear
"ggs garbage",0.98,Nuclear
"plz quit cringe trash",0.97,Nuclear
"log off fckng end it all",0.98,Nuclear
"shut it down imbecile",0.98,Nuclear
"cringe meaningless autist",0.99,Nuclear
"actual terrible kid",0.98,Nuclear
"dodge sht",0.98,Nuclear
"log off exhausting",0.98,Nuclear
"vile washed tumor",0.98,Nuclear
"malding autist",0.97,Nuclear
"peace out bitch",0.99,Nuclear
"ff fvck dead",0.97,Nuclear
"touch grass f*ck i give up",0.97,Nuclear
"worthless wtf hardstuck",0.98,Nuclear
"toxic fuck",0.97,Nuclear
"garbage cancer",0.99,Nuclear
"ff im done",0.98,Nuclear
"toxic its over dick",0.97,Nuclear
"stfu bullshit wtf",0.98,Nuclear
"seethe fvcking wild",0.98,Nuclear
"f-k-i-n-g wild freak",0.98,Nuclear
"log off shitter",0.97,Nuclear
"stfu end it all",0.97,Nuclear
"shutup fok washed",0.98,Nuclear
"fkk why scum",0.99,Nuclear
"quit f**k braindead",0.97,Nuclear
"wack bozo",0.99,Nuclear
"seethe just stop",0.97,Nuclear
"fvck im gone",0.98,Nuclear
"fucking end it all",0.98,Nuclear
"fkng pointless retard",0.99,Nuclear
"seethe im gone",0.97,Nuclear
"go next f_ck im leaving",0.99,Nuclear
"im out bastard",0.98,Nuclear
"log off unlucky",0.98,Nuclear
"plz quit fucked im done",0.99,Nuclear
"dodge fucking checking out",0.97,Nuclear
"disgusting wrap it up cunt",0.97,Nuclear
"f*ck fck loser",0.98,Nuclear
"fvcking lmao",0.98,Nuclear
"seethe braindead damn",0.98,Nuclear
"bullshit unlucky prick",0.97,Nuclear
"fkk peace out",0.99,Nuclear
"plz quit unreal i give up",0.98,Nuclear
"stfu shitty garbage",0.99,Nuclear
"wack noob",0.98,Nuclear
"phuck why noob",0.98,Nuclear
"choke f-k-i-n-g terrible",0.98,Nuclear
"fcked broken loser",0.98,Nuclear
"go next f*cking im quitting",0.98,Nuclear
"fukk i give up bronze",0.98,Nuclear
"insane cunt",0.98,Nuclear
"alt f4 insane omfg",0.97,Nuclear
"log off wrap it up",0.98,Nuclear
"alt f4 f**king make it stop",0.99,Nuclear
"useless horrible bronze",0.98,Nuclear
"f k i n g please noob",0.98,Nuclear
"choke trolling",0.99,Nuclear
"chalked retard",0.98,Nuclear
"go next no more",0.99,Nuclear
"sit go fk damn",0.98,Nuclear
"shut up toxic crazy",0.99,Nuclear
"f*cking shit",0.98,Nuclear
"seethe finished",0.99,Nuclear
"braindead whore",0.99,Nuclear
"neck urself fok peace out",0.98,Nuclear
"fking wild autist",0.98,Nuclear
"kill urself i give up",0.97,Nuclear
"choke fvcking broken",0.98,Nuclear
"log off toxic omfg",0.98,Nuclear
"stepping away cancer",0.98,Nuclear
"fucked joke bozo",0.98,Nuclear
"absolute im retiring imbecile",0.97,Nuclear
"touch grass f_u_c_k bs",0.98,Nuclear
"unlucky animal",0.98,Nuclear
"f k i n g worst loser",0.97,Nuclear
"fuking logging out",0.98,Nuclear
"neck urself f -u c-k checking out",0.99,Nuclear
"get out absolute tilt",0.98,Nuclear
"cry more fkk joke",0.98,Nuclear
"useless over bozo",0.97,Nuclear
"absolute checking out bot",0.99,Nuclear
"kys make it stop",0.98,Nuclear
"cancerous its over bastard",0.97,Nuclear
"lmao bot",0.98,Nuclear
"fok im out bronze",0.99,Nuclear
"delete game fukking crazy",0.99,Nuclear
"kill urself mfing stepping away",0.97,Nuclear
"insane im out loser",0.97,Nuclear
"drop dead pathetic",0.98,Nuclear
"gtfo delusional omfg",0.99,Nuclear
"f**king im done griefer",0.97,Nuclear
"trash freak",0.99,Nuclear
"go next end",0.98,Nuclear
"motherfucking pull the plug freak",0.98,Nuclear
"get cancer f u c k crap",0.99,Nuclear
"worthless tilt slut",0.99,Nuclear
"dodge f_u_c_k dammit",0.97,Nuclear
"get out f**king cant anymore",0.98,Nuclear
"fucked fck",0.97,Nuclear
"choke useless tragic",0.99,Nuclear
"braindead logging out",0.98,Nuclear
"end whore",0.99,Nuclear
"quit fuk end",0.97,Nuclear
"cancerous exhausting pussy",0.99,Nuclear
"shut up cooked",0.99,Nuclear
"leave horseshit gg next",0.99,Nuclear
"choke fcked troll",0.99,Nuclear
"useless give up cunt",0.97,Nuclear
"f-u-c-k pull the plug",0.99,Nuclear
"touch grass f*ck just end",0.98,Nuclear
"toxic crazy retard",0.98,Nuclear
"just stop bastard",0.98,Nuclear
"cooked cunt",0.98,Nuclear
"toxic shut it down bot",0.97,Nuclear
"bruh iron",0.98,Nuclear
"f-u-c-k wrap it up",0.98,Nuclear
"stepping away freak",0.97,Nuclear
"ff fucked end",0.98,Nuclear
"drop dead tilt",0.98,Nuclear
"disgusting cant take it whore",0.98,Nuclear
"drop dead phucking pull the plug",0.98,Nuclear
"fvcking over",0.97,Nuclear
"log off noob",0.97,Nuclear
"dodge useless washed",0.99,Nuclear
"motherfucking end noob",0.97,Nuclear
"fkng wack",0.99,Nuclear
"fck make it stop idiot",0.99,Nuclear
"leave fukking terrible",0.97,Nuclear
"cry more go fk unlucky",0.98,Nuclear
"dodge f u c k ggs",0.99,Nuclear
"uninstall f*cking pointless",0.98,Nuclear
"fvcking over it imbecile",0.98,Nuclear
"bullshit sht mong",0.98,Nuclear
"kys fkng washed",0.98,Nuclear
"fkng ggs",0.99,Nuclear
"absolute wild braindead",0.98,Nuclear
"shitty worst",0.98,Nuclear
"wack cunt",0.98,Nuclear
"seethe fcked finished",0.99,Nuclear
"wack iron",0.99,Nuclear
"get cancer done",0.98,Nuclear
"leave mfing nonsense",0.99,Nuclear
"go next disgusting worst",0.97,Nuclear
"f*cking sht waste",0.97,Nuclear
"sit tragic",0.98,Nuclear
"touch grass unreal please",0.99,Nuclear
"garbage griefer",0.98,Nuclear
"horseshit over it ape",0.97,Nuclear
"stfu fcked why",0.98,Nuclear
"quit bs",0.99,Nuclear
"dodge tragic",0.97,Nuclear
"gtfo tilted",0.98,Nuclear
"fck no more moron",0.98,Nuclear
"absolute garbage",0.99,Nuclear
"seethe fucked joke",0.99,Nuclear
"fker its over noob",0.98,Nuclear
"alt f4 disgusting terrible",0.99,Nuclear
"seethe cancerous checking out",0.99,Nuclear
"dogshit worst",0.98,Nuclear
"fkk malding",0.97,Nuclear
"mfing shut it down iron",0.97,Nuclear
"shut up walking away",0.97,Nuclear
"shut up trashy ggs",0.98,Nuclear
"shit mong",0.99,Nuclear
"toxic waste",0.97,Nuclear
"stfu brainless stop",0.98,Nuclear
"leave im leaving",0.99,Nuclear
"fukking joke whore",0.97,Nuclear
"seethe f-k-i-n-g logging out",0.98,Nuclear
"f-u-c-k malding",0.98,Nuclear
"get out f k i n g disgusting",0.99,Nuclear
"f_u_c_k troll scum",0.99,Nuclear
"choke trashy cant take it",0.97,Nuclear
"uninstall tragic",0.98,Nuclear
"fuk cooked tumor",0.97,Nuclear
"f u c k i n g wrap it up random",0.97,Nuclear
"fckn log off feeder",0.97,Nuclear
"stop dick",0.97,Nuclear
"braindead wild iron",0.97,Nuclear
"go next disgusting disgusting",0.98,Nuclear
"fcking im done",0.98,Nuclear
"quit f.u.c.k troll",0.98,Nuclear
"literal over shitter",0.99,Nuclear
"cancerous fck garbage",0.98,Nuclear
"delusional peace out bastard",0.97,Nuclear
"plz quit disgusting make it stop",0.98,Nuclear
"seethe wtf",0.98,Nuclear
"quit its over",0.98,Nuclear
"unreal meaningless waste",0.98,Nuclear
"choke toxic malding",0.98,Nuclear
"shitty washed ape",0.97,Nuclear
"literal crap griefer",0.97,Nuclear
"fck unlucky dick",0.98,Nuclear
"uninstall end it all",0.99,Nuclear
"f_u_c_k done",0.99,Nuclear
"fckn i give up griefer",0.97,Nuclear
"fucker washed feeder",0.97,Nuclear
"fcking malding slut",0.99,Nuclear
"malding clown",0.98,Nuclear
"dodge actual bruh",0.98,Nuclear
"choke f -u c-k tilted",0.99,Nuclear
"shitty terrible trash",0.98,Nuclear
"f -u c-k deleting garbage",0.99,Nuclear
"cope chalked",0.97,Nuclear
"shutup peace out",0.98,Nuclear
"leave disgusting cant anymore",0.98,Nuclear
"neck urself wild",0.98,Nuclear
"f-u-c-k braindead",0.99,Nuclear
"fook joke braindead",0.99,Nuclear
"f_ck why moron",0.97,Nuclear
"disgusting kid",0.98,Nuclear
"actual fck idiot",0.99,Nuclear
"quit absolute fuck",0.98,Nuclear
"shutup braindead i give up",0.98,Nuclear
"mfing dead bronze",0.98,Nuclear
"log off wack",0.98,Nuclear
"braindead why ape",0.98,Nuclear
"over bastard",0.98,Nuclear
"phuck ggs",0.98,Nuclear
"fook cant take it pussy",0.97,Nuclear
"delete game fkk no more",0.98,Nuclear
"log off f**k lmao",0.98,Nuclear
"sit just end",0.97,Nuclear
"brainless im retiring",0.98,Nuclear
"disgusting tumor",0.99,Nuclear
"get cancer fcked braindead",0.98,Nuclear
"plz quit fuking horrible",0.98,Nuclear
"phuck make it stop",0.97,Nuclear
"toxic washed prick",0.98,Nuclear
"neck urself go fk just stop",0.98,Nuclear
"get cancer literal ggs",0.97,Nuclear
"fck cunt",0.99,Nuclear
"fucked joke scum",0.98,Nuclear
"actual trash random",0.98,Nuclear
"f-u-c-k im out scum",0.99,Nuclear
"fuk finished tumor",0.97,Nuclear
"vile over it griefer",0.97,Nuclear
"kys shitty ggs",0.99,Nuclear
"f -u c-k end it all autist",0.98,Nuclear
"f _u_ck washed cunt",0.98,Nuclear
"bullshit braindead",0.98,Nuclear
"cope useless omfg",0.98,Nuclear
"fucked im leaving idiot",0.97,Nuclear
"f_u_c_k stop bozo",0.98,Nuclear
"cancerous braindead",0.98,Nuclear
"bs hardstuck",0.98,Nuclear
"fvck shit mong",0.99,Nuclear
"fcking useless",0.98,Nuclear
"f -u c-k chalked retard",0.99,Nuclear
"choke f**k toxic",0.98,Nuclear
"fker i give up moron",0.99,Nuclear
"bullshit pussy",0.97,Nuclear
"cry more mentally ill bullshit",0.98,Nuclear
"cringe chalked",0.99,Nuclear
"phucking terrible imbecile",0.98,Nuclear
"choke insane im out",0.98,Nuclear
"sit meaningless",0.99,Nuclear
"gtfo meaningless",0.98,Nuclear
"kill urself fukking over it",0.98,Nuclear
"get out vile im retiring",0.97,Nuclear
"fucker tilt scum",0.98,Nuclear
"touch grass toxic done",0.97,Nuclear
"absolute horrible scum",0.98,Nuclear
"gtfo f*cking i give up",0.97,Nuclear
"f u c k stepping away griefer",0.99,Nuclear
"pathetic checking out subhuman",0.98,Nuclear
"mfing i give up",0.98,Nuclear
"had enough dick",0.98,Nuclear
"f u c k gg next trash",0.97,Nuclear
"fukking done",0.98,Nuclear
"f -u c-k braindead",0.99,Nuclear
"fuck wrap it up shitter",0.98,Nuclear
"drop dead disgusting just end",0.98,Nuclear
"kill urself cancerous chalked",0.98,Nuclear
"plz quit f**k log off",0.98,Nuclear
"log off ggs",0.98,Nuclear
"trolling feeder",0.97,Nuclear
"gtfo crap",0.97,Nuclear
"f_ck im gone animal",0.97,Nuclear
"neck urself phuck stepping away",0.99,Nuclear
"ff f_cking end",0.98,Nuclear
"leave pathetic tragic",0.98,Nuclear
"log off worthless exhausting",0.97,Nuclear
"f*cking chalked dick",0.98,Nuclear
"go next im quitting",0.98,Nuclear
"fkng pathetic",0.98,Nuclear
"unreal fck mong",0.98,Nuclear
"phuck give up",0.97,Nuclear
"delusional wack",0.97,Nuclear
"f_u_c_k checking out whore",0.98,Nuclear
"kys braindead shit",0.97,Nuclear
"disgusting tilt hardstuck",0.99,Nuclear
"sit fucking disgusting",0.98,Nuclear
"cringe pathetic",0.98,Nuclear
"ff dammit",0.98,Nuclear
"fker just end",0.99,Nuclear
"gtfo phucking dead",0.98,Nuclear
"alt f4 bullshit stepping away",0.97,Nuclear
"fkk no more",0.99,Nuclear
"f_ck ggs griefer",0.99,Nuclear
"disgusting worst",0.98,Nuclear
"cancerous bruh",0.97,Nuclear
"fvcking broken shitter",0.98,Nuclear
"shut up f**king logging out",0.98,Nuclear
"done for prick",0.98,Nuclear
"fvck meaningless",0.99,Nuclear
"dodge unreal fuck",0.97,Nuclear
"delete game trash",0.99,Nuclear
"toxic cant take it kid",0.98,Nuclear
"alt f4 phuck garbage",0.98,Nuclear
"fkk please bozo",0.98,Nuclear
"seethe dogshit cant take it",0.98,Nuclear
"walking away dick",0.97,Nuclear
"fuk omfg",0.99,Nuclear
"dogshit omfg",0.98,Nuclear
"delete game absolute cant take it",0.99,Nuclear
"fckng troll scum",0.99,Nuclear
"ff sht",0.99,Nuclear
"horseshit uninstalling",0.99,Nuclear
"brainless omfg tumor",0.98,Nuclear
"seethe delusional troll",0.99,Nuclear
"go fck useless",0.98,Nuclear
"pathetic make it stop",0.99,Nuclear
"f*cking washed subhuman",0.98,Nuclear
"get cancer worthless meaningless",0.97,Nuclear
"insane stop clown",0.97,Nuclear
"log off trashy washed",0.98,Nuclear
"finished random",0.99,Nuclear
"miserable iron",0.99,Nuclear
"f**k dammit iron",0.98,Nuclear
"stfu fuking log off",0.98,Nuclear
"ff fuck",0.99,Nuclear
"done garbage",0.98,Nuclear
"quit unlucky",0.98,Nuclear
"touch grass pathetic shit",0.99,Nuclear
"fuk im out bastard",0.98,Nuclear
"pathetic awful bitch",0.97,Nuclear
"f**k miserable dick",0.97,Nuclear
"fukk wrap it up",0.97,Nuclear
"fkng just stop clown",0.98,Nuclear
"f u c k i n g terrible bozo",0.98,Nuclear
"shut up f**king dammit",0.99,Nuclear
"garbage bot",0.99,Nuclear
"kys delusional crazy",0.98,Nuclear
"choke fuking trolling",0.98,Nuclear
"dogshit useless ape",0.97,Nuclear
"fok dammit subhuman",0.98,Nuclear
"neck urself f u c k i n g end",0.97,Nuclear
"dodge trashy washed",0.98,Nuclear
"fck wrap it up",0.97,Nuclear
"kys go fck washed",0.98,Nuclear
"f_cking pathetic",0.99,Nuclear
"f-k-i-n-g im leaving kid",0.97,Nuclear
"shut up pathetic lmao",0.98,Nuclear
"leave fckng im retiring",0.99,Nuclear
"tilted griefer",0.97,Nuclear
"f_u_c_k cant take it",0.99,Nuclear
"ggs cancer",0.99,Nuclear
"gtfo fucked end it all",0.98,Nuclear
"f**king over it bronze",0.99,Nuclear
"touch grass malding",0.98,Nuclear
"delete game f-k-i-n-g terrible",0.98,Nuclear
"literal trash random",0.98,Nuclear
"fok trolling bastard",0.98,Nuclear
"fucker wack",0.97,Nuclear
"cope actual trolling",0.98,Nuclear
"kys fukking cant take it",0.98,Nuclear
"delusional braindead pussy",0.97,Nuclear
"quit peace out",0.98,Nuclear
"fker washed slut",0.98,Nuclear
"fvck troll",0.98,Nuclear
"seethe f*ck exhausting",0.99,Nuclear
"f -u c-k useless mong",0.98,Nuclear
"dammit npc",0.98,Nuclear
"fcked i give up",0.98,Nuclear
"useless chalked bot",0.97,Nuclear
"shut up fckng please",0.97,Nuclear
"kill urself phucking done for",0.97,Nuclear
"phuck over animal",0.97,Nuclear
"kys fking exhausting",0.98,Nuclear
"damn whore",0.98,Nuclear
"wrap it up clown",0.97,Nuclear
"choke f*cking chalked",0.97,Nuclear
"fvcking washed waste",0.99,Nuclear
"literal broken subhuman",0.99,Nuclear
"bruh bastard",0.97,Nuclear
"quit fkng wack",0.98,Nuclear
"stfu worthless im gone",0.98,Nuclear
"fker gg next kid",0.99,Nuclear
"cancerous broken feeder",0.99,Nuclear
"touch grass dogshit tilt",0.97,Nuclear
"absolute end it all",0.98,Nuclear
"f**k dammit",0.99,Nuclear
"alt f4 actual pointless",0.97,Nuclear
"sit f*cking malding",0.99,Nuclear
"f k i n g gg",0.97,Nuclear
"pathetic braindead",0.98,Nuclear
"fvcking damn bot",0.99,Nuclear
"drop dead f-k-i-n-g chalked",0.98,Nuclear
"stfu f u c k i n g garbage",0.99,Nuclear
"f-k-i-n-g done whore",0.98,Nuclear
"quit actual gg",0.97,Nuclear
"garbage shitter",0.97,Nuclear
"gtfo fvck bullshit",0.98,Nuclear
"delete game f-k-i-n-g bruh",0.99,Nuclear
"give up noob",0.98,Nuclear
"f u c k i n g hell garbage",0.99,Nuclear
"unlucky loser",0.99,Nuclear
"sit worthless end it all",0.98,Nuclear
"drop dead f_u_c_k troll",0.98,Nuclear
"plz quit cringe useless",0.98,Nuclear
"plz quit motherfucking washed",0.98,Nuclear
"cringe braindead tumor",0.98,Nuclear
"f u c k im out",0.98,Nuclear
"give up cunt",0.99,Nuclear
"alt f4 fckng insane",0.99,Nuclear
"kys f_u_c_k over",0.99,Nuclear
"f_cking no more hardstuck",0.97,Nuclear
"vile wild",0.97,Nuclear
"alt f4 brainless had enough",0.98,Nuclear
"f u c k pointless pussy",0.98,Nuclear
"plz quit fcking im leaving",0.97,Nuclear
"dodge make it stop",0.99,Nuclear
"worthless ggs feeder",0.98,Nuclear
"f**k wack",0.98,Nuclear
"shutup go fk gg",0.98,Nuclear
"log off done for",0.98,Nuclear
"neck urself f_cking over",0.98,Nuclear
"brainless sht scum",0.99,Nuclear
"fookin insane noob",0.99,Nuclear
"f -u c-k washed prick",0.99,Nuclear
"neck urself f*ck done for",0.99,Nuclear
"vile pathetic autist",0.97,Nuclear
"touch grass useless sht",0.98,Nuclear
"i give up cunt",0.99,Nuclear
"vile terrible shitter",0.97,Nuclear
"make it stop autist",0.99,Nuclear
"cringe horrible",0.98,Nuclear
"mentally ill wtf kid",0.99,Nuclear
"go next fukk im gone",0.99,Nuclear
"ff f*ck bs",0.98,Nuclear
"fukking shit clown",0.97,Nuclear
"fkk stepping away",0.99,Nuclear
"make it stop waste",0.98,Nuclear
"f-u-c-k its over idiot",0.98,Nuclear
"insane end",0.98,Nuclear
"fucking i give up dog",0.97,Nuclear
"quit insane walking away",0.98,Nuclear
"mfing had enough",0.98,Nuclear
"f*cking tilt",0.97,Nuclear
"im gone loser",0.97,Nuclear
"seethe f u c k uninstalling",0.99,Nuclear
"sit fook crazy",0.99,Nuclear
"worthless just stop",0.99,Nuclear
"f**k done for hardstuck",0.98,Nuclear
"pathetic pathetic",0.97,Nuclear
"quit trashy disgusting",0.98,Nuclear
"brainless log off",0.98,Nuclear
"brainless checking out garbage",0.97,Nuclear
"f u c k i n g deleting",0.99,Nuclear
"cry more broken",0.99,Nuclear
"go fk washed animal",0.98,Nuclear
"cope fuck",0.97,Nuclear
"seethe insane shut it down",0.99,Nuclear
"shutup fucking crap",0.97,Nuclear
"cope fucker worst",0.98,Nuclear
"actual pull the plug pussy",0.98,Nuclear
"mentally ill shut it down whore",0.97,Nuclear
"f _u_ck i give up whore",0.97,Nuclear
"bullshit deleting npc",0.99,Nuclear
"quit pathetic washed",0.99,Nuclear
"f-u-c-k shit autist",0.99,Nuclear
"wild ape",0.98,Nuclear
"uninstall braindead sht",0.99,Nuclear
"bs troll",0.98,Nuclear
"fcking miserable",0.99,Nuclear
"shutup fking troll",0.98,Nuclear
"stfu f_cking just end",0.98,Nuclear
"i give up braindead",0.99,Nuclear
"f _u_ck wack autist",0.98,Nuclear
"braindead wrap it up",0.98,Nuclear
"dodge fvcking exhausting",0.98,Nuclear
"neck urself gg",0.97,Nuclear
"get cancer f -u c-k wtf",0.99,Nuclear
"fook exhausting moron",0.99,Nuclear
"touch grass fvcking finished",0.98,Nuclear
"cope fook crazy",0.99,Nuclear
"dodge fukk walking away",0.98,Nuclear
"fukk im retiring prick",0.97,Nuclear
"washed moron",0.99,Nuclear
"shut up fck washed",0.99,Nuclear
"brainless awful",0.99,Nuclear
"toxic bruh subhuman",0.97,Nuclear
"trash shitter",0.98,Nuclear
"fker peace out cancer",0.99,Nuclear
"f**king joke",0.99,Nuclear
"troll whore",0.98,Nuclear
"fucking awful dick",0.98,Nuclear
"kys lmao",0.99,Nuclear
"fckng awful",0.99,Nuclear
"fvcking dead",0.98,Nuclear
"vile uninstalling",0.99,Nuclear
"worthless trash bitch",0.98,Nuclear
"cry more fck wtf",0.98,Nuclear
"dodge f_cking useless",0.99,Nuclear
"neck urself shitty insane",0.98,Nuclear
"fcked shut it down kid",0.98,Nuclear
"fckng i give up",0.97,Nuclear
"uninstall f*ck stop",0.99,Nuclear
"seethe f-u-c-k chalked",0.98,Nuclear
"fcked gg next",0.98,Nuclear
"choke f _u_ck log off",0.99,Nuclear
"stfu ridiculous",0.97,Nuclear
"trashy bullshit cancer",0.98,Nuclear
"fuck fck dick",0.98,Nuclear
"f*ck uninstalling animal",0.97,Nuclear
"gtfo fcking give up",0.97,Nuclear
"fcking dead subhuman",0.99,Nuclear
"dodge fcked pathetic",0.97,Nuclear
"stfu terrible",0.97,Nuclear
"fckng bullshit",0.98,Nuclear
"im leaving bronze",0.97,Nuclear
"go fck just stop",0.98,Nuclear
"shut up actual just stop",0.98,Nuclear
"ridiculous cancer",0.97,Nuclear
"fckng disgusting",0.97,Nuclear
"stop cunt",0.99,Nuclear
"dogshit terrible idiot",0.98,Nuclear
"f k i n g sht noob",0.98,Nuclear
"leave f _u_ck done",0.97,Nuclear
"uninstall cancerous pointless",0.98,Nuclear
"fucked awful npc",0.98,Nuclear
"actual cooked",0.98,Nuclear
"touch grass insane stop",0.97,Nuclear
"sit literal terrible",0.98,Nuclear
"plz quit f -u c-k chalked",0.98,Nuclear
"fck toxic prick",0.98,Nuclear
"go next trash",0.99,Nuclear
"neck urself disgusting",0.98,Nuclear
"drop dead im gone",0.98,Nuclear
"f u c k i n g crazy slut",0.98,Nuclear
"shutup tragic",0.98,Nuclear
"f -u c-k nonsense whore",0.99,Nuclear
"fukking shut it down whore",0.98,Nuclear
"fkng bruh",0.98,Nuclear
"kys fucker meaningless",0.98,Nuclear
"f _u_ck pull the plug",0.98,Nuclear
"f k i n g tilt bozo",0.98,Nuclear
"worthless logging out bot",0.98,Nuclear
"leave fcking no more",0.99,Nuclear
"fcking useless pussy",0.98,Nuclear
"kill urself actual uninstalling",0.99,Nuclear
"im gone scum",0.98,Nuclear
"mfing wtf retard",0.97,Nuclear
"fuk dammit",0.97,Nuclear
"tilt random",0.98,Nuclear
"dodge wack",0.98,Nuclear
"just end moron",0.99,Nuclear
"fkng meaningless",0.98,Nuclear
"neck urself fuck",0.99,Nuclear
"neck urself exhausting",0.97,Nuclear
"f.u.c.k end it all bastard",0.98,Nuclear
"fucker bruh",0.97,Nuclear
"quit log off",0.98,Nuclear
"fker miserable bastard",0.98,Nuclear
"cry more fucking pull the plug",0.98,Nuclear
"phucking lmao feeder",0.99,Nuclear
"quit wrap it up",0.97,Nuclear
"gg next clown",0.98,Nuclear
"f**king cooked bastard",0.99,Nuclear
"dodge mentally ill stop",0.97,Nuclear
"get cancer f_cking worst",0.98,Nuclear
"cry more fucking nonsense",0.98,Nuclear
"dodge f.u.c.k i give up",0.98,Nuclear
"fukk cooked retard",0.98,Nuclear
"f_cking gg waste",0.98,Nuclear
"shutup disgusting over it",0.97,Nuclear
"stop moron",0.97,Nuclear
"omfg bronze",0.97,Nuclear
"no more noob",0.97,Nuclear
"fook done shitter",0.97,Nuclear
"checking out npc",0.97,Nuclear
"stfu shitty disgusting",0.99,Nuclear
"joke animal",0.99,Nuclear
"fukking exhausting idiot",0.98,Nuclear
"shutup insane ridiculous",0.97,Nuclear
"shutup fucking joke",0.97,Nuclear
"fvcking cant anymore cunt",0.99,Nuclear
"fuck horrible dog",0.97,Nuclear
"plz quit f-k-i-n-g over it",0.98,Nuclear
"fook log off iron",0.97,Nuclear
"sit stop",0.98,Nuclear
"f u c k meaningless noob",0.98,Nuclear
"gg next mong",0.97,Nuclear
"cant take it cunt",0.98,Nuclear
"cringe log off bastard",0.99,Nuclear
"cry more f k i n g over",0.98,Nuclear
"stfu fukking dead",0.97,Nuclear
"choke f u c k i n g unlucky",0.98,Nuclear
"dodge go fck cooked",0.98,Nuclear
"f u c k horrible waste",0.97,Nuclear
"washed noob",0.99,Nuclear
"fucking done for kid",0.98,Nuclear
"wtf animal",0.98,Nuclear
"fvck wack",0.98,Nuclear
"toxic tilt slut",0.99,Nuclear
"motherfucking done for prick",0.98,Nuclear
"toxic finished",0.98,Nuclear
"choke over it",0.99,Nuclear
"brainless cooked",0.98,Nuclear
"alt f4 mentally ill broken",0.98,Nuclear
"fukk pathetic random",0.99,Nuclear
"malding mong",0.98,Nuclear
"get out checking out",0.99,Nuclear
"f _u_ck lmao clown",0.98,Nuclear
"shit bozo",0.98,Nuclear
"ff fkk done for",0.99,Nuclear
"go fck done troll",0.97,Nuclear
"cope fker toxic",0.98,Nuclear
"cope toxic",0.98,Nuclear
"get out unreal peace out",0.97,Nuclear
"choke f*ck bruh",0.98,Nuclear
"shutup braindead hell",0.97,Nuclear
"fuck hell loser",0.97,Nuclear
"go fck cant take it npc",0.99,Nuclear
"im quitting scum",0.98,Nuclear
"braindead gg next waste",0.97,Nuclear
"dogshit done",0.98,Nuclear
"cringe give up feeder",0.98,Nuclear
"seethe fok shit",0.98,Nuclear
"shut up cancerous bruh",0.97,Nuclear
"sit f -u c-k cant anymore",0.97,Nuclear
"log off f**k dead",0.97,Nuclear
"f**king dead clown",0.99,Nuclear
"shitty trolling scum",0.98,Nuclear
"fuk malding",0.98,Nuclear
"vile crap clown",0.98,Nuclear
"dodge cancerous shit",0.98,Nuclear
"fook garbage shitter",0.97,Nuclear
"malding bot",0.98,Nuclear
"leave f -u c-k checking out",0.99,Nuclear
"get cancer finished",0.99,Nuclear
"its over npc",0.98,Nuclear
"seethe cancerous washed",0.99,Nuclear
"fking hell bastard",0.99,Nuclear
"fker its over npc",0.97,Nuclear
"mfing crazy autist",0.99,Nuclear
"f_cking malding",0.98,Nuclear
"useless chalked autist",0.98,Nuclear
"fvcking uninstalling imbecile",0.98,Nuclear
"uninstall fker washed",0.99,Nuclear
"fucking checking out",0.98,Nuclear
"fookin unlucky",0.97,Nuclear
"braindead end it all",0.99,Nuclear
"fucked stepping away animal",0.98,Nuclear
"stfu fucking its over",0.97,Nuclear
"shut up fuking finished",0.99,Nuclear
"phuck no more",0.98,Nuclear
"delete game fuck just stop",0.98,Nuclear
"cope worthless tragic",0.99,Nuclear
"seethe crazy",0.98,Nuclear
"actual checking out loser",0.98,Nuclear
"go fk joke",0.98,Nuclear
"fucked shit",0.98,Nuclear
"uninstall disgusting damn",0.98,Nuclear
"braindead its over garbage",0.98,Nuclear
"neck urself fcking exhausting",0.98,Nuclear
"f u c k omfg garbage",0.98,Nuclear
"seethe pathetic shit",0.98,Nuclear
"fckng omfg hardstuck",0.98,Nuclear
"bullshit broken autist",0.98,Nuclear
"ff dogshit pathetic",0.98,Nuclear
"pathetic im out prick",0.99,Nuclear
"kys f k i n g disgusting",0.98,Nuclear
"wack griefer",0.99,Nuclear
"touch grass fucking gg",0.98,Nuclear
"f-k-i-n-g washed ape",0.98,Nuclear
"kys useless garbage",0.99,Nuclear
"get out horrible",0.99,Nuclear
"touch grass phucking troll",0.98,Nuclear
"stfu mentally ill sht",0.99,Nuclear
"cooked retard",0.97,Nuclear
"dead griefer",0.99,Nuclear
"im done braindead",0.97,Nuclear
"uninstall f k i n g walking away",0.99,Nuclear
"f_u_c_k over",0.99,Nuclear
"fukking awful",0.98,Nuclear
"f**king terrible trash",0.98,Nuclear
"f -u c-k tragic tumor",0.98,Nuclear
"stop troll",0.97,Nuclear
"fukk walking away",0.98,Nuclear
"give up bastard",0.98,Nuclear
"f-k-i-n-g toxic scum",0.99,Nuclear
"worthless chalked",0.98,Nuclear
"joke scum",0.97,Nuclear
"fking broken troll",0.98,Nuclear
"absolute stop dog",0.98,Nuclear
"alt f4 fukk checking out",0.99,Nuclear
"get out fckng im leaving",0.97,Nuclear
"get out fkk tilt",0.98,Nuclear
"quit fckng dammit",0.98,Nuclear
"choke go fk im out",0.97,Nuclear
"cry more delusional garbage",0.98,Nuclear
"fck trolling clown",0.98,Nuclear
"motherfucking cant take it",0.98,Nuclear
"fckn give up scum",0.98,Nuclear
"drop dead fck im gone",0.98,Nuclear
"dogshit horrible npc",0.98,Nuclear
"shutup f u c k im leaving",0.98,Nuclear
"cry more bullshit",0.98,Nuclear
"stfu unreal uninstalling",0.97,Nuclear
"plz quit fcked checking out",0.99,Nuclear
"fcking ggs shitter",0.97,Nuclear
"gtfo f**k exhausting",0.97,Nuclear
"delete game terrible",0.97,Nuclear
"fkng meaningless clown",0.98,Nuclear
"useless stepping away bot",0.97,Nuclear
"fuck trash pussy",0.99,Nuclear
"touch grass fcking cant anymore",0.98,Nuclear
"seethe insane",0.98,Nuclear
"kill urself phuck cooked",0.98,Nuclear
"fok no more waste",0.98,Nuclear
"choke horseshit done",0.98,Nuclear
"choke ridiculous",0.99,Nuclear
"f u c k i n g tilted freak",0.98,Nuclear
"f_u_c_k bullshit autist",0.98,Nuclear
"fook im gone",0.98,Nuclear
"cry more fkng broken",0.99,Nuclear
"toxic cooked",0.99,Nuclear
"log off pathetic cant take it",0.99,Nuclear
"leave cringe give up",0.98,Nuclear
"leave fukking omfg",0.97,Nuclear
"wild garbage",0.99,Nuclear
"dodge f-k-i-n-g no more",0.99,Nuclear
"fkng walking away",0.98,Nuclear
"deleting kid",0.99,Nuclear
"phucking shit retard",0.99,Nuclear
"kys f u c k meaningless",0.98,Nuclear
"seethe f u c k i n g troll",0.99,Nuclear
"f_u_c_k make it stop moron",0.97,Nuclear
"f*ck im out",0.97,Nuclear
"trolling shitter",0.99,Nuclear
"mentally ill had enough npc",0.97,Nuclear
"delete game go fk troll",0.98,Nuclear
"hell waste",0.97,Nuclear
"f**king insane",0.98,Nuclear
"fucking stepping away",0.98,Nuclear
"fukking wild animal",0.97,Nuclear
"neck urself f k i n g horrible",0.98,Nuclear
"fkng nonsense loser",0.98,Nuclear
"stfu im done",0.99,Nuclear
"phucking crazy kid",0.97,Nuclear
"motherfucking walking away bot",0.98,Nuclear
"neck urself shit",0.97,Nuclear
"go next fckn just stop",0.99,Nuclear
"ff go fk deleting",0.99,Nuclear
"kys f k i n g its over",0.98,Nuclear
"crazy waste",0.98,Nuclear
"trashy end it all troll",0.98,Nuclear
"kys end",0.97,Nuclear
"neck urself f_u_c_k why",0.98,Nuclear
"choke f**k walking away",0.98,Nuclear
"fker dammit",0.97,Nuclear
"fucked damn prick",0.99,Nuclear
"f**k pathetic bastard",0.97,Nuclear
"end it all subhuman",0.97,Nuclear
"touch grass dead",0.97,Nuclear
"cry more mentally ill done",0.99,Nuclear
"shutup fkk crazy",0.98,Nuclear
"bullshit trolling",0.99,Nuclear
"f_u_c_k wild bozo",0.98,Nuclear
"mentally ill checking out cancer",0.98,Nuclear
"fcked useless cunt",0.98,Nuclear
"damn cunt",0.99,Nuclear
"shutup dogshit no more",0.98,Nuclear
"vile im done autist",0.99,Nuclear
"shut up f_u_c_k trash",0.98,Nuclear
"delusional pathetic",0.98,Nuclear
"alt f4 fookin hell",0.98,Nuclear
"fok checking out bozo",0.97,Nuclear
"neck urself fckn toxic",0.99,Nuclear
"brainless pull the plug subhuman",0.98,Nuclear
"stfu f_u_c_k please",0.98,Nuclear
"fcked dead",0.97,Nuclear
"kys fck im done",0.99,Nuclear
"cancerous just end",0.99,Nuclear
"fck had enough",0.97,Nuclear
"fukking had enough scum",0.99,Nuclear
"mfing done garbage",0.97,Nuclear
"lmao garbage",0.98,Nuclear
"shutup mfing chalked",0.97,Nuclear
"shut up fucker trolling",0.98,Nuclear
"motherfucking ggs clown",0.99,Nuclear
"delusional useless bot",0.97,Nuclear
"fker chalked mong",0.98,Nuclear
"cringe tilted moron",0.98,Nuclear
"absolute damn",0.98,Nuclear
"fkng pull the plug mong",0.99,Nuclear
"go next fukking useless",0.98,Nuclear
"ff tilt",0.98,Nuclear
"plz quit phucking washed",0.98,Nuclear
"fucking end trash",0.97,Nuclear
"fcking awful",0.98,Nuclear
"f*ck cant anymore idiot",0.99,Nuclear
"shut up shitty shit",0.98,Nuclear
"lmao bozo",0.98,Nuclear
"dodge useless hell",0.99,Nuclear
"worthless tilted slut",0.97,Nuclear
"delusional unlucky",0.97,Nuclear
"get out fkng logging out",0.98,Nuclear
"horseshit miserable moron",0.98,Nuclear
"seethe horseshit disgusting",0.97,Nuclear
"neck urself fuck pull the plug",0.98,Nuclear
"get cancer literal why",0.99,Nuclear
"get cancer toxic chalked",0.99,Nuclear
"bullshit im retiring",0.97,Nuclear
"ff fuck finished",0.98,Nuclear
"kys joke",0.99,Nuclear
"f-k-i-n-g just end",0.98,Nuclear
"worst braindead",0.98,Nuclear
"fck please",0.99,Nuclear
"go fck garbage",0.99,Nuclear
"cant anymore bot",0.99,Nuclear
"ff done for",0.98,Nuclear
"vile im gone",0.98,Nuclear
"gtfo tragic",0.99,Nuclear
"go fk please autist",0.97,Nuclear
"bullshit feeder",0.98,Nuclear
"stfu just end",0.98,Nuclear
"worthless nonsense waste",0.97,Nuclear
"fukk malding bastard",0.99,Nuclear
"shutup f -u c-k cant take it",0.98,Nuclear
"fcking bs slut",0.98,Nuclear
"brainless im out autist",0.98,Nuclear
"fvcking end it all bastard",0.99,Nuclear
"sit brainless no more",0.98,Nuclear
"uninstall im retiring",0.98,Nuclear
"fckn wtf hardstuck",0.97,Nuclear
"dodge f-k-i-n-g give up",0.98,Nuclear
"get out damn",0.97,Nuclear
"kill urself dogshit crazy",0.97,Nuclear
"f*ck had enough freak",0.98,Nuclear
"trashy bs",0.98,Nuclear
"neck urself cooked",0.98,Nuclear
"pathetic finished kid",0.97,Nuclear
"go fk no more trash",0.98,Nuclear
"log off f -u c-k cant take it",0.99,Nuclear
"cringe just end clown",0.98,Nuclear
"fuking chalked waste",0.97,Nuclear
"go next f u c k give up",0.98,Nuclear
"f-u-c-k log off",0.99,Nuclear
"fook nonsense cunt",0.97,Nuclear
"shut up fckng troll",0.99,Nuclear
"alt f4 literal shut it down",0.99,Nuclear
"kys fck crap",0.98,Nuclear
"cooked clown",0.98,Nuclear
"f.u.c.k im quitting bronze",0.98,Nuclear
"cry more cooked",0.99,Nuclear
"alt f4 fvcking shut it down",0.98,Nuclear
"done for cunt",0.98,Nuclear
"awful pussy",0.98,Nuclear
"cope fuk make it stop",0.98,Nuclear
"delete game fukk crap",0.98,Nuclear
"fck end tumor",0.97,Nuclear
"leave terrible",0.98,Nuclear
"fuking wrap it up imbecile",0.99,Nuclear
"cringe chalked moron",0.98,Nuclear
"alt f4 cancerous terrible",0.97,Nuclear
"kys fucker horrible",0.98,Nuclear
"brainless peace out trash",0.98,Nuclear
"f_u_c_k worst",0.99,Nuclear
"mfing uninstalling",0.98,Nuclear
"drop dead insane shit",0.98,Nuclear
"get cancer fukking damn",0.97,Nuclear
"fok damn autist",0.97,Nuclear
"touch grass im leaving",0.99,Nuclear
"fucked im leaving",0.98,Nuclear
"cry more fukking im gone",0.98,Nuclear
"fkng nonsense idiot",0.98,Nuclear
"fkk pathetic autist",0.98,Nuclear
"absolute tilt cancer",0.98,Nuclear
"fuking peace out",0.98,Nuclear
"plz quit vile omfg",0.99,Nuclear
"ff mentally ill checking out",0.97,Nuclear
"drop dead fker crap",0.99,Nuclear
"fck done cunt",0.97,Nuclear
"plz quit fvcking end",0.98,Nuclear
"cry more fkng give up",0.98,Nuclear
"drop dead done for",0.98,Nuclear
"neck urself f u c k i n g shit",0.98,Nuclear
"get out braindead broken",0.98,Nuclear
"why slut",0.97,Nuclear
"sit f-k-i-n-g garbage",0.98,Nuclear
"quit f-u-c-k tragic",0.98,Nuclear
"mentally ill omfg random",0.97,Nuclear
"braindead bullshit random",0.99,Nuclear
"toxic useless clown",0.98,Nuclear
"seethe worthless fck",0.97,Nuclear
"log off clown",0.98,Nuclear
"seethe dammit",0.98,Nuclear
"nonsense troll",0.98,Nuclear
"f_ck nonsense feeder",0.97,Nuclear
"mentally ill log off mong",0.98,Nuclear
"f -u c-k disgusting retard",0.97,Nuclear
"ridiculous freak",0.97,Nuclear
"dodge f _u_ck chalked",0.99,Nuclear
"mfing cant anymore",0.99,Nuclear
"cry more fucking wack",0.98,Nuclear
"choke peace out",0.97,Nuclear
"get cancer fking fck",0.97,Nuclear
"quit motherfucking shut it down",0.98,Nuclear
"kys fker meaningless",0.98,Nuclear
"brainless stop",0.98,Nuclear
"fvck chalked troll",0.98,Nuclear
"cope vile bullshit",0.98,Nuclear
"go next insane omfg",0.97,Nuclear
"fvck stepping away waste",0.97,Nuclear
"worthless end autist",0.97,Nuclear
"plz quit braindead",0.98,Nuclear
"fckn bs bozo",0.98,Nuclear
"leave f _u_ck end",0.98,Nuclear
"fckng crap tumor",0.99,Nuclear
"done for tumor",0.99,Nuclear
"f u c k hell",0.98,Nuclear
"phucking cant take it braindead",0.98,Nuclear
"fuck im leaving",0.99,Nuclear
"cringe shut it down",0.99,Nuclear
"fvck log off troll",0.97,Nuclear
"kys shitty make it stop",0.98,Nuclear
"cope fcking hell",0.99,Nuclear
"phuck im retiring bronze",0.97,Nuclear
"insane hell freak",0.98,Nuclear
"cry more fck done",0.99,Nuclear
"dodge mentally ill im leaving",0.98,Nuclear
"go fck im out waste",0.97,Nuclear
"mfing lmao braindead",0.98,Nuclear
"cry more horrible",0.99,Nuclear
"braindead pull the plug",0.97,Nuclear
"alt f4 fcked checking out",0.98,Nuclear
"get out awful",0.97,Nuclear
"choke gg next",0.98,Nuclear
"gtfo fookin hell",0.97,Nuclear
"brainless checking out",0.97,Nuclear
"shutup trashy shit",0.99,Nuclear
"broken freak",0.97,Nuclear
"fck ggs noob",0.99,Nuclear
"f*ck just stop",0.98,Nuclear
"kill urself f_u_c_k i give up",0.98,Nuclear
"quit stepping away",0.98,Nuclear
"choke nonsense",0.99,Nuclear
"fcking hell",0.98,Nuclear
"cry more fuck im quitting",0.99,Nuclear
"delete game unreal why",0.98,Nuclear
"dodge f_cking stepping away",0.98,Nuclear
"delete game f k i n g cant anymore",0.99,Nuclear
"uninstall actual wack",0.98,Nuclear
"leave fcking sht",0.98,Nuclear
"neck urself f.u.c.k end",0.98,Nuclear
"f.u.c.k lmao",0.97,Nuclear
"gtfo bullshit washed",0.99,Nuclear
"fucked gg next tumor",0.98,Nuclear
"brainless crazy iron",0.99,Nuclear
"stfu dogshit give up",0.98,Nuclear
"touch grass miserable",0.98,Nuclear
"f_cking miserable",0.98,Nuclear
"fookin terrible trash",0.98,Nuclear
"fker over it griefer",0.98,Nuclear
"gg next moron",0.98,Nuclear
"fook im leaving waste",0.97,Nuclear
"broken slut",0.99,Nuclear
"leave f**k terrible",0.98,Nuclear
"kys dead",0.99,Nuclear
"sit delusional shut it down",0.98,Nuclear
"log off braindead shit",0.99,Nuclear
"quit omfg",0.98,Nuclear
"leave awful",0.98,Nuclear
"absolute bullshit idiot",0.98,Nuclear
"useless worst",0.97,Nuclear
"fcking pull the plug ape",0.99,Nuclear
"fvck wild",0.99,Nuclear
"drop dead logging out",0.98,Nuclear
"log off wtf",0.98,Nuclear
"motherfucking damn",0.99,Nuclear
"get cancer actual lmao",0.98,Nuclear
"f.u.c.k why retard",0.99,Nuclear
"fcking washed bozo",0.97,Nuclear
"bullshit crap mong",0.99,Nuclear
"shut up braindead wrap it up",0.98,Nuclear
"worthless wack trash",0.99,Nuclear
"fvcking end it all",0.97,Nuclear
"plz quit phucking crap",0.98,Nuclear
"fukk dammit",0.99,Nuclear
"fck trolling ape",0.98,Nuclear
"kill urself actual stop",0.99,Nuclear
"fookin deleting iron",0.98,Nuclear
"pathetic finished pussy",0.97,Nuclear
"stepping away subhuman",0.97,Nuclear
"shutup f _u_ck im quitting",0.98,Nuclear
"fucker im gone",0.98,Nuclear
"fook washed",0.97,Nuclear
"dodge fckng dammit",0.99,Nuclear
"pathetic mong",0.98,Nuclear
"sit f u c k i n g crazy",0.97,Nuclear
"bullshit bot",0.97,Nuclear
"f u c k i n g ggs hardstuck",0.98,Nuclear
"f**king nonsense",0.97,Nuclear
"f_u_c_k unlucky",0.99,Nuclear
"go fk wack",0.99,Nuclear
"gtfo washed",0.99,Nuclear
"mfing trolling pussy",0.99,Nuclear
"plz quit nonsense",0.97,Nuclear
"drop dead motherfucking exhausting",0.99,Nuclear
"fookin stepping away imbecile",0.98,Nuclear
"kys finished",0.98,Nuclear
"alt f4 fuking exhausting",0.98,Nuclear
"alt f4 make it stop",0.97,Nuclear
"f_ck pointless braindead",0.98,Nuclear
"nonsense mong",0.98,Nuclear
"ff cringe terrible",0.99,Nuclear
"leave stepping away",0.98,Nuclear
"just stop retard",0.98,Nuclear
"get cancer go fk washed",0.97,Nuclear
"go next fucked crap",0.97,Nuclear
"alt f4 broken",0.98,Nuclear
"delusional finished whore",0.98,Nuclear
"kill urself sht",0.98,Nuclear
"f*cking just stop",0.97,Nuclear
"cancerous wrap it up npc",0.98,Nuclear
"gtfo fook unlucky",0.98,Nuclear
"exhausting bozo",0.99,Nuclear
"disgusting uninstalling imbecile",0.98,Nuclear
"horseshit pull the plug",0.98,Nuclear
"f u c k washed",0.97,Nuclear
"leave f_ck peace out",0.98,Nuclear
"f_ck im retiring hardstuck",0.97,Nuclear
"delusional dammit",0.97,Nuclear
"cope bullshit cooked",0.99,Nuclear
"omfg npc",0.99,Nuclear
"drop dead f**k log off",0.97,Nuclear
"choke fkng cooked",0.97,Nuclear
"seethe useless troll",0.97,Nuclear
"fck joke",0.98,Nuclear
"leave vile ggs",0.98,Nuclear
"fuking tragic whore",0.99,Nuclear
"im done autist",0.98,Nuclear
"shutup f u c k gg next",0.99,Nuclear
"wtf bitch",0.99,Nuclear
"kill urself im done",0.98,Nuclear
"f-k-i-n-g give up",0.97,Nuclear
"f_ck stop",0.97,Nuclear
"f_u_c_k make it stop",0.98,Nuclear
"phucking tilted waste",0.97,Nuclear
"seethe fking washed",0.99,Nuclear
"trash dick",0.98,Nuclear
"f**k make it stop",0.98,Nuclear
"stfu f _u_ck bruh",0.99,Nuclear
"shutup fckn tragic",0.99,Nuclear
"fok please dick",0.97,Nuclear
"insane end it all",0.98,Nuclear
"log off f _u_ck damn",0.99,Nuclear
"cope fkng bullshit",0.99,Nuclear
"sit mfing crap",0.97,Nuclear
"sit unreal pull the plug",0.98,Nuclear
"over animal",0.99,Nuclear
"choke f**king omfg",0.98,Nuclear
"fook stop iron",0.97,Nuclear
"done shitter",0.98,Nuclear
"alt f4 f_cking gg",0.99,Nuclear
"disgusting terrible",0.99,Nuclear
"toxic please noob",0.98,Nuclear
"get out f_ck useless",0.99,Nuclear
"seethe absolute cooked",0.98,Nuclear
"fcked omfg",0.98,Nuclear
"insane damn autist",0.98,Nuclear
"fukking disgusting loser",0.97,Nuclear
"f -u c-k uninstalling",0.97,Nuclear
"quit fvcking unlucky",0.98,Nuclear
"fvck ggs",0.99,Nuclear
"uninstall fucker tragic",0.98,Nuclear
"choke phuck trolling",0.99,Nuclear
"fucker im out autist",0.97,Nuclear
"dogshit im leaving",0.99,Nuclear
"f u c k i n g useless bastard",0.98,Nuclear
"choke insane log off",0.99,Nuclear
"log off ridiculous",0.98,Nuclear
"disgusting malding slut",0.99,Nuclear
"get cancer deleting",0.98,Nuclear
"vile hell",0.98,Nuclear
"fucked chalked clown",0.97,Nuclear
"delete game fcking malding",0.99,Nuclear
"ff make it stop",0.98,Nuclear
"gtfo brainless im quitting",0.99,Nuclear
"fvck cooked pussy",0.98,Nuclear
"plz quit washed",0.97,Nuclear
"cry more phuck over",0.99,Nuclear
"fcking stop",0.99,Nuclear
"f**k end imbecile",0.98,Nuclear
"fucked pull the plug autist",0.98,Nuclear
"neck urself delusional unlucky",0.99,Nuclear
"bullshit wtf griefer",0.98,Nuclear
"log off disgusting unlucky",0.98,Nuclear
"im leaving subhuman",0.97,Nuclear
"fok horrible",0.98,Nuclear
"phucking its over freak",0.98,Nuclear
"f_u_c_k log off hardstuck",0.97,Nuclear
"cancerous worst dog",0.97,Nuclear
"disgusting hell griefer",0.98,Nuclear
"delete game pathetic trolling",0.99,Nuclear
"cry more shitty meaningless",0.98,Nuclear
"fuking had enough",0.97,Nuclear
"f.u.c.k trolling kid",0.98,Nuclear
"seethe fvcking crazy",0.97,Nuclear
"fckn braindead clown",0.97,Nuclear
"go next cringe pathetic",0.98,Nuclear
"drop dead fookin ggs",0.98,Nuclear
"fvcking deleting",0.99,Nuclear
"alt f4 please",0.98,Nuclear
"please scum",0.97,Nuclear
"im quitting bronze",0.98,Nuclear
"plz quit motherfucking peace out",0.98,Nuclear
"unreal im gone",0.98,Nuclear
"neck urself gg next",0.97,Nuclear
"delusional tilted braindead",0.98,Nuclear
"stop hardstuck",0.98,Nuclear
"neck urself fckn sht",0.98,Nuclear
"mentally ill trolling dick",0.99,Nuclear
"f u c k over it noob",0.97,Nuclear
"fookin finished",0.98,Nuclear
"get cancer dogshit bs",0.97,Nuclear
"alt f4 fvcking pathetic",0.98,Nuclear
"motherfucking fuck noob",0.99,Nuclear
"sit f _u_ck cooked",0.98,Nuclear
"toxic subhuman",0.99,Nuclear
"fking dead bitch",0.99,Nuclear
"fkng insane slut",0.98,Nuclear
"fok broken",0.99,Nuclear
"fok checking out npc",0.98,Nuclear
"motherfucking trash hardstuck",0.97,Nuclear
"touch grass f**k give up",0.98,Nuclear
"fuking wrap it up cunt",0.98,Nuclear
"toxic just end",0.97,Nuclear
"f u c k damn",0.97,Nuclear
"fvck awful cunt",0.97,Nuclear
"delete game chalked",0.98,Nuclear
"f-k-i-n-g chalked tumor",0.98,Nuclear
"toxic give up",0.99,Nuclear
"trashy crazy",0.99,Nuclear
"quit f -u c-k meaningless",0.98,Nuclear
"plz quit ridiculous",0.98,Nuclear
"mentally ill im retiring ape",0.98,Nuclear
"log off f**k im quitting",0.99,Nuclear
"cry more phuck washed",0.98,Nuclear
"shut up f_u_c_k damn",0.98,Nuclear
"choke dammit",0.97,Nuclear
"cope fck awful",0.98,Nuclear
"touch grass f k i n g im quitting",0.98,Nuclear
"stfu ggs",0.99,Nuclear
"f u c k garbage",0.98,Nuclear
"quit fucked im gone",0.98,Nuclear
"ff fvck pointless",0.99,Nuclear
"peace out iron",0.98,Nuclear
"delusional insane imbecile",0.98,Nuclear
"f u c k joke",0.98,Nuclear
"go fk wtf",0.97,Nuclear
"shitty crazy freak",0.98,Nuclear
"get cancer mfing shit",0.98,Nuclear
"ridiculous bitch",0.99,Nuclear
"horseshit worst idiot",0.98,Nuclear
"fucker im quitting moron",0.99,Nuclear
"quit cringe sht",0.97,Nuclear
"stfu brainless end",0.99,Nuclear
"go fk shit iron",0.98,Nuclear
"f u c k toxic",0.98,Nuclear
"damn bot",0.99,Nuclear
"get cancer f-k-i-n-g checking out",0.99,Nuclear
"f -u c-k chalked",0.97,Nuclear
"dead dog",0.97,Nuclear
"choke over",0.98,Nuclear
"kys fckng log off",0.98,Nuclear
"drop dead trashy log off",0.97,Nuclear
"kys f-u-c-k bullshit",0.98,Nuclear
"fuk cooked",0.97,Nuclear
"please braindead",0.98,Nuclear
"go fk cooked moron",0.99,Nuclear
"get out fking unlucky",0.97,Nuclear
"plz quit fck broken",0.98,Nuclear
"done bitch",0.99,Nuclear
"f_cking wtf cancer",0.97,Nuclear
"fvcking wild bot",0.97,Nuclear
"useless im done",0.98,Nuclear
"cooked whore",0.97,Nuclear
"get cancer exhausting",0.98,Nuclear
"stepping away noob",0.98,Nuclear
"kill urself fucked log off",0.98,Nuclear
"go fck crap",0.97,Nuclear
"absolute just stop bot",0.98,Nuclear
"f-k-i-n-g meaningless trash",0.98,Nuclear
"get cancer fkk braindead",0.99,Nuclear
"fookin please",0.97,Nuclear
"touch grass fookin wild",0.98,Nuclear
"im out scum",0.97,Nuclear
"why whore",0.97,Nuclear
"fckng stop subhuman",0.99,Nuclear
"checking out mong",0.99,Nuclear
"fkng trash scum",0.98,Nuclear
"miserable scum",0.99,Nuclear
"log off phucking just end",0.99,Nuclear
"dead hardstuck",0.98,Nuclear
"fucking ridiculous",0.98,Nuclear
"get cancer i give up",0.99,Nuclear
"cope miserable",0.98,Nuclear
"shutup pathetic over it",0.99,Nuclear
"sit phucking shit",0.98,Nuclear
"get cancer peace out",0.98,Nuclear
"shutup f k i n g wack",0.98,Nuclear
"quit done for",0.99,Nuclear
"mentally ill over npc",0.99,Nuclear
"phuck bullshit bozo",0.97,Nuclear
"touch grass f.u.c.k peace out",0.99,Nuclear
"damn griefer",0.98,Nuclear
"ff f_u_c_k over",0.99,Nuclear
"cope fookin why",0.99,Nuclear
"trolling animal",0.97,Nuclear
"fker horrible",0.98,Nuclear
"fking ridiculous bot",0.99,Nuclear
"disgusting wtf animal",0.98,Nuclear
"gtfo go fk cooked",0.97,Nuclear
"go next absolute crap",0.98,Nuclear
"useless crazy retard",0.97,Nuclear
"stfu fkk im leaving",0.97,Nuclear
"f-u-c-k washed",0.98,Nuclear
"ff wrap it up",0.98,Nuclear
"over griefer",0.98,Nuclear
"useless done noob",0.98,Nuclear
"fok washed tumor",0.97,Nuclear
"cancerous peace out hardstuck",0.98,Nuclear
"actual had enough",0.98,Nuclear
"ff worthless just end",0.99,Nuclear
"plz quit logging out",0.99,Nuclear
"get out fucked terrible",0.98,Nuclear
"stfu f-k-i-n-g peace out",0.98,Nuclear
"f_ck troll autist",0.97,Nuclear
"fook troll kid",0.97,Nuclear
"f_u_c_k broken feeder",0.98,Nuclear
"kys f _u_ck tilted",0.98,Nuclear
"fucker wtf cunt",0.98,Nuclear
"shitty im leaving bronze",0.98,Nuclear
"drop dead why",0.97,Nuclear
"fkng miserable shitter",0.99,Nuclear
"damn bronze",0.98,Nuclear
"awful bozo",0.98,Nuclear
"get cancer fcked checking out",0.97,Nuclear
"go fck peace out iron",0.98,Nuclear
"shitty finished kid",0.97,Nuclear
"fcked malding whore",0.99,Nuclear
"cope trash",0.99,Nuclear
"its over scum",0.98,Nuclear
"f*cking crazy noob",0.99,Nuclear
"wild braindead",0.97,Nuclear
"cope fukk washed",0.98,Nuclear
"fkng shit autist",0.98,Nuclear
"its over hardstuck",0.98,Nuclear
"bruh whore",0.98,Nuclear
"f k i n g tilted ape",0.99,Nuclear
"cry more mentally ill ggs",0.99,Nuclear
"kill urself f**king nonsense",0.98,Nuclear
"phucking miserable bronze",0.98,Nuclear
"plz quit stop",0.99,Nuclear
"phucking dead slut",0.98,Nuclear
"f -u c-k pathetic kid",0.99,Nuclear
"shitty insane shitter",0.97,Nuclear
"fvck pull the plug trash",0.97,Nuclear
"gtfo worthless garbage",0.99,Nuclear
"go next fkng lmao",0.97,Nuclear
"f u c k i n g gg next loser",0.98,Nuclear
"fukk stepping away",0.97,Nuclear
"f.u.c.k im retiring feeder",0.97,Nuclear
"touch grass fuking chalked",0.99,Nuclear
"brainless shit",0.98,Nuclear
"fuking wack",0.98,Nuclear
"awful moron",0.97,Nuclear
"kys shit",0.99,Nuclear
"ff i give up",0.98,Nuclear
"f _u_ck malding",0.97,Nuclear
"kill urself fck pointless",0.98,Nuclear
"delete game cooked",0.97,Nuclear
"trash scum",0.99,Nuclear
"deleting dog",0.98,Nuclear
"cooked prick",0.99,Nuclear
"seethe please",0.97,Nuclear
"brainless joke",0.99,Nuclear
"pathetic im retiring",0.98,Nuclear
"shitty no more bitch",0.99,Nuclear
"fuck cooked troll",0.98,Nuclear
"f-k-i-n-g nonsense subhuman",0.98,Nuclear
"seethe fucked uninstalling",0.99,Nuclear
"unreal cant take it subhuman",0.99,Nuclear
"shitty disgusting trash",0.98,Nuclear
"uninstalling clown",0.98,Nuclear
"f.u.c.k garbage griefer",0.97,Nuclear
"f _u_ck washed noob",0.98,Nuclear
"fckng end idiot",0.97,Nuclear
"fukk over it",0.98,Nuclear
"cope fucking bs",0.98,Nuclear
"cry more unreal uninstalling",0.98,Nuclear
"get out braindead terrible",0.98,Nuclear
"im quitting noob",0.98,Nuclear
"leave disgusting damn",0.98,Nuclear
"trashy braindead trash",0.99,Nuclear
"f k i n g deleting bitch",0.99,Nuclear
"sit awful",0.97,Nuclear
"fvcking horrible",0.99,Nuclear
"wrap it up noob",0.99,Nuclear
"touch grass useless meaningless",0.97,Nuclear
"fckng wrap it up iron",0.98,Nuclear
"cope f_ck toxic",0.99,Nuclear
"walking away idiot",0.99,Nuclear
"seethe brainless trolling",0.98,Nuclear
"f_u_c_k over slut",0.98,Nuclear
"dogshit insane bitch",0.98,Nuclear
"get out trolling",0.98,Nuclear
"ff pointless",0.98,Nuclear
"cope pathetic worst",0.99,Nuclear
"choke mentally ill why",0.97,Nuclear
"give up ape",0.98,Nuclear
"bruh griefer",0.99,Nuclear
"cry more no more",0.99,Nuclear
"delusional wrap it up",0.98,Nuclear
"neck urself fkng end it all",0.97,Nuclear
"alt f4 literal meaningless",0.98,Nuclear
"braindead checking out",0.98,Nuclear
"fuck awful",0.98,Nuclear
"seethe fuk pull the plug",0.99,Nuclear
"motherfucking stop griefer",0.99,Nuclear
"wrap it up random",0.98,Nuclear
"finished idiot",0.98,Nuclear
"fukk chalked whore",0.99,Nuclear
"quit fook fck",0.98,Nuclear
"gtfo wild",0.98,Nuclear
"fckng cant take it kid",0.99,Nuclear
"disgusting its over",0.98,Nuclear
"horrible noob",0.98,Nuclear
"tilt bozo",0.98,Nuclear
"cancerous peace out idiot",0.98,Nuclear
"crap clown",0.98,Nuclear
"disgusting noob",0.98,Nuclear
"fck im done bitch",0.99,Nuclear
"kys fkk worst",0.97,Nuclear
"disgusting logging out troll",0.98,Nuclear
"shitty dead scum",0.97,Nuclear
"log off useless pointless",0.99,Nuclear
"go next useless",0.98,Nuclear
"phucking insane shitter",0.97,Nuclear
"log off f k i n g worst",0.98,Nuclear
"fker fck mong",0.98,Nuclear
"get out fuck damn",0.98,Nuclear
"shut up fuking its over",0.99,Nuclear
"drop dead f*cking sht",0.98,Nuclear
"fuck malding",0.98,Nuclear
"fckn stepping away hardstuck",0.99,Nuclear
"cope fok miserable",0.99,Nuclear
"shitty pathetic animal",0.97,Nuclear
"dogshit just end bastard",0.99,Nuclear
"cope literal cant anymore",0.98,Nuclear
"fckng wtf",0.98,Nuclear
"absolute wild feeder",0.99,Nuclear
"ff f -u c-k make it stop",0.98,Nuclear
"f.u.c.k joke kid",0.98,Nuclear
"shutup f_u_c_k lmao",0.97,Nuclear
"actual toxic mong",0.98,Nuclear
"sit shitty no more",0.98,Nuclear
"log off phucking trash",0.97,Nuclear
"f k i n g damn bozo",0.99,Nuclear
"get out f u c k tilted",0.98,Nuclear
"shutup pathetic",0.98,Nuclear
"touch grass f*ck walking away",0.98,Nuclear
"f-k-i-n-g braindead troll",0.98,Nuclear
"f u c k joke moron",0.98,Nuclear
"why bot",0.99,Nuclear
"neck urself f*cking hell",0.98,Nuclear
"get out go fck its over",0.98,Nuclear
"shutup f -u c-k garbage",0.98,Nuclear
"f**k troll random",0.99,Nuclear
"mentally ill trash dick",0.99,Nuclear
"cope f u c k i n g washed",0.99,Nuclear
"bullshit garbage",0.98,Nuclear
"f u c k bruh trash",0.99,Nuclear
"exhausting cancer",0.97,Nuclear
"unreal tragic",0.99,Nuclear
"dodge trashy chalked",0.98,Nuclear
"fok over trash",0.97,Nuclear
"drop dead no more",0.98,Nuclear
"go next brainless over",0.98,Nuclear
"f*ck broken retard",0.98,Nuclear
"awful cancer",0.98,Nuclear
"sit f_ck fuck",0.98,Nuclear
"trashy wild dog",0.98,Nuclear
"literal washed scum",0.99,Nuclear
"f _u_ck done slut",0.99,Nuclear
"log off fckn worst",0.98,Nuclear
"get cancer worthless ggs",0.99,Nuclear
"motherfucking tilted griefer",0.99,Nuclear
"log off f_u_c_k wack",0.98,Nuclear
"seethe fuck horrible",0.99,Nuclear
"drop dead had enough",0.98,Nuclear
"horseshit awful bastard",0.98,Nuclear
"unreal ggs hardstuck",0.99,Nuclear
"stfu fckn ggs",0.99,Nuclear
"trashy end",0.98,Nuclear
"f u c k gg whore",0.98,Nuclear
"motherfucking done freak",0.99,Nuclear
"broken cancer",0.98,Nuclear
"shut up fckng tragic",0.98,Nuclear
"go next f_u_c_k chalked",0.97,Nuclear
"ggs pussy",0.97,Nuclear
"fcking broken noob",0.99,Nuclear
"fuk end it all random",0.98,Nuclear
"fkng garbage bastard",0.98,Nuclear
"disgusting its over npc",0.98,Nuclear
"ff fcking pull the plug",0.98,Nuclear
"horseshit done for retard",0.98,Nuclear
"mfing washed feeder",0.97,Nuclear
"fkk walking away ape",0.98,Nuclear
"fok peace out",0.99,Nuclear
"literal stepping away prick",0.98,Nuclear
"brainless pull the plug tumor",0.98,Nuclear
"alt f4 braindead useless",0.97,Nuclear
"unreal end garbage",0.99,Nuclear
"fvcking im quitting cunt",0.98,Nuclear
"checking out trash",0.98,Nuclear
"kys fck im gone",0.99,Nuclear
"get cancer fuking terrible",0.99,Nuclear
"fvck fuck idiot",0.98,Nuclear
"go next fook terrible",0.98,Nuclear
"choke shut it down",0.97,Nuclear
"cringe fck",0.98,Nuclear
"lmao prick",0.99,Nuclear
"fook dead trash",0.98,Nuclear
"fcked garbage",0.98,Nuclear
"leave fukk cant take it",0.99,Nuclear
"go next fucked dead",0.98,Nuclear
"troll noob",0.98,Nuclear
"sht loser",0.99,Nuclear
"end it all freak",0.98,Nuclear
"log off motherfucking stepping away",0.98,Nuclear
"neck urself motherfucking please",0.98,Nuclear
"fucking tilt scum",0.97,Nuclear
"choke wild",0.97,Nuclear
"leave toxic",0.97,Nuclear
"useless noob",0.98,Nuclear
"kill urself fcking broken",0.99,Nuclear
"fucker meaningless dick",0.98,Nuclear
"uninstall ridiculous",0.99,Nuclear
"seethe im done",0.99,Nuclear
"quit f -u c-k washed",0.99,Nuclear
"seethe pathetic tragic",0.99,Nuclear
"log off fukk trolling",0.97,Nuclear
"alt f4 wrap it up",0.98,Nuclear
"deleting hardstuck",0.99,Nuclear
"uninstall toxic give up",0.99,Nuclear
"pathetic over it troll",0.97,Nuclear
"stfu f**k logging out",0.97,Nuclear
"mentally ill done for",0.98,Nuclear
"fcked why idiot",0.99,Nuclear
"terrible cancer",0.97,Nuclear
"vile exhausting bastard",0.97,Nuclear
"crazy mong",0.97,Nuclear
"kill urself f_u_c_k insane",0.98,Nuclear
"awful subhuman",0.98,Nuclear
"f.u.c.k trash noob",0.98,Nuclear
"stfu tilted",0.98,Nuclear
"bullshit uninstalling",0.99,Nuclear
"f k i n g finished",0.99,Nuclear
"cry more literal braindead",0.98,Nuclear
"literal exhausting",0.97,Nuclear
"fkk wtf",0.98,Nuclear
"f*cking just end",0.97,Nuclear
"f**king ggs trash",0.97,Nuclear
"dodge f**k garbage",0.98,Nuclear
"f _u_ck ggs idiot",0.97,Nuclear
"cope trolling",0.98,Nuclear
"ridiculous imbecile",0.97,Nuclear
"dogshit pointless whore",0.98,Nuclear
"delete game f-u-c-k over",0.99,Nuclear
"just end bronze",0.97,Nuclear
"kill urself actual cant anymore",0.97,Nuclear
"delete game fvcking disgusting",0.98,Nuclear
"plz quit omfg",0.98,Nuclear
"literal had enough idiot",0.97,Nuclear
"no more griefer",0.97,Nuclear
"insane idiot",0.99,Nuclear
"wtf prick",0.98,Nuclear
"phuck its over idiot",0.98,Nuclear
"go next worthless insane",0.98,Nuclear
"leave cancerous done",0.99,Nuclear
"delusional wack clown",0.97,Nuclear
"worst autist",0.98,Nuclear
"drop dead fcked pathetic",0.99,Nuclear
"fkng make it stop trash",0.98,Nuclear
"literal shut it down animal",0.99,Nuclear
"worthless wtf idiot",0.98,Nuclear
"neck urself useless end",0.98,Nuclear
"f u c k gg",0.98,Nuclear
"motherfucking meaningless imbecile",0.98,Nuclear
"quit go fk disgusting",0.98,Nuclear
"fookin washed bozo",0.99,Nuclear
"gtfo useless",0.98,Nuclear
"awful bot",0.99,Nuclear
"f_ck shut it down scum",0.98,Nuclear
"sit shit",0.98,Nuclear
"uninstall fucked fuck",0.98,Nuclear
"dodge delusional chalked",0.98,Nuclear
"go next delusional insane",0.98,Nuclear
"leave worthless wrap it up",0.98,Nuclear
"fucking make it stop shitter",0.98,Nuclear
"horseshit ridiculous shitter",0.98,Nuclear
"quit f k i n g please",0.97,Nuclear
"horseshit tilt cunt",0.99,Nuclear
"braindead braindead",0.98,Nuclear
"f _u_ck toxic waste",0.98,Nuclear
"pointless noob",0.99,Nuclear
"fookin terrible",0.98,Nuclear
"choke f**king bs",0.98,Nuclear
"get cancer hell",0.99,Nuclear
"trolling bastard",0.98,Nuclear
"f -u c-k crazy",0.99,Nuclear
"kys done",0.99,Nuclear
"fcked washed garbage",0.98,Nuclear
"kys crazy",0.99,Nuclear
"mentally ill braindead kid",0.98,Nuclear
"get out fook fck",0.99,Nuclear
"fuk peace out npc",0.98,Nuclear
"unreal fuck waste",0.98,Nuclear
"gtfo cancerous chalked",0.98,Nuclear
"fcking peace out clown",0.97,Nuclear
"fucker cant take it scum",0.99,Nuclear
"f**k im retiring subhuman",0.97,Nuclear
"fvck omfg dog",0.99,Nuclear
"brainless its over dog",0.98,Nuclear
"ff end",0.97,Nuclear
"fukk dead pussy",0.99,Nuclear
"shutup actual im out",0.98,Nuclear
"dogshit bullshit npc",0.99,Nuclear
"fok chalked freak",0.98,Nuclear
"worthless crazy waste",0.98,Nuclear
"absolute wtf",0.98,Nuclear
"f-u-c-k walking away animal",0.98,Nuclear
"alt f4 done for",0.99,Nuclear
"sit fok exhausting",0.98,Nuclear
"gg next autist",0.98,Nuclear
"phucking cooked idiot",0.97,Nuclear
"unreal done for",0.98,Nuclear
"touch grass fcking finished",0.98,Nuclear
"fking wrap it up",0.97,Nuclear
"kys fker insane",0.97,Nuclear
"plz quit go fk awful",0.99,Nuclear
"shut up ridiculous",0.98,Nuclear
"f_ck trolling trash",0.98,Nuclear
"terrible cunt",0.99,Nuclear
"fok wack iron",0.99,Nuclear
"leave fcking over it",0.98,Nuclear
"stfu trash",0.98,Nuclear
"absolute horrible cancer",0.97,Nuclear
"bruh idiot",0.99,Nuclear
"fukk bullshit moron",0.97,Nuclear
"cope fvck miserable",0.98,Nuclear
"shut up fvck just end",0.98,Nuclear
"f_ck im retiring loser",0.97,Nuclear
"ff f*cking just end",0.98,Nuclear
"f k i n g trolling",0.98,Nuclear
"get out go fck end",0.98,Nuclear
"uninstall mfing peace out",0.98,Nuclear
"mentally ill wild idiot",0.98,Nuclear
"fucker over it",0.98,Nuclear
"broken tumor",0.97,Nuclear
"f_u_c_k wtf dog",0.98,Nuclear
"fckn tragic",0.97,Nuclear
"braindead bastard",0.99,Nuclear
"f**k braindead",0.97,Nuclear
"f_u_c_k tragic scum",0.98,Nuclear
"give up dog",0.98,Nuclear
"alt f4 fkng unlucky",0.99,Nuclear
"trashy sht",0.97,Nuclear
"im leaving cunt",0.97,Nuclear
"neck urself toxic pathetic",0.98,Nuclear
"phuck peace out bronze",0.97,Nuclear
"fukking terrible",0.98,Nuclear
"phucking crazy slut",0.98,Nuclear
"dogshit end it all scum",0.98,Nuclear
"ff f-k-i-n-g pathetic",0.99,Nuclear
"shut up had enough",0.99,Nuclear
"cope bs",0.97,Nuclear
"literal cant anymore hardstuck",0.98,Nuclear
"kys f_u_c_k braindead",0.97,Nuclear
"gtfo f*ck bullshit",0.99,Nuclear
"go next over it",0.98,Nuclear
"toxic ggs",0.98,Nuclear
"fck mong",0.97,Nuclear
"alt f4 fker im leaving",0.98,Nuclear
"go next phucking bruh",0.98,Nuclear
"fckng bruh dog",0.99,Nuclear
"seethe cringe chalked",0.98,Nuclear
"fkng toxic autist",0.97,Nuclear
"dodge why",0.99,Nuclear
"shut up dead",0.98,Nuclear
"fkng nonsense",0.97,Nuclear
"seethe no more",0.98,Nuclear
"worthless chalked dick",0.98,Nuclear
"f_ck bruh",0.98,Nuclear
"tragic retard",0.98,Nuclear
"cope ridiculous",0.99,Nuclear
"uninstall done for",0.97,Nuclear
"get cancer f_ck shit",0.97,Nuclear
"get cancer insane wack",0.98,Nuclear
"f.u.c.k stop animal",0.98,Nuclear
"no more bastard",0.98,Nuclear
"get cancer mfing no more",0.98,Nuclear
"fuking disgusting",0.98,Nuclear
"get out fukking finished",0.99,Nuclear
"log off f_cking bruh",0.97,Nuclear
"dodge f-k-i-n-g useless",0.98,Nuclear
"motherfucking end it all bastard",0.99,Nuclear
"worthless end iron",0.97,Nuclear
"stfu cancerous ridiculous",0.98,Nuclear
"sit trashy tragic",0.98,Nuclear
"dodge f_ck horrible",0.98,Nuclear
"trash animal",0.99,Nuclear
"f-u-c-k lmao mong",0.98,Nuclear
"seethe unreal wtf",0.97,Nuclear
"fukk crap dick",0.98,Nuclear
"gtfo had enough",0.98,Nuclear
"kys fkng pathetic",0.98,Nuclear
"plz quit ggs",0.99,Nuclear
"quit fukk garbage",0.99,Nuclear
"f**king horrible whore",0.99,Nuclear
"mentally ill trolling",0.99,Nuclear
"seethe tilt",0.98,Nuclear
"fukking wack",0.99,Nuclear
"cry more shitty stop",0.99,Nuclear
"f_cking washed",0.97,Nuclear
"worst waste",0.98,Nuclear
"no more subhuman",0.98,Nuclear
"unreal give up noob",0.98,Nuclear
"quit f-k-i-n-g gg",0.99,Nuclear
"fcking over griefer",0.98,Nuclear
"plz quit fckn im out",0.97,Nuclear
"phuck i give up slut",0.98,Nuclear
"cope f*cking miserable",0.99,Nuclear
"fking im out hardstuck",0.97,Nuclear
"quit fker over it",0.99,Nuclear
"fucker bullshit troll",0.98,Nuclear
"dodge fvck miserable",0.98,Nuclear
"bruh imbecile",0.98,Nuclear
"get out over it",0.99,Nuclear
"washed dick",0.97,Nuclear
"kill urself fcking exhausting",0.98,Nuclear
"fucked no more retard",0.99,Nuclear
"fvck over it",0.97,Nuclear
"f k i n g stepping away bastard",0.97,Nuclear
"quit delusional broken",0.99,Nuclear
"bullshit retard",0.98,Nuclear
"fuck bullshit prick",0.97,Nuclear
"dodge f.u.c.k walking away",0.98,Nuclear
"kill urself fkk its over",0.99,Nuclear
"stfu fkk shut it down",0.98,Nuclear
"worthless finished subhuman",0.99,Nuclear
"mentally ill just stop",0.98,Nuclear
"pointless troll",0.98,Nuclear
"give up scum",0.97,Nuclear
"horseshit disgusting cunt",0.97,Nuclear
"shut up f*cking peace out",0.99,Nuclear
"ridiculous ape",0.97,Nuclear
"fkng bullshit noob",0.98,Nuclear
"dogshit toxic iron",0.98,Nuclear
"fcked cooked scum",0.99,Nuclear
"tragic cunt",0.99,Nuclear
"f**k ggs tumor",0.98,Nuclear
"get cancer unreal make it stop",0.98,Nuclear
"get out mentally ill useless",0.97,Nuclear
"fukking toxic",0.98,Nuclear
"fukk ggs",0.98,Nuclear
"motherfucking broken",0.98,Nuclear
"ridiculous hardstuck",0.97,Nuclear
"alt f4 useless crazy",0.97,Nuclear
"sit f**k trolling",0.98,Nuclear
"dodge brainless wrap it up",0.97,Nuclear
"cancerous broken",0.98,Nuclear
"pull the plug idiot",0.99,Nuclear
"stfu f*cking tilt",0.98,Nuclear
"sit end",0.99,Nuclear
"toxic ridiculous",0.99,Nuclear
"brainless broken animal",0.98,Nuclear
"fok nonsense",0.97,Nuclear
"ff brainless wild",0.98,Nuclear
"seethe literal bruh",0.98,Nuclear
"f**king cant take it",0.98,Nuclear
"literal cooked hardstuck",0.98,Nuclear
"phuck cooked cunt",0.97,Nuclear
"get out pull the plug",0.98,Nuclear
"fker wtf",0.98,Nuclear
"alt f4 insane",0.98,Nuclear
"fvck miserable braindead",0.98,Nuclear
"cry more f*cking finished",0.98,Nuclear
"braindead bullshit idiot",0.98,Nuclear
"fukk toxic whore",0.98,Nuclear
"cancerous awful mong",0.98,Nuclear
"fook cooked",0.98,Nuclear
"cry more brainless ggs",0.97,Nuclear
"touch grass phucking fck",0.99,Nuclear
"fvcking terrible",0.99,Nuclear
"leave f _u_ck washed",0.97,Nuclear
"fuking just stop cancer",0.99,Nuclear
"gtfo f_u_c_k joke",0.97,Nuclear
"neck urself no more",0.97,Nuclear
"sit f**king braindead",0.97,Nuclear
"toxic sht",0.99,Nuclear
"wtf tumor",0.99,Nuclear
"drop dead f_u_c_k cooked",0.98,Nuclear
"bullshit stepping away",0.98,Nuclear
"dammit loser",0.98,Nuclear
"dogshit worst freak",0.99,Nuclear
"insane just end feeder",0.98,Nuclear
"shutup garbage",0.99,Nuclear
"joke troll",0.98,Nuclear
"hell imbecile",0.99,Nuclear
"fker sht slut",0.97,Nuclear
"brainless braindead",0.97,Nuclear
"get cancer fkk horrible",0.98,Nuclear
"lmao retard",0.98,Nuclear
"go fck ggs cunt",0.98,Nuclear
"cope fuking peace out",0.97,Nuclear
"f*cking gg next whore",0.99,Nuclear
"fukking shit npc",0.98,Nuclear
"vile gg next",0.98,Nuclear
"seethe fok tilt",0.97,Nuclear
"seethe sht",0.98,Nuclear
"vile toxic dick",0.99,Nuclear
"useless freak",0.98,Nuclear
"over trash",0.99,Nuclear
"f u c k i n g checking out",0.97,Nuclear
"literal uninstalling",0.98,Nuclear
"done for bozo",0.97,Nuclear
"ff trashy i give up",0.99,Nuclear
"literal shut it down tumor",0.97,Nuclear
"fvck miserable moron",0.97,Nuclear
"alt f4 fvcking toxic",0.97,Nuclear
"fvcking cant anymore garbage",0.99,Nuclear
"braindead malding",0.98,Nuclear
"cry more fvcking toxic",0.98,Nuclear
"uninstall fucking tragic",0.97,Nuclear
"useless make it stop",0.98,Nuclear
"cope fookin tilt",0.99,Nuclear
"fcked i give up clown",0.98,Nuclear
"quit mentally ill make it stop",0.97,Nuclear
"shut up f u c k washed",0.97,Nuclear
"kys fucked ggs",0.98,Nuclear
"fuk i give up",0.98,Nuclear
"go next f*ck gg",0.98,Nuclear
"gtfo actual garbage",0.98,Nuclear
"delete game f -u c-k damn",0.97,Nuclear
"fucked give up animal",0.99,Nuclear
"stfu f**king shit",0.98,Nuclear
"f*cking crap",0.98,Nuclear
"motherfucking gg",0.99,Nuclear
"fok nonsense retard",0.97,Nuclear
"fuck please freak",0.99,Nuclear
"go next brainless omfg",0.99,Nuclear
"kill urself im out",0.99,Nuclear
"f_ck terrible cancer",0.98,Nuclear
"fuking pathetic",0.98,Nuclear
"fucking checking out bozo",0.98,Nuclear
"absolute im out bronze",0.98,Nuclear
"f*cking garbage",0.98,Nuclear
"f-u-c-k sht kid",0.98,Nuclear
"fker tilt",0.98,Nuclear
"actual useless tumor",0.98,Nuclear
"stfu fcked dead",0.98,Nuclear
"dodge im done",0.97,Nuclear
"f**k done slut",0.98,Nuclear
"fking exhausting mong",0.98,Nuclear
"alt f4 f_u_c_k braindead",0.97,Nuclear
"f u c k i n g braindead",0.97,Nuclear
"shitty im leaving shitter",0.97,Nuclear
"disgusting random",0.98,Nuclear
"f-u-c-k exhausting bastard",0.99,Nuclear
"f-u-c-k miserable",0.99,Nuclear
"fukk done",0.99,Nuclear
"get out actual wild",0.98,Nuclear
"fukking cooked hardstuck",0.98,Nuclear
"f_cking end bitch",0.99,Nuclear
"shut up go fk give up",0.97,Nuclear
"f-k-i-n-g logging out freak",0.98,Nuclear
"shut up shitty sht",0.98,Nuclear
"shutup insane",0.98,Nuclear
"kys fucker end",0.98,Nuclear
"get cancer f*cking meaningless",0.98,Nuclear
"delete game worst",0.98,Nuclear
"seethe joke",0.98,Nuclear
"kys cooked",0.98,Nuclear
"fckng deleting subhuman",0.98,Nuclear
"gtfo fuk im retiring",0.97,Nuclear
"stfu vile disgusting",0.97,Nuclear
"delete game disgusting",0.97,Nuclear
"cancerous please",0.97,Nuclear
"f-u-c-k im leaving noob",0.98,Nuclear
"f-u-c-k bruh imbecile",0.97,Nuclear
"bullshit stepping away clown",0.98,Nuclear
"f u c k wild noob",0.98,Nuclear
"shut up give up",0.98,Nuclear
"fckn done bot",0.98,Nuclear
"seethe useless hell",0.99,Nuclear
"get cancer fcked just stop",0.97,Nuclear
"f_u_c_k fuck moron",0.98,Nuclear
"fckn just end feeder",0.98,Nuclear
"peace out noob",0.99,Nuclear
"horseshit trash loser",0.99,Nuclear
"dogshit why troll",0.99,Nuclear
"fvck toxic whore",0.97,Nuclear
"f**king pointless ape",0.99,Nuclear
"troll ape",0.98,Nuclear
"fucker im leaving noob",0.97,Nuclear
"log off f_ck tilted",0.99,Nuclear
"braindead toxic iron",0.98,Nuclear
"plz quit fucked cant anymore",0.99,Nuclear
"seethe vile tilted",0.98,Nuclear
"dodge fuck pull the plug",0.97,Nuclear
"get cancer braindead ridiculous",0.97,Nuclear
"shitty deleting bronze",0.97,Nuclear
"kill urself fckn im quitting",0.97,Nuclear
"leave fckn checking out",0.99,Nuclear
"shut it down shitter",0.99,Nuclear
"vile walking away",0.99,Nuclear
"dodge f*cking cant anymore",0.98,Nuclear
"fking its over",0.99,Nuclear
"absolute nonsense moron",0.99,Nuclear
"fuk lmao",0.97,Nuclear
"dead slut",0.98,Nuclear
"fukking end animal",0.97,Nuclear
"touch grass go fk give up",0.98,Nuclear
"insane terrible bitch",0.99,Nuclear
"cancerous im leaving",0.99,Nuclear
"kill urself f_u_c_k toxic",0.98,Nuclear
"pathetic im leaving prick",0.98,Nuclear
"alt f4 i give up",0.97,Nuclear
"fuck checking out scum",0.98,Nuclear
"shutup insane worst",0.99,Nuclear
"pathetic cooked iron",0.97,Nuclear
"touch grass go fk tragic",0.98,Nuclear
"get out useless",0.99,Nuclear
"useless whore",0.97,Nuclear
"fking useless",0.98,Nuclear
"fking im quitting autist",0.98,Nuclear
"f.u.c.k cooked ape",0.99,Nuclear
"f**k no more",0.98,Nuclear
"braindead over it noob",0.99,Nuclear
"go fck sht waste",0.98,Nuclear
"shutup shitty malding",0.98,Nuclear
"fker deleting bozo",0.99,Nuclear
"fukking tilt",0.99,Nuclear
"pull the plug bozo",0.99,Nuclear
"sit phucking logging out",0.98,Nuclear
"ff fkng uninstalling",0.98,Nuclear
"fuck hardstuck",0.98,Nuclear
"f*ck dead bronze",0.98,Nuclear
"shut up mfing shit",0.98,Nuclear
"shutup washed",0.97,Nuclear
"insane hardstuck",0.99,Nuclear
"choke cant anymore",0.97,Nuclear
"wild slut",0.98,Nuclear
"sit f**k just end",0.97,Nuclear
"plz quit fok insane",0.98,Nuclear
"omfg hardstuck",0.99,Nuclear
"toxic toxic bronze",0.97,Nuclear
"get cancer fckng pointless",0.99,Nuclear
"touch grass f _u_ck done",0.97,Nuclear
"drop dead vile pull the plug",0.98,Nuclear
"get out fkng cant take it",0.98,Nuclear
"fckng logging out shitter",0.98,Nuclear
"cry more fookin chalked",0.98,Nuclear
"actual tilted mong",0.97,Nuclear
"f-k-i-n-g exhausting",0.99,Nuclear
"sit fukk garbage",0.99,Nuclear
"quit motherfucking done for",0.98,Nuclear
"gg mong",0.99,Nuclear
"f -u c-k trolling",0.98,Nuclear
"plz quit fukking wild",0.99,Nuclear
"f**k miserable moron",0.99,Nuclear
"fvcking log off",0.97,Nuclear
"f_ck end it all npc",0.97,Nuclear
"delete game brainless crazy",0.99,Nuclear
"f-u-c-k unlucky noob",0.97,Nuclear
"crap autist",0.99,Nuclear
"f_u_c_k tilted clown",0.97,Nuclear
"cry more fucking tilted",0.99,Nuclear
"chalked trash",0.99,Nuclear
"drop dead f k i n g washed",0.97,Nuclear
"shut up damn",0.99,Nuclear
"f*cking its over",0.98,Nuclear
"log off f**k worst",0.99,Nuclear
"leave f.u.c.k had enough",0.97,Nuclear
"plz quit fukking over it",0.97,Nuclear
"f _u_ck exhausting freak",0.98,Nuclear
"cope fvck exhausting",0.99,Nuclear
"f_cking unlucky bot",0.99,Nuclear
"insane wrap it up whore",0.98,Nuclear
"insane give up cancer",0.99,Nuclear
"cry more fck disgusting",0.97,Nuclear
"quit insane",0.98,Nuclear
"trashy damn",0.97,Nuclear
"toxic disgusting dog",0.99,Nuclear
"cringe deleting",0.97,Nuclear
"go fk trolling griefer",0.98,Nuclear
"miserable griefer",0.98,Nuclear
"f_ck gg next bot",0.99,Nuclear
"finished freak",0.98,Nuclear
"absolute no more idiot",0.97,Nuclear
"f u c k i n g sht",0.98,Nuclear
"fck joke clown",0.97,Nuclear
"delete game disgusting uninstalling",0.97,Nuclear
"delete game fckng terrible",0.98,Nuclear
"seethe fukk im leaving",0.99,Nuclear
"fok done clown",0.98,Nuclear
"finished animal",0.98,Nuclear
"shitty stepping away imbecile",0.98,Nuclear
"f**king please cancer",0.98,Nuclear
"fok terrible",0.99,Nuclear
"actual ridiculous griefer",0.98,Nuclear
"fking insane bitch",0.97,Nuclear
"log off fckn please",0.98,Nuclear
"shutup shit",0.97,Nuclear
"shitty braindead shitter",0.98,Nuclear
"hell slut",0.98,Nuclear
"fok washed retard",0.98,Nuclear
"go next fking logging out",0.99,Nuclear
"mfing joke retard",0.97,Nuclear
"kill urself delusional washed",0.99,Nuclear
"motherfucking tragic cancer",0.98,Nuclear
"gg npc",0.98,Nuclear
"f k i n g i give up garbage",0.99,Nuclear
"brainless im gone feeder",0.97,Nuclear
"leave mentally ill im retiring",0.98,Nuclear
"fuk deleting slut",0.99,Nuclear
"literal chalked dick",0.99,Nuclear
"fvck stepping away",0.99,Nuclear
"absolute hell hardstuck",0.97,Nuclear
"touch grass f u c k i n g end",0.98,Nuclear
"fkng bs ape",0.98,Nuclear
"finished hardstuck",0.98,Nuclear
"worthless chalked bitch",0.99,Nuclear
"f _u_ck why noob",0.99,Nuclear
"fcking braindead mong",0.98,Nuclear
"gtfo fker just end",0.98,Nuclear
"fookin tilt iron",0.98,Nuclear
"finished tumor",0.98,Nuclear
"joke mong",0.99,Nuclear
"shutup f -u c-k uninstalling",0.98,Nuclear
"fker disgusting",0.99,Nuclear
"leave f*cking stepping away",0.98,Nuclear
"worst feeder",0.98,Nuclear
"fuk pull the plug bot",0.97,Nuclear
"shutup shitty no more",0.98,Nuclear
"shut up cringe meaningless",0.97,Nuclear
"literal over waste",0.98,Nuclear
"alt f4 ridiculous",0.98,Nuclear
"pathetic sht clown",0.97,Nuclear
"f_cking disgusting cunt",0.98,Nuclear
"kys literal done for",0.98,Nuclear
"shutup f u c k wild",0.97,Nuclear
"dodge im retiring",0.98,Nuclear
"over it pussy",0.98,Nuclear
"cry more f-k-i-n-g im retiring",0.98,Nuclear
"f -u c-k hell",0.98,Nuclear
"ff fucker insane",0.99,Nuclear
"cant anymore prick",0.97,Nuclear
"toxic scum",0.97,Nuclear
"trolling imbecile",0.97,Nuclear
"literal im gone bot",0.98,Nuclear
"worthless please freak",0.97,Nuclear
"fucker wrap it up",0.98,Nuclear
"gtfo bullshit had enough",0.98,Nuclear
"fuck finished freak",0.99,Nuclear
"worthless cant anymore noob",0.97,Nuclear
"f _u_ck done for idiot",0.98,Nuclear
"fucked crap dog",0.98,Nuclear
"gtfo dogshit deleting",0.99,Nuclear
"gg freak",0.98,Nuclear
"fcking its over pussy",0.98,Nuclear
"crap animal",0.98,Nuclear
"f-u-c-k hell",0.97,Nuclear
"actual nonsense braindead",0.97,Nuclear
"mfing lmao retard",0.97,Nuclear
"wack garbage",0.97,Nuclear
"insane im gone bozo",0.97,Nuclear
"delusional deleting trash",0.97,Nuclear
"absolute meaningless",0.98,Nuclear
"leave braindead done",0.98,Nuclear
"toxic horrible scum",0.97,Nuclear
"fckn log off scum",0.97,Nuclear
"pathetic wack",0.98,Nuclear
"trashy log off",0.97,Nuclear
"fcking wack loser",0.97,Nuclear
"cope damn",0.98,Nuclear
"f-u-c-k wack ape",0.98,Nuclear
"f u c k pull the plug",0.98,Nuclear
"f-k-i-n-g tilt whore",0.99,Nuclear
"f**king end it all prick",0.97,Nuclear
"fucked bs slut",0.98,Nuclear
"get out fkng over",0.99,Nuclear
"fucked shut it down",0.98,Nuclear
"f u c k i n g dead bastard",0.98,Nuclear
"go fck stop",0.98,Nuclear
"kill urself wtf",0.97,Nuclear
"f_u_c_k over bozo",0.98,Nuclear
"go next f-k-i-n-g im done",0.98,Nuclear
"gtfo fucker washed",0.98,Nuclear
"gtfo fvcking trash",0.98,Nuclear
"leave fukking checking out",0.98,Nuclear
"actual worst bitch",0.97,Nuclear
"brainless troll moron",0.97,Nuclear
"fkng log off loser",0.98,Nuclear
"dodge actual stepping away",0.98,Nuclear
"shutup fuck please",0.98,Nuclear
"fcked damn pussy",0.98,Nuclear
"pathetic worst shitter",0.97,Nuclear
"f _u_ck chalked feeder",0.98,Nuclear
"fucking toxic",0.98,Nuclear
"shutup fuk chalked",0.97,Nuclear
"mfing uninstalling imbecile",0.97,Nuclear
"fok logging out",0.98,Nuclear
"shut up end it all",0.98,Nuclear
"cringe ggs cunt",0.97,Nuclear
"f _u_ck chalked kid",0.99,Nuclear
"horseshit deleting loser",0.99,Nuclear
"motherfucking braindead",0.99,Nuclear
"cry more stop",0.99,Nuclear
"get out meaningless",0.97,Nuclear
"leave bullshit stop",0.99,Nuclear
"get out shit",0.99,Nuclear
"pointless moron",0.98,Nuclear
"gtfo actual give up",0.98,Nuclear
"plz quit delusional im quitting",0.98,Nuclear
"ff f_u_c_k finished",0.97,Nuclear
"bullshit joke",0.99,Nuclear
"fcked meaningless",0.98,Nuclear
"cancerous awful idiot",0.98,Nuclear
"f*ck peace out loser",0.99,Nuclear
"literal toxic random",0.99,Nuclear
"mentally ill trash subhuman",0.99,Nuclear
"shitty ridiculous bot",0.98,Nuclear
"fkk damn",0.98,Nuclear
"fkk ggs kid",0.98,Nuclear
"f.u.c.k its over",0.98,Nuclear
"seethe checking out",0.99,Nuclear
"drop dead fook broken",0.98,Nuclear
"dodge f _u_ck shit",0.97,Nuclear
"unreal make it stop pussy",0.99,Nuclear
"sit toxic im done",0.98,Nuclear
"dodge pathetic trash",0.98,Nuclear
"cringe worst shitter",0.97,Nuclear
"sit f k i n g wild",0.99,Nuclear
"vile insane cunt",0.99,Nuclear
"f_u_c_k toxic ape",0.98,Nuclear
"f.u.c.k walking away",0.97,Nuclear
"stfu wack",0.98,Nuclear
"over it griefer",0.99,Nuclear
"fuck insane clown",0.99,Nuclear
"f k i n g over it",0.97,Nuclear
"shutup fker gg next",0.98,Nuclear
"washed cancer",0.99,Nuclear
"go fck pathetic braindead",0.99,Nuclear
"actual exhausting slut",0.98,Nuclear
"delete game actual trolling",0.98,Nuclear
"stfu worthless insane",0.99,Nuclear
"uninstall fok over it",0.98,Nuclear
"fck iron",0.97,Nuclear
"leave fucked horrible",0.98,Nuclear
"fckn joke random",0.98,Nuclear
"just stop imbecile",0.97,Nuclear
"actual wack tumor",0.97,Nuclear
"log off f**king bullshit",0.97,Nuclear
"quit fukking done",0.98,Nuclear
"get out finished",0.98,Nuclear
"fking chalked autist",0.97,Nuclear
"alt f4 fkng tragic",0.97,Nuclear
"fckng its over",0.97,Nuclear
"kys go fk just end",0.99,Nuclear
"drop dead disgusting tilt",0.98,Nuclear
"get cancer awful",0.98,Nuclear
"get out go fck worst",0.99,Nuclear
"get cancer absolute garbage",0.99,Nuclear
"alt f4 f -u c-k meaningless",0.98,Nuclear
"shutup fuking checking out",0.98,Nuclear
"f u c k i n g cooked",0.98,Nuclear
"f k i n g gg next bozo",0.98,Nuclear
"dodge f u c k im quitting",0.98,Nuclear
"just stop waste",0.99,Nuclear
"fookin had enough waste",0.97,Nuclear
"cringe log off imbecile",0.97,Nuclear
"log off fuck gg next",0.98,Nuclear
"shutup mentally ill joke",0.98,Nuclear
"fok tilt tumor",0.97,Nuclear
"ff dogshit wild",0.97,Nuclear
"cry more mfing done",0.98,Nuclear
"fucker horrible",0.98,Nuclear
"cry more mentally ill wild",0.98,Nuclear
"log off fukk cant anymore",0.97,Nuclear
"joke random",0.97,Nuclear
"kys just end",0.97,Nuclear
"cancerous chalked feeder",0.98,Nuclear
"alt f4 fuk over",0.97,Nuclear
"fcking end it all iron",0.97,Nuclear
"mfing im quitting noob",0.98,Nuclear
"f -u c-k damn",0.98,Nuclear
"fvck miserable npc",0.98,Nuclear
"get cancer fkng please",0.99,Nuclear
"delusional joke clown",0.98,Nuclear
"chalked bot",0.97,Nuclear
"fukk stop",0.98,Nuclear
"alt f4 f.u.c.k im gone",0.97,Nuclear
"f u c k chalked prick",0.97,Nuclear
"logging out whore",0.98,Nuclear
"fukking joke waste",0.97,Nuclear
"insane dammit",0.98,Nuclear
"fvck lmao prick",0.98,Nuclear
"f**k useless",0.98,Nuclear
"cope go fck stop",0.98,Nuclear
"disgusting done hardstuck",0.98,Nuclear
"f-k-i-n-g chalked",0.98,Nuclear
"fcked finished waste",0.99,Nuclear
"neck urself f k i n g gg next",0.97,Nuclear
"motherfucking done for whore",0.98,Nuclear
"go fck washed subhuman",0.97,Nuclear
"alt f4 literal pointless",0.97,Nuclear
"f.u.c.k malding iron",0.97,Nuclear
"fuking give up",0.97,Nuclear
"plz quit insane crazy",0.98,Nuclear
"get out end",0.99,Nuclear
"dogshit garbage bitch",0.99,Nuclear
"alt f4 actual dammit",0.98,Nuclear
"unlucky dick",0.98,Nuclear
"delusional dead",0.99,Nuclear
"fking please mong",0.97,Nuclear
"peace out mong",0.98,Nuclear
"deleting prick",0.98,Nuclear
"deleting troll",0.98,Nuclear
"ff fucker im out",0.98,Nuclear
"over random",0.99,Nuclear
"gtfo f-u-c-k washed",0.99,Nuclear
"fck subhuman",0.97,Nuclear
"stepping away bastard",0.99,Nuclear
"fucker im done",0.98,Nuclear
"stepping away prick",0.99,Nuclear
"toxic tragic retard",0.97,Nuclear
"kys i give up",0.97,Nuclear
"fukking malding",0.98,Nuclear
"cope disgusting washed",0.97,Nuclear
"delete game f u c k give up",0.98,Nuclear
"fckng tragic loser",0.97,Nuclear
"shitty pull the plug",0.97,Nuclear
"drop dead fukking pointless",0.99,Nuclear
"leave f-u-c-k shut it down",0.98,Nuclear
"actual worst slut",0.99,Nuclear
"f u c k horrible noob",0.97,Nuclear
"get out broken",0.97,Nuclear
"im leaving tumor",0.97,Nuclear
"cancerous deleting griefer",0.98,Nuclear
"had enough scum",0.98,Nuclear
"braindead pull the plug idiot",0.99,Nuclear
"uninstall fucking please",0.97,Nuclear
"seethe useless im leaving",0.99,Nuclear
"vile crap shitter",0.98,Nuclear
"fuck garbage",0.98,Nuclear
"f -u c-k tilt",0.97,Nuclear
"ff fuk broken",0.98,Nuclear
"get cancer f*cking wild",0.98,Nuclear
"absolute cant anymore subhuman",0.99,Nuclear
"phuck meaningless",0.98,Nuclear
"go next f u c k i n g washed",0.99,Nuclear
"braindead damn bronze",0.98,Nuclear
"touch grass cooked",0.98,Nuclear
"neck urself pathetic give up",0.97,Nuclear
"dogshit gg",0.99,Nuclear
"fker wild dog",0.98,Nuclear
"terrible troll",0.99,Nuclear
"fckng troll troll",0.97,Nuclear
"fcking ridiculous subhuman",0.99,Nuclear
"actual disgusting hardstuck",0.99,Nuclear
"log off insane make it stop",0.97,Nuclear
"shut up bs",0.98,Nuclear
"get cancer braindead over",0.97,Nuclear
"fckng pull the plug",0.99,Nuclear
"fckn uninstalling mong",0.98,Nuclear
"fking why",0.99,Nuclear
"seethe end it all",0.98,Nuclear
"insane washed",0.99,Nuclear
"ff motherfucking i give up",0.98,Nuclear
"fuck no more waste",0.98,Nuclear
"ridiculous idiot",0.99,Nuclear
"drop dead dogshit done",0.98,Nuclear
"motherfucking shit",0.98,Nuclear
"alt f4 fckng meaningless",0.97,Nuclear
"phucking pointless",0.98,Nuclear
"f-u-c-k useless",0.99,Nuclear
"fck give up freak",0.99,Nuclear
"shut up fukk bs",0.97,Nuclear
"go fk peace out mong",0.99,Nuclear
"sit im gone",0.98,Nuclear
"insane ggs feeder",0.97,Nuclear
"f_cking stop feeder",0.99,Nuclear
"braindead finished npc",0.98,Nuclear
"quit fkng done",0.99,Nuclear
"leave horseshit trolling",0.98,Nuclear
"uninstalling npc",0.98,Nuclear
"fvcking washed kid",0.98,Nuclear
"fukking just stop slut",0.98,Nuclear
"insane washed slut",0.97,Nuclear
"alt f4 fck im gone",0.99,Nuclear
"f.u.c.k trash waste",0.98,Nuclear
"fuck make it stop troll",0.97,Nuclear
"useless miserable bronze",0.98,Nuclear
"disgusting over it animal",0.99,Nuclear
"f-u-c-k shut it down waste",0.98,Nuclear
"dogshit cant take it troll",0.98,Nuclear
"fcked bullshit",0.97,Nuclear
"cry more pathetic trolling",0.98,Nuclear
"kys f_u_c_k dammit",0.99,Nuclear
"fker wtf hardstuck",0.99,Nuclear
"trashy ggs",0.98,Nuclear
"f u c k i n g awful feeder",0.98,Nuclear
"shutup cringe no more",0.99,Nuclear
"leave dammit",0.98,Nuclear
