Content,Score,Category
imho focusing respawn,0.12,Green
engaging barracks,0.13,Green
based spawning rank,0.12,Green
cya invading flag,0.10,Green
mmr leashing shields,0.13,Green
xd leashing guild,0.10,Green
yolo aiming bot,0.10,Green
capping streak,0.10,Green
hp camping aggro,0.12,Green
tmr warding alt,0.10,Green
omw loot,0.10,Green
kek tower,0.12,Green
farming vault,0.12,Green
mia scoreboard,0.13,Green
idk backpack,0.13,Green
sure flag,0.10,Green
drop spawn,0.12,Green
xd pinging scoreboard,0.12,Green
gj sieging perimeter,0.13,Green
rng crouching respawn,0.13,Green
scrim diving nexus,0.10,Green
omw rotating gold,0.13,Green
gz adds,0.13,Green
pog sprinting minions,0.13,Green
imho trio,0.10,Green
sus patrolling lane,0.12,Green
tbh,0.10,Green
noted pulling clan,0.12,Green
inc surrendering cache,0.10,Green
thx sprinting respawn,0.12,Green
sniping mid,0.13,Green
lfp crouching cache,0.10,Green
nah,0.10,Green
gtg baiting nexus,0.10,Green
rofl,0.10,Green
imo diving discord,0.10,Green
mb bridge,0.10,Green
rez selling discord,0.12,Green
gl planting ping,0.10,Green
chill sweeping minions,0.10,Green
draft jungle,0.10,Green
defusing wall,0.13,Green
ez streaming pit,0.10,Green
dc jungling assists,0.10,Green
ama equipping spawn,0.12,Green
customs jungling dps,0.13,Green
leaving ping,0.10,Green
muting wall,0.13,Green
yep respawn,0.13,Green
bbs stats,0.10,Green
flanking chest,0.13,Green
sec stacking streak,0.10,Green
og lagging minimap,0.10,Green
inhouse rushing creeps,0.10,Green
bet lagging bot,0.10,Green
aram sprinting bridge,0.12,Green
lmao joining bot,0.12,Green
thx contesting discord,0.10,Green
dude stats,0.13,Green
eta defend chokepoint,0.10,Green
imo binds,0.10,Green
thx rank,0.10,Green
ready defusing loot,0.13,Green
capping duo,0.10,Green
wp,0.10,Green
pog cache,0.12,Green
nice sweeping match,0.13,Green
countering flank,0.13,Green
inhouse buying perimeter,0.12,Green
reporting queue,0.10,Green
oof sweeping extract,0.10,Green
wdym creeps,0.10,Green
rip,0.12,Green
irl sentry,0.12,Green
oom joining party,0.12,Green
omg sieging stats,0.10,Green
ty chokepoint,0.13,Green
tbf healing leaderboard,0.13,Green
obv selling map,0.12,Green
holding mic,0.12,Green
focusing pit,0.12,Green
wtb grinding cache,0.10,Green
wtb selling top,0.12,Green
close saving binds,0.13,Green
mmr warping jungle,0.12,Green
aoe carrying leaderboard,0.12,Green
gz vault,0.13,Green
leaving discord,0.12,Green
dude sentry,0.12,Green
leashing armor,0.12,Green
wtt voice,0.12,Green
casual meter,0.13,Green
glhf rotating main,0.13,Green
freezing backpack,0.10,Green
defusing armor,0.12,Green
smh swapping settings,0.10,Green
rn backdooring site,0.10,Green
fwiw staggering top,0.12,Green
cya armor,0.13,Green
bbs roaming top,0.12,Green
swapping creeps,0.10,Green
eta queue,0.13,Green
poggers push binds,0.13,Green
fwiw questing route,0.13,Green
equipping bridge,0.13,Green
mb party,0.10,Green
lfg chasing top,0.12,Green
reviving scoreboard,0.12,Green
fed payload,0.13,Green
thx harassing top,0.12,Green
boosting scoreboard,0.13,Green
need lobby,0.13,Green
sus dodging cache,0.13,Green
gj disengaging nerf,0.12,Green
inhouse comms,0.12,Green
wtb,0.13,Green
rofl scouting binds,0.10,Green
ok questing inventory,0.12,Green
aiming cart,0.12,Green
tilt baiting site,0.10,Green
pve payload,0.12,Green
smh trading bridge,0.13,Green
patrolling trio,0.10,Green
close sieging round,0.13,Green
fed spawning chokepoint,0.12,Green
leashing carry,0.10,Green
reloading cooldowns,0.12,Green
lfp healing backpack,0.10,Green
pve escaping nerf,0.10,Green
wp inventory,0.12,Green
standby selling mic,0.12,Green
tbf energy,0.12,Green
idk flag,0.12,Green
kk focusing nexus,0.10,Green
omw camping health,0.13,Green
here lobby,0.12,Green
meta crashing spawn,0.13,Green
noted deaths,0.13,Green
l route,0.10,Green
peeking account,0.13,Green
done reviving route,0.13,Green
tourney chasing cache,0.12,Green
wts backing zone,0.13,Green
tourney lagging inventory,0.13,Green
ofc harassing match,0.10,Green
req patrolling alt,0.10,Green
draft spawning throne,0.10,Green
wait sweeping bridge,0.13,Green
fed tracking main,0.10,Green
roger queueing flag,0.12,Green
rip harassing fountain,0.12,Green
smh sprinting loadout,0.10,Green
deadass,0.12,Green
lol planting chokepoint,0.13,Green
rofl drop chest,0.12,Green
wtb saving extract,0.10,Green
done flanking bot,0.12,Green
inc laning radar,0.12,Green
np checking respawn,0.10,Green
customs rotating inventory,0.12,Green
based scouting comms,0.12,Green
bro lagging trio,0.12,Green
rq tracking health,0.13,Green
soon ping,0.13,Green
cya dueling corner,0.10,Green
rn sliding mic,0.13,Green
league peeling health,0.13,Green
omg guild,0.12,Green
yolo grinding base,0.10,Green
jk tower,0.10,Green
wdym splitpushing pit,0.12,Green
here,0.12,Green
mood pinging flank,0.10,Green
oom drop base,0.10,Green
based crashing binds,0.10,Green
inc zone,0.13,Green
omw boosting payload,0.12,Green
afk planting alt,0.10,Green
wp push inventory,0.10,Green
hype fps,0.13,Green
mmr questing kills,0.12,Green
ranked holding energy,0.10,Green
f freezing buff,0.10,Green
wtb base,0.12,Green
fed dueling voice,0.10,Green
dc rushing round,0.13,Green
diving round,0.10,Green
wya site,0.10,Green
obv invading base,0.12,Green
rez trading fountain,0.10,Green
dc holding adds,0.10,Green
hf throne,0.13,Green
casual shop,0.10,Green
pog freezing flag,0.12,Green
nt capping nerf,0.13,Green
leaving trio,0.10,Green
vaulting zone,0.13,Green
ttyl backdooring spawn,0.10,Green
escorting gold,0.13,Green
rn neutralizing armor,0.12,Green
buying energy,0.13,Green
aram energy,0.12,Green
dced questing creeps,0.12,Green
here anchoring duo,0.12,Green
ggs tracking binds,0.12,Green
bruh spawning meter,0.10,Green
gg streaming creeps,0.12,Green
omg dodging tower,0.13,Green
crashing tunnel,0.10,Green
pve rushing energy,0.13,Green
chill escorting tunnel,0.13,Green
brb backpack,0.12,Green
tourney tracking binds,0.10,Green
wts focusing turret,0.12,Green
ama ulting bombsite,0.12,Green
saving mid,0.13,Green
yolo stats,0.12,Green
noted crashing adds,0.13,Green
stacking fountain,0.13,Green
ez sieging throne,0.12,Green
yolo rotating main,0.10,Green
close peeking round,0.12,Green
reporting route,0.13,Green
bg guild,0.10,Green
ama loadout,0.12,Green
bruh reloading round,0.13,Green
gj reviving discord,0.10,Green
hype pinging payload,0.10,Green
bg warping gold,0.10,Green
ok need nexus,0.12,Green
tbh neutralizing fps,0.10,Green
lfp joining flag,0.12,Green
countering alt,0.10,Green
yep need base,0.12,Green
fed focusing radar,0.13,Green
lagging crate,0.10,Green
og resetting chest,0.13,Green
based mats,0.12,Green
rip scouting angle,0.10,Green
customs selling gold,0.12,Green
defend trio,0.12,Green
customs spraying cart,0.12,Green
dc queueing creeps,0.13,Green
crashing backpack,0.12,Green
warding spawn,0.12,Green
buying buff,0.12,Green
throwing lane,0.10,Green
mia dueling mats,0.13,Green
gl jungling radar,0.13,Green
wow settings,0.10,Green
ig streaming main,0.12,Green
gm throwing turret,0.10,Green
snowballing pit,0.12,Green
ulting account,0.10,Green
hold grinding minions,0.10,Green
jungling chokepoint,0.12,Green
hf loadout,0.10,Green
w respawn,0.10,Green
soon laning lane,0.13,Green
hype leaving route,0.10,Green
lol,0.12,Green
dueling sentry,0.13,Green
cap kiting route,0.13,Green
deadass zone,0.13,Green
k spectating spawn,0.12,Green
rip raiding party,0.13,Green
mb saving mats,0.10,Green
here spectating minions,0.13,Green
close rushing main,0.12,Green
nt poking nerf,0.10,Green
meta contesting pit,0.13,Green
chasing streak,0.13,Green
ok round,0.13,Green
hype streaming queue,0.12,Green
gz map,0.10,Green
lfp pinging point,0.10,Green
hp kiting corner,0.10,Green
freezing pit,0.13,Green
nah assaulting mana,0.13,Green
reporting crystal,0.10,Green
bruh route,0.13,Green
tourney chasing energy,0.12,Green
engaging loadout,0.12,Green
omg planting pit,0.13,Green
laning radar,0.10,Green
checking round,0.10,Green
mood spawning crystal,0.13,Green
pub boosting map,0.10,Green
escaping crate,0.12,Green
omw scouting shields,0.10,Green
ggs crafting backpack,0.10,Green
queueing carry,0.12,Green
aram buying voice,0.13,Green
bruh swapping route,0.13,Green
eta focusing wall,0.12,Green
valid spraying nerf,0.12,Green
defend top,0.12,Green
trading mats,0.12,Green
valid crouching chest,0.10,Green
inc sieging leaderboard,0.10,Green
deadass capping match,0.12,Green
ig fountain,0.12,Green
nah laning boss,0.10,Green
sec escaping flag,0.10,Green
omg ulting crate,0.10,Green
irl joining discord,0.13,Green
tbh streaming stream,0.13,Green
thx resetting bridge,0.10,Green
customs looting smurf,0.10,Green
tilt defend round,0.10,Green
nvm flanking site,0.10,Green
afaik laning duo,0.12,Green
inc xp,0.13,Green
lfg push party,0.10,Green
lowkey buying cart,0.12,Green
lfg throwing duo,0.12,Green
ama disengaging meter,0.12,Green
idc lobby,0.13,Green
cap spectating xp,0.12,Green
wb baiting shields,0.12,Green
omw kiting guild,0.12,Green
sec comms,0.10,Green
omw crashing stats,0.13,Green
lfg joining pit,0.13,Green
countering angle,0.12,Green
league poking adds,0.12,Green
nvm vaulting health,0.13,Green
wait saving lane,0.12,Green
ganking party,0.13,Green
yw base,0.12,Green
og camping point,0.12,Green
tmr pinging kills,0.12,Green
pub cart,0.10,Green
hp staggering ult,0.12,Green
afk escorting top,0.12,Green
meta sliding aggro,0.10,Green
mia streak,0.10,Green
draft stats,0.12,Green
meh smurfing alt,0.10,Green
lfg throwing queue,0.12,Green
ty warping lag,0.12,Green
ff round,0.12,Green
sus peeling corner,0.12,Green
roger aggro,0.10,Green
rofl pinging shields,0.10,Green
wait crystal,0.13,Green
op need pit,0.12,Green
ig kiting dps,0.10,Green
tilt backdooring radar,0.12,Green
hf,0.12,Green
covering minions,0.12,Green
jk stacking inventory,0.12,Green
fr focusing ammo,0.12,Green
gm rotating extract,0.10,Green
copy heals,0.12,Green
gratz scouting heals,0.10,Green
cya pulling tunnel,0.13,Green
fwiw backing gold,0.12,Green
inhouse muting scoreboard,0.12,Green
chasing mid,0.13,Green
f equipping chest,0.10,Green
dc streak,0.13,Green
aoe,0.10,Green
countering smurf,0.13,Green
diff rushing stream,0.12,Green
bg camping armor,0.12,Green
rez meter,0.10,Green
xd vaulting lane,0.12,Green
nah boosting duo,0.10,Green
aram leashing turret,0.13,Green
ranked crystal,0.10,Green
eta streaming tank,0.12,Green
yolo reloading tank,0.10,Green
splitpushing base,0.10,Green
lowkey ambushing nexus,0.10,Green
capping vault,0.12,Green
aoe heals,0.12,Green
here raiding point,0.12,Green
op ulting loadout,0.12,Green
glhf carrying buff,0.10,Green
spraying tunnel,0.10,Green
chill aiming loot,0.10,Green
roaming mats,0.12,Green
ty spectating bot,0.10,Green
f reporting rank,0.10,Green
obv lagging cart,0.13,Green
ty splitpushing xp,0.10,Green
inc backing mats,0.13,Green
poking respawn,0.10,Green
idc stream,0.10,Green
rq focusing mic,0.12,Green
valid lagging trio,0.12,Green
rq vaulting respawn,0.13,Green
cc rotating minimap,0.10,Green
scrim roaming deaths,0.12,Green
nbd trading stream,0.13,Green
defusing cache,0.13,Green
gm crashing perimeter,0.10,Green
gg minions,0.13,Green
eta leashing binds,0.13,Green
deadass mic,0.10,Green
hf map,0.13,Green
league leaderboard,0.13,Green
based peeking top,0.10,Green
holding fps,0.10,Green
hold vault,0.12,Green
wdym escorting smurf,0.12,Green
spawning gold,0.10,Green
standby cart,0.10,Green
og freezing vault,0.13,Green
reloading aggro,0.12,Green
spawning backpack,0.10,Green
cap,0.10,Green
gtg rotating meter,0.10,Green
nbd resetting armor,0.12,Green
afk capping streak,0.12,Green
obv carrying lag,0.12,Green
inc questing radar,0.13,Green
sec neutralizing shields,0.10,Green
crashing mic,0.12,Green
noted crystal,0.12,Green
lowkey ganking squad,0.10,Green
crashing site,0.10,Green
valid radar,0.13,Green
bbs crouching carry,0.13,Green
customs shop,0.10,Green
sliding crystal,0.12,Green
oof trading heals,0.13,Green
holding meter,0.12,Green
ttyl saving bridge,0.12,Green
here splitpushing adds,0.10,Green
grinding top,0.12,Green
kk chasing barracks,0.12,Green
surrendering xp,0.13,Green
gm engaging loot,0.12,Green
ready carrying ping,0.12,Green
gj neutralizing stats,0.13,Green
dueling radar,0.12,Green
dc spawning top,0.12,Green
wp scouting flank,0.12,Green
ty reviving health,0.13,Green
pve perimeter,0.10,Green
rip vaulting kills,0.13,Green
f duo,0.13,Green
flanking choke,0.10,Green
rng escaping health,0.12,Green
tracking tank,0.10,Green
snowballing energy,0.10,Green
wts chasing throne,0.13,Green
yw freezing trio,0.12,Green
kek lag,0.13,Green
nvm support,0.13,Green
zoning throne,0.12,Green
smh anchoring nerf,0.10,Green
pinging lag,0.13,Green
ulting bombsite,0.10,Green
hp escaping account,0.13,Green
dodging cache,0.12,Green
lul rank,0.13,Green
clear escaping cooldowns,0.13,Green
jk defend mic,0.12,Green
questing core,0.13,Green
iirc rushing zone,0.12,Green
diff saving spawn,0.13,Green
imo trading creeps,0.10,Green
tmr shop,0.12,Green
omg camping vault,0.12,Green
ttyl creeps,0.12,Green
tbf grinding kills,0.13,Green
mood jungle,0.12,Green
lul spectating route,0.10,Green
tourney crashing carry,0.12,Green
gm drop crate,0.13,Green
rn sweeping main,0.13,Green
k rotating top,0.10,Green
wts crafting tunnel,0.13,Green
ttyl backing rank,0.10,Green
focusing top,0.10,Green
wtt zoning gold,0.12,Green
nope health,0.10,Green
aram raiding zone,0.12,Green
copy rank,0.12,Green
pvp selling binds,0.13,Green
saving choke,0.10,Green
smh lagging ammo,0.13,Green
stomp defusing deaths,0.12,Green
yw choke,0.13,Green
league capping tower,0.12,Green
aram bridge,0.13,Green
bro trading buff,0.12,Green
ig diving bombsite,0.13,Green
og map,0.13,Green
meh invading mana,0.12,Green
gl warping voice,0.10,Green
w assists,0.12,Green
tbh defend aggro,0.10,Green
k round,0.13,Green
mia farming rank,0.12,Green
gratz contesting settings,0.12,Green
dm cooldowns,0.10,Green
spawning heals,0.12,Green
sliding route,0.13,Green
diff dueling kills,0.10,Green
tbf harassing main,0.10,Green
bbs meter,0.12,Green
gm surrendering main,0.13,Green
leashing respawn,0.12,Green
oom splitpushing duo,0.12,Green
ofc anchoring payload,0.10,Green
oom vault,0.12,Green
cc laning flank,0.12,Green
deadass rushing base,0.13,Green
aoe account,0.12,Green
l trio,0.12,Green
mia ult,0.10,Green
cc carrying discord,0.12,Green
oof loot,0.13,Green
imho stacking nerf,0.12,Green
copy flank,0.13,Green
soon sieging main,0.12,Green
xd swapping point,0.12,Green
ama sliding cooldowns,0.10,Green
bg sentry,0.13,Green
healing bot,0.13,Green
smh crafting boss,0.10,Green
bruh pinging site,0.12,Green
hp throne,0.10,Green
smurfing mid,0.12,Green
ganking minions,0.12,Green
tourney holding bot,0.12,Green
gn warding minions,0.12,Green
disengaging site,0.12,Green
heard,0.12,Green
flanking point,0.13,Green
here staggering corner,0.10,Green
resetting mid,0.13,Green
pub defend carry,0.13,Green
nope sniping cache,0.10,Green
boosting tunnel,0.13,Green
inc freezing fountain,0.13,Green
cc farming base,0.10,Green
oom swapping aggro,0.10,Green
gl loot,0.10,Green
rofl ganking lobby,0.13,Green
xd laning comms,0.10,Green
sniping core,0.13,Green
mood diving leaderboard,0.13,Green
pve spectating bridge,0.10,Green
nt poking scoreboard,0.10,Green
rq,0.10,Green
trading map,0.12,Green
w surrendering nexus,0.12,Green
iirc sieging perimeter,0.13,Green
w rotating smurf,0.13,Green
omg sprinting discord,0.12,Green
xd peeking stream,0.10,Green
tourney crouching heals,0.13,Green
oom selling smurf,0.10,Green
op sieging backpack,0.12,Green
wb vaulting pit,0.10,Green
rotating support,0.12,Green
chill holding match,0.10,Green
ttyl streaming lag,0.13,Green
ig rotating barracks,0.10,Green
pub bombsite,0.13,Green
wow aiming ult,0.13,Green
nope holding vault,0.10,Green
wait ammo,0.12,Green
elo backdooring lane,0.10,Green
bet diving party,0.10,Green
gratz lagging barracks,0.10,Green
customs ulting kills,0.13,Green
eta heals,0.13,Green
gg rotating leaderboard,0.10,Green
nt meter,0.10,Green
fed dueling dps,0.13,Green
omg throwing kills,0.13,Green
wts heals,0.13,Green
stacking guild,0.13,Green
buying radar,0.12,Green
eta holding boss,0.10,Green
mood scoreboard,0.13,Green
splitpushing clan,0.10,Green
gz farming stamina,0.13,Green
rushing zone,0.10,Green
meh drop angle,0.12,Green
ig baiting site,0.12,Green
rushing sentry,0.10,Green
wtt shop,0.10,Green
brb swapping throne,0.10,Green
ama lagging chest,0.10,Green
elo spawning core,0.13,Green
equipping cart,0.12,Green
w push point,0.10,Green
peeking gold,0.12,Green
chasing crystal,0.12,Green
valid leaving crystal,0.12,Green
gj equipping top,0.12,Green
ama crouching trio,0.12,Green
obv vaulting match,0.12,Green
nvm pinging rank,0.13,Green
fr corner,0.10,Green
ty ganking stamina,0.12,Green
diving point,0.10,Green
ulting nerf,0.12,Green
league peeling loot,0.10,Green
mb lag,0.12,Green
spraying clan,0.10,Green
iirc queueing energy,0.10,Green
kek splitpushing barracks,0.12,Green
w stamina,0.12,Green
backing deaths,0.10,Green
oom healing round,0.13,Green
obv crouching site,0.12,Green
meta tunnel,0.12,Green
tbh covering carry,0.12,Green
close selling round,0.10,Green
poggers engaging scoreboard,0.12,Green
brb need health,0.12,Green
noted scouting barracks,0.10,Green
ganking kills,0.12,Green
bet pulling mic,0.13,Green
facts looting base,0.12,Green
patrolling fountain,0.10,Green
staggering turret,0.12,Green
w reloading barracks,0.12,Green
spraying ping,0.12,Green
oom pulling party,0.12,Green
pog vault,0.10,Green
push queue,0.13,Green
lowkey escaping backpack,0.10,Green
obv cart,0.10,Green
nvm countering gold,0.10,Green
diff crouching spawn,0.12,Green
throwing loot,0.10,Green
tourney angle,0.13,Green
ff baiting lag,0.10,Green
w saving stats,0.13,Green
obv ambushing cart,0.13,Green
irl escorting angle,0.10,Green
l radar,0.10,Green
lul,0.12,Green
ez ping,0.10,Green
pvp backdooring stats,0.13,Green
rofl ammo,0.10,Green
wow,0.12,Green
nvm comms,0.13,Green
done buying support,0.13,Green
idk lag,0.12,Green
yep backdooring health,0.13,Green
ready wall,0.10,Green
facts sieging backpack,0.13,Green
bro top,0.12,Green
heard sweeping objective,0.12,Green
based need discord,0.10,Green
lfp alt,0.12,Green
dced engaging account,0.12,Green
dced party,0.12,Green
drop buff,0.12,Green
ok leashing aggro,0.10,Green
gj covering shields,0.12,Green
wtb energy,0.12,Green
diving adds,0.13,Green
yw patrolling settings,0.13,Green
nope holding voice,0.12,Green
pub tracking jungle,0.12,Green
wtt ambushing lobby,0.10,Green
wait trio,0.13,Green
imo stream,0.12,Green
aram,0.12,Green
capping jungle,0.13,Green
raiding aggro,0.12,Green
vgg trading alt,0.10,Green
sniping meter,0.10,Green
aoe mic,0.10,Green
tilt shields,0.12,Green
clear ganking binds,0.13,Green
afk healing stats,0.13,Green
farming extract,0.10,Green
afk stream,0.12,Green
done spectating route,0.12,Green
smh questing account,0.10,Green
fr vaulting mid,0.12,Green
oof focusing bridge,0.12,Green
escaping lane,0.10,Green
reloading spawn,0.10,Green
wb stacking creeps,0.13,Green
mood bot,0.13,Green
gn vaulting binds,0.12,Green
facts payload,0.12,Green
hype surrendering deaths,0.10,Green
jk sieging creeps,0.13,Green
planting deaths,0.10,Green
clear trio,0.13,Green
throwing cooldowns,0.10,Green
selling match,0.10,Green
cap radar,0.13,Green
valid need mana,0.12,Green
sweeping route,0.12,Green
ngl ambushing point,0.12,Green
ofc rushing account,0.13,Green
leashing tunnel,0.12,Green
sure radar,0.12,Green
omg,0.12,Green
rip contesting energy,0.12,Green
patrolling sentry,0.10,Green
aoe warding pit,0.10,Green
vaulting backpack,0.13,Green
yolo core,0.12,Green
peeking core,0.13,Green
afk farming jungle,0.10,Green
dude saving heals,0.12,Green
omw checking alt,0.10,Green
nice meter,0.12,Green
rofl ambushing nerf,0.12,Green
omw swapping wall,0.12,Green
draft baiting tunnel,0.12,Green
dced nerf,0.10,Green
og creeps,0.10,Green
backdooring base,0.13,Green
idc extract,0.13,Green
scouting sentry,0.13,Green
sec sliding shields,0.12,Green
ff,0.13,Green
ama capping discord,0.12,Green
dced rushing squad,0.13,Green
soon backdooring cache,0.12,Green
gl scouting kills,0.13,Green
nice resetting tank,0.10,Green
cya harassing squad,0.12,Green
bet scouting smurf,0.13,Green
nvm engaging carry,0.13,Green
iirc carrying match,0.12,Green
gn covering crate,0.12,Green
eta cooldowns,0.10,Green
diff health,0.10,Green
diff resetting tank,0.12,Green
aram crouching squad,0.13,Green
hf raiding fountain,0.13,Green
tracking backpack,0.13,Green
bbs looting angle,0.10,Green
wp binds,0.13,Green
pub radar,0.12,Green
wdym peeking nerf,0.13,Green
sieging sentry,0.13,Green
og leaving scoreboard,0.12,Green
ty anchoring shields,0.12,Green
engaging adds,0.10,Green
here mic,0.10,Green
dced loot,0.13,Green
focusing match,0.12,Green
sec assaulting health,0.13,Green
ez squad,0.13,Green
oof chasing round,0.13,Green
idk grinding choke,0.12,Green
pulling xp,0.12,Green
np rushing stats,0.13,Green
dude tapping throne,0.12,Green
cya escaping voice,0.12,Green
bg push adds,0.10,Green
tbf selling backpack,0.13,Green
brb selling stamina,0.10,Green
stomp reloading barracks,0.13,Green
aiming match,0.12,Green
afk warding bridge,0.10,Green
rip throwing minimap,0.13,Green
stomp staggering energy,0.12,Green
gm defusing perimeter,0.13,Green
facts disengaging lane,0.13,Green
sure ambushing loot,0.10,Green
yw drop xp,0.10,Green
omw zoning choke,0.10,Green
smurfing minions,0.12,Green
planting ping,0.12,Green
iirc,0.13,Green
streaming payload,0.13,Green
rotating tower,0.12,Green
cc protecting point,0.10,Green
nt ulting gold,0.10,Green
peeling deaths,0.10,Green
aram defusing deaths,0.10,Green
flanking stream,0.13,Green
rez anchoring ult,0.12,Green
customs sprinting top,0.12,Green
goat spectating queue,0.10,Green
ggs spawning nerf,0.12,Green
kek reporting squad,0.12,Green
rip poking tunnel,0.12,Green
standby ganking crate,0.10,Green
lul swapping settings,0.13,Green
w angle,0.13,Green
sus aiming dps,0.13,Green
mia,0.10,Green
w reviving party,0.10,Green
resetting mats,0.12,Green
ready scoreboard,0.13,Green
inhouse sniping meter,0.10,Green
clear planting comms,0.13,Green
kek chasing scoreboard,0.13,Green
sliding lag,0.12,Green
ranked kiting mats,0.13,Green
dc selling mid,0.10,Green
lmao defusing mid,0.13,Green
selling inventory,0.10,Green
freezing stats,0.12,Green
gn planting assists,0.13,Green
jk point,0.10,Green
ready leashing point,0.10,Green
wb,0.13,Green
stacking xp,0.10,Green
ama queueing aggro,0.12,Green
glhf base,0.13,Green
ig warding kills,0.13,Green
nice countering crystal,0.12,Green
tilt camping tunnel,0.12,Green
heard anchoring corner,0.13,Green
copy tank,0.10,Green
mood backdooring vault,0.12,Green
sus staggering smurf,0.10,Green
defend buff,0.12,Green
freezing aggro,0.13,Green
idk ambushing discord,0.12,Green
omw saving base,0.10,Green
aiming site,0.13,Green
pve patrolling route,0.10,Green
ez mid,0.10,Green
ty sniping mid,0.12,Green
lmao dueling ping,0.13,Green
rip need loadout,0.10,Green
customs defend route,0.13,Green
smurfing map,0.13,Green
yolo countering fps,0.12,Green
lfp loadout,0.10,Green
assaulting mid,0.13,Green
pvp fps,0.13,Green
sprinting energy,0.12,Green
standby escaping cooldowns,0.10,Green
cya loot,0.13,Green
carrying meter,0.12,Green
gtg laning pit,0.10,Green
oom minions,0.12,Green
op warding nexus,0.13,Green
sweeping site,0.12,Green
facts,0.13,Green
gm questing match,0.12,Green
jk vaulting comms,0.13,Green
lol warping duo,0.12,Green
imo peeking energy,0.13,Green
gz bombsite,0.13,Green
gz pinging corner,0.13,Green
bro scouting angle,0.12,Green
eta reporting binds,0.10,Green
wp farming respawn,0.10,Green
pve extract,0.10,Green
wp need carry,0.13,Green
inhouse lagging squad,0.12,Green
leaving sentry,0.13,Green
l leaving radar,0.12,Green
bruh alt,0.12,Green
aiming mid,0.13,Green
casual cooldowns,0.13,Green
lfp pulling lag,0.10,Green
wya ult,0.10,Green
wp laning point,0.13,Green
wts trio,0.10,Green
oof dueling armor,0.13,Green
patrolling perimeter,0.12,Green
facts tank,0.10,Green
glhf camping lag,0.12,Green
questing trio,0.10,Green
trading smurf,0.10,Green
sus fountain,0.12,Green
meh spectating mic,0.10,Green
draft looting energy,0.10,Green
protecting ammo,0.12,Green
heard escaping point,0.10,Green
flanking kills,0.10,Green
boosting shop,0.12,Green
healing deaths,0.12,Green
based assaulting ammo,0.13,Green
imho surrendering bridge,0.12,Green
nice dodging ping,0.12,Green
ok sprinting choke,0.13,Green
laning minimap,0.13,Green
sus mic,0.10,Green
sniping creeps,0.10,Green
idk rotating core,0.13,Green
oom carrying stream,0.13,Green
capping shop,0.12,Green
fwiw binds,0.10,Green
oom crafting bridge,0.13,Green
tmr tapping barracks,0.10,Green
laning xp,0.12,Green
valid armor,0.10,Green
tourney crashing angle,0.12,Green
obv freezing heals,0.13,Green
mood baiting ping,0.12,Green
vgg chokepoint,0.10,Green
queueing tower,0.13,Green
lmfao disengaging clan,0.13,Green
cc binds,0.10,Green
noted match,0.10,Green
nah tapping boss,0.12,Green
ok grinding tower,0.13,Green
harassing rank,0.10,Green
wya peeling voice,0.12,Green
iirc tapping cache,0.12,Green
hf sweeping discord,0.13,Green
lmfao lagging gold,0.10,Green
k adds,0.12,Green
ty dodging lag,0.10,Green
irl voice,0.12,Green
gn pit,0.10,Green
farming shields,0.13,Green
lfp armor,0.13,Green
vgg backing deaths,0.12,Green
facts energy,0.10,Green
kk freezing pit,0.12,Green
camping smurf,0.12,Green
k cart,0.12,Green
rip reviving meter,0.10,Green
goat,0.12,Green
diff support,0.12,Green
np mats,0.12,Green
lfp xp,0.12,Green
spraying trio,0.10,Green
stomp patrolling extract,0.12,Green
close questing respawn,0.13,Green
hype scouting nerf,0.10,Green
ofc flank,0.10,Green
oof leaving ammo,0.10,Green
lmfao swapping chest,0.13,Green
lmfao smurfing xp,0.10,Green
sec dodging crystal,0.10,Green
ambushing tank,0.13,Green
tracking loadout,0.12,Green
close reviving comms,0.12,Green
league kiting core,0.10,Green
bbs covering corner,0.10,Green
nice,0.13,Green
ready nerf,0.12,Green
bro farming health,0.12,Green
wtt focusing lobby,0.10,Green
og ulting guild,0.10,Green
pub settings,0.12,Green
splitpushing party,0.13,Green
w equipping account,0.12,Green
contesting crystal,0.13,Green
spraying crystal,0.12,Green
sliding health,0.10,Green
healing shop,0.12,Green
kiting main,0.13,Green
nah backpack,0.13,Green
nice ambushing base,0.10,Green
casual vaulting creeps,0.10,Green
rip comms,0.10,Green
crafting minimap,0.10,Green
oof lobby,0.12,Green
omw duo,0.13,Green
peeking wall,0.12,Green
gtg pinging tunnel,0.12,Green
nvm roaming loot,0.10,Green
mmr snowballing duo,0.12,Green
gtg sliding heals,0.12,Green
here anchoring cache,0.10,Green
countering ammo,0.10,Green
noted need route,0.10,Green
meta jungling route,0.12,Green
imo scouting meter,0.12,Green
jk buying energy,0.10,Green
gn corner,0.12,Green
clear spawning map,0.10,Green
harassing mic,0.13,Green
bet sliding energy,0.10,Green
rip chasing nerf,0.13,Green
lfp,0.13,Green
eta angle,0.13,Green
sec swapping assists,0.12,Green
deadass leaving deaths,0.12,Green
defusing meter,0.12,Green
sure jungle,0.10,Green
gg rushing discord,0.12,Green
lfp tracking map,0.12,Green
nvm backdooring base,0.13,Green
np gold,0.13,Green
planting aggro,0.12,Green
afk crate,0.10,Green
hold swapping comms,0.10,Green
hf defusing core,0.13,Green
ok reloading energy,0.10,Green
facts escorting lag,0.10,Green
dm grinding fountain,0.13,Green
np clan,0.12,Green
ambushing bombsite,0.10,Green
rq ganking stamina,0.13,Green
valid peeking nerf,0.10,Green
rn grinding cart,0.13,Green
iirc escorting cooldowns,0.13,Green
op baiting settings,0.13,Green
fwiw selling ult,0.13,Green
afk peeking base,0.12,Green
hold selling dps,0.13,Green
l tracking stamina,0.12,Green
ready contesting core,0.10,Green
hf main,0.10,Green
hold streak,0.10,Green
wts chokepoint,0.13,Green
ganking spawn,0.13,Green
afk camping point,0.12,Green
ty sliding fountain,0.12,Green
nvm peeling queue,0.13,Green
ttyl rushing tunnel,0.10,Green
done cooldowns,0.12,Green
ama chasing loot,0.13,Green
cya joining stream,0.13,Green
here warping scoreboard,0.10,Green
done ambushing lobby,0.13,Green
oof pinging crate,0.10,Green
ranked peeking binds,0.10,Green
dm protecting squad,0.10,Green
goat planting kills,0.10,Green
irl dueling payload,0.13,Green
rushing perimeter,0.12,Green
casual streaming duo,0.13,Green
leaving carry,0.13,Green
patrolling ping,0.13,Green
mood chasing armor,0.10,Green
k crafting site,0.13,Green
oom mic,0.12,Green
irl defend carry,0.12,Green
laning stream,0.13,Green
mmr queue,0.13,Green
scouting round,0.13,Green
idk scouting leaderboard,0.10,Green
bet,0.10,Green
copy peeking nexus,0.10,Green
lagging stamina,0.10,Green
wtb reloading deaths,0.13,Green
gz wall,0.12,Green
ulting payload,0.10,Green
based lag,0.10,Green
clear aiming binds,0.13,Green
thx extract,0.12,Green
rq staggering squad,0.12,Green
ttyl drop chokepoint,0.12,Green
glhf chokepoint,0.13,Green
thx tracking vault,0.10,Green
inhouse route,0.10,Green
diving flank,0.10,Green
tmr assaulting meter,0.12,Green
noted disengaging stream,0.12,Green
ig escorting sentry,0.12,Green
tourney push stats,0.13,Green
casual stats,0.12,Green
rotating barracks,0.10,Green
pve chasing mic,0.10,Green
inc loot,0.13,Green
aoe reviving xp,0.12,Green
carrying fps,0.13,Green
sure raiding loadout,0.12,Green
eta looting assists,0.12,Green
aram top,0.13,Green
escaping gold,0.12,Green
rip checking buff,0.12,Green
league laning queue,0.13,Green
camping radar,0.13,Green
peeking lag,0.12,Green
ggs pinging bridge,0.10,Green
heard corner,0.10,Green
obv splitpushing angle,0.12,Green
countering lag,0.10,Green
imho health,0.10,Green
backing wall,0.10,Green
brb tapping jungle,0.12,Green
idk leashing tunnel,0.12,Green
pub buff,0.13,Green
wait trading leaderboard,0.10,Green
rng anchoring shop,0.12,Green
splitpushing perimeter,0.12,Green
nah jungling turret,0.13,Green
dude scoreboard,0.13,Green
kk dodging buff,0.10,Green
ofc anchoring crate,0.13,Green
league queueing shop,0.13,Green
k resetting settings,0.13,Green
gn route,0.13,Green
splitpushing nexus,0.10,Green
chasing squad,0.10,Green
wb lagging pit,0.10,Green
ready,0.10,Green
ama core,0.10,Green
backing minimap,0.13,Green
oof protecting scoreboard,0.12,Green
hf buying site,0.13,Green
ngl,0.12,Green
wtt ulting backpack,0.13,Green
standby laning leaderboard,0.12,Green
brb disengaging jungle,0.10,Green
wtb ganking flag,0.12,Green
chill warping account,0.10,Green
pog crate,0.12,Green
ggs pinging crate,0.12,Green
rng reporting sentry,0.13,Green
ready ulting bot,0.12,Green
glhf laning aggro,0.12,Green
rip streaming bombsite,0.12,Green
wait bot,0.13,Green
rip match,0.12,Green
rn sieging bombsite,0.10,Green
idk stamina,0.12,Green
meta checking adds,0.10,Green
elo poking cache,0.13,Green
cc reviving turret,0.12,Green
peeling party,0.13,Green
rofl alt,0.10,Green
valid harassing bot,0.10,Green
tbh crouching objective,0.10,Green
carrying crate,0.12,Green
drop objective,0.10,Green
done farming trio,0.12,Green
jungling throne,0.12,Green
smurfing nexus,0.12,Green
crouching base,0.10,Green
fwiw ping,0.12,Green
rofl route,0.10,Green
wtb bridge,0.12,Green
gz resetting crate,0.10,Green
ready joining dps,0.13,Green
wya questing respawn,0.13,Green
deadass warding boss,0.10,Green
jk harassing stamina,0.10,Green
contesting backpack,0.12,Green
elo crouching respawn,0.10,Green
nt freezing minimap,0.10,Green
throwing route,0.13,Green
ttyl reloading angle,0.12,Green
cap tracking route,0.12,Green
oof rushing settings,0.13,Green
gn diving settings,0.13,Green
sec extract,0.10,Green
nice protecting lag,0.12,Green
need chokepoint,0.12,Green
mb need main,0.10,Green
oom poking fps,0.12,Green
tilt dps,0.12,Green
rip tracking turret,0.10,Green
defusing comms,0.10,Green
k smurfing respawn,0.13,Green
jungling cache,0.10,Green
ez surrendering deaths,0.10,Green
peeling cooldowns,0.13,Green
standby tracking streak,0.13,Green
fr dodging mana,0.13,Green
glhf checking gold,0.10,Green
sure aggro,0.12,Green
mia snowballing ult,0.13,Green
aiming loadout,0.13,Green
mood zoning trio,0.10,Green
covering stream,0.13,Green
ganking energy,0.12,Green
ama heals,0.13,Green
lmao spraying top,0.13,Green
resetting squad,0.10,Green
tracking nexus,0.10,Green
aiming mats,0.12,Green
ok carrying queue,0.12,Green
sec rushing discord,0.10,Green
planting scoreboard,0.13,Green
wtt queueing radar,0.13,Green
ofc roaming kills,0.12,Green
dced chasing shields,0.12,Green
req splitpushing tank,0.12,Green
omw sentry,0.10,Green
league voice,0.10,Green
imo checking settings,0.10,Green
lowkey joining ammo,0.10,Green
equipping crystal,0.10,Green
sniping adds,0.13,Green
glhf vaulting tank,0.10,Green
poking route,0.10,Green
grinding kills,0.12,Green
nice ulting gold,0.13,Green
poking shields,0.10,Green
gz radar,0.13,Green
reloading assists,0.10,Green
ff kiting route,0.12,Green
nbd boosting voice,0.12,Green
dm staggering smurf,0.10,Green
lfg need sentry,0.13,Green
jk health,0.12,Green
poking meter,0.12,Green
countering account,0.10,Green
noted farming top,0.10,Green
questing queue,0.10,Green
wtt focusing deaths,0.10,Green
k heals,0.10,Green
nt core,0.13,Green
eta smurfing shop,0.13,Green
bg contesting lobby,0.13,Green
grinding binds,0.13,Green
lmao rotating chest,0.12,Green
raiding cooldowns,0.13,Green
healing kills,0.10,Green
mood sliding crystal,0.13,Green
lfg baiting minimap,0.12,Green
ngl tracking top,0.10,Green
wb crystal,0.10,Green
draft reviving streak,0.12,Green
xd spawn,0.13,Green
lowkey baiting boss,0.12,Green
ggs mats,0.13,Green
meta binds,0.10,Green
pve contesting site,0.12,Green
ok nexus,0.13,Green
aram account,0.10,Green
ngl drop scoreboard,0.12,Green
meta bombsite,0.10,Green
oom,0.13,Green
pog push leaderboard,0.10,Green
ok healing vault,0.13,Green
ok checking shop,0.12,Green
dm assists,0.10,Green
thx,0.12,Green
fed angle,0.13,Green
f sweeping xp,0.13,Green
gz dodging point,0.13,Green
wtb diving deaths,0.13,Green
gz defusing account,0.10,Green
vgg,0.13,Green
flanking health,0.13,Green
dced tunnel,0.12,Green
tbf need voice,0.10,Green
hype carrying perimeter,0.10,Green
meh sprinting trio,0.10,Green
disengaging mana,0.10,Green
lol lagging round,0.12,Green
lmfao resetting buff,0.13,Green
kiting chokepoint,0.13,Green
pvp harassing stamina,0.13,Green
rip rushing mid,0.13,Green
soon boosting armor,0.13,Green
cc covering energy,0.12,Green
lagging cache,0.10,Green
oof barracks,0.10,Green
cya spectating crystal,0.10,Green
diff escaping dps,0.12,Green
rofl ganking barracks,0.13,Green
defend guild,0.12,Green
nt sliding cache,0.13,Green
bbs mid,0.12,Green
diving streak,0.12,Green
glhf backing shields,0.10,Green
eta looting payload,0.12,Green
poggers lag,0.12,Green
irl joining stats,0.10,Green
gratz need bridge,0.12,Green
fr,0.13,Green
scrim engaging carry,0.13,Green
nbd assaulting settings,0.10,Green
nope patrolling extract,0.12,Green
peeking radar,0.12,Green
idc tracking corner,0.10,Green
k chokepoint,0.10,Green
lagging ult,0.13,Green
tbh anchoring pit,0.10,Green
bro checking streak,0.10,Green
nbd reviving squad,0.13,Green
obv pulling crystal,0.12,Green
f rank,0.12,Green
diff staggering cooldowns,0.12,Green
thx peeking carry,0.13,Green
bet rushing mats,0.13,Green
valid aggro,0.13,Green
mood disengaging chest,0.12,Green
noted splitpushing buff,0.13,Green
ig comms,0.13,Green
wait resetting armor,0.13,Green
tourney throne,0.12,Green
goat bot,0.13,Green
afaik poking lobby,0.10,Green
poggers aggro,0.10,Green
nbd disengaging lobby,0.12,Green
aram capping main,0.10,Green
tmr spawning main,0.12,Green
heard reviving squad,0.12,Green
aoe defusing vault,0.12,Green
elo aiming shields,0.12,Green
aoe healing mana,0.10,Green
elo buff,0.13,Green
omg diving angle,0.13,Green
smh drop mana,0.12,Green
inc,0.13,Green
kek dodging fps,0.12,Green
rip assaulting throne,0.12,Green
crafting flank,0.13,Green
aram leashing angle,0.13,Green
req crafting gold,0.12,Green
afk harassing loadout,0.13,Green
eta laning crate,0.13,Green
smh selling binds,0.12,Green
wb stream,0.12,Green
gn push bombsite,0.13,Green
league account,0.10,Green
deadass wall,0.13,Green
tbh warding rank,0.10,Green
w nexus,0.10,Green
deadass rotating crate,0.10,Green
sniping minions,0.13,Green
w baiting ammo,0.10,Green
rng looting armor,0.10,Green
lol reviving queue,0.13,Green
standby kiting vault,0.10,Green
cya rushing stats,0.13,Green
omw protecting settings,0.10,Green
fr vaulting fountain,0.12,Green
deadass spectating energy,0.12,Green
pve engaging sentry,0.13,Green
deadass shop,0.10,Green
brb tracking ammo,0.12,Green
peeking bridge,0.12,Green
yw dps,0.10,Green
close zoning squad,0.12,Green
dc,0.12,Green
diving zone,0.13,Green
smurfing minimap,0.10,Green
deadass loadout,0.10,Green
roger,0.10,Green
dced sieging meter,0.13,Green
invading buff,0.10,Green
wait protecting creeps,0.12,Green
aram holding stats,0.12,Green
roger rotating mana,0.12,Green
tourney ganking crystal,0.10,Green
ggs energy,0.12,Green
lul raiding bridge,0.12,Green
xd streak,0.13,Green
aram defend trio,0.12,Green
inc farming trio,0.10,Green
rofl inventory,0.10,Green
pvp focusing adds,0.10,Green
k peeking boss,0.13,Green
lowkey rushing flag,0.10,Green
league neutralizing stats,0.10,Green
meh flank,0.13,Green
vgg healing account,0.12,Green
lmao,0.12,Green
poggers contesting mats,0.13,Green
close map,0.12,Green
yw checking discord,0.13,Green
bro backdooring gold,0.13,Green
afaik splitpushing trio,0.12,Green
ez focusing cooldowns,0.13,Green
hp questing flank,0.13,Green
crashing match,0.13,Green
yep ult,0.13,Green
scrim rotating throne,0.12,Green
wp sieging respawn,0.12,Green
irl protecting perimeter,0.12,Green
xd sweeping mid,0.10,Green
sprinting loadout,0.12,Green
copy pinging scoreboard,0.13,Green
hype squad,0.12,Green
crouching guild,0.10,Green
wtb shields,0.12,Green
pinging spawn,0.10,Green
lul disengaging adds,0.10,Green
f pulling pit,0.10,Green
scouting core,0.10,Green
rn crashing streak,0.13,Green
gn defend discord,0.13,Green
splitpushing shop,0.13,Green
league backing smurf,0.12,Green
wait,0.13,Green
aiming lobby,0.10,Green
rip payload,0.10,Green
lfg reloading rank,0.10,Green
wtt splitpushing flag,0.13,Green
tilt jungle,0.13,Green
wtb sieging radar,0.13,Green
clear reloading sentry,0.12,Green
dced payload,0.10,Green
imo drop stream,0.13,Green
jungling boss,0.12,Green
mood mats,0.10,Green
standby snowballing pit,0.10,Green
customs crate,0.10,Green
wtt anchoring pit,0.12,Green
gj payload,0.10,Green
afaik loadout,0.12,Green
np chasing xp,0.12,Green
meta rushing aggro,0.13,Green
k rushing fps,0.12,Green
sweeping adds,0.12,Green
rn tracking fountain,0.10,Green
gn peeling scoreboard,0.13,Green
defusing scoreboard,0.13,Green
grinding ult,0.10,Green
kk sieging extract,0.12,Green
rez raiding radar,0.13,Green
lfp staggering assists,0.13,Green
flanking map,0.10,Green
neutralizing point,0.13,Green
op assaulting flank,0.10,Green
nvm sprinting stamina,0.12,Green
gj binds,0.10,Green
f scouting point,0.10,Green
pog lane,0.12,Green
crafting armor,0.10,Green
gm,0.10,Green
w staggering top,0.10,Green
jk heals,0.13,Green
bet escorting objective,0.12,Green
backdooring lag,0.10,Green
sus crystal,0.13,Green
afaik boss,0.13,Green
iirc raiding respawn,0.12,Green
sec holding point,0.12,Green
sus,0.13,Green
lfp need health,0.12,Green
gm questing minimap,0.10,Green
imo farming kills,0.12,Green
diff,0.13,Green
leashing clan,0.13,Green
hype farming barracks,0.13,Green
dm backpack,0.13,Green
chill kiting voice,0.13,Green
harassing flank,0.10,Green
ofc selling health,0.12,Green
chill queueing point,0.12,Green
bbl diving health,0.12,Green
streaming health,0.12,Green
hype core,0.10,Green
ready sweeping core,0.12,Green
nah covering site,0.10,Green
contesting heals,0.12,Green
gz spawn,0.12,Green
thx rotating cooldowns,0.10,Green
based protecting fountain,0.12,Green
goat throwing rank,0.13,Green
glhf freezing leaderboard,0.12,Green
eta,0.10,Green
mood,0.12,Green
lul streaming chokepoint,0.10,Green
gm dodging round,0.10,Green
here nexus,0.10,Green
trading bot,0.13,Green
draft crouching extract,0.10,Green
chill freezing lobby,0.10,Green
clear capping crate,0.12,Green
aoe stacking turret,0.13,Green
jk rushing choke,0.13,Green
engaging mid,0.10,Green
rushing carry,0.12,Green
vgg pinging bot,0.10,Green
gtg flanking fps,0.13,Green
hf pinging payload,0.10,Green
nice spraying tunnel,0.13,Green
sprinting wall,0.10,Green
omw protecting flag,0.13,Green
rip rotating tower,0.13,Green
nope countering cooldowns,0.13,Green
chill looting health,0.13,Green
soon push scoreboard,0.12,Green
goat warding ult,0.10,Green
facts leashing voice,0.13,Green
ranked rushing cache,0.12,Green
joining settings,0.13,Green
oof choke,0.10,Green
ty cooldowns,0.10,Green
imho peeking meter,0.13,Green
bbs,0.13,Green
customs loot,0.10,Green
rq disengaging mic,0.13,Green
farming buff,0.12,Green
peeking heals,0.12,Green
lfp chokepoint,0.10,Green
poking base,0.12,Green
dced guild,0.12,Green
eta saving throne,0.10,Green
obv backdooring turret,0.10,Green
imo spawning ammo,0.12,Green
gg vaulting map,0.10,Green
escaping lag,0.10,Green
spraying mana,0.10,Green
clear push fountain,0.12,Green
kiting spawn,0.12,Green
pub voice,0.10,Green
bbl core,0.10,Green
roger reloading pit,0.12,Green
fed resetting zone,0.12,Green
oom sieging bot,0.10,Green
wtt peeking kills,0.12,Green
pulling aggro,0.13,Green
tourney capping stats,0.10,Green
heard minions,0.10,Green
vgg turret,0.10,Green
rip reloading crate,0.10,Green
og freezing discord,0.10,Green
nah crafting turret,0.13,Green
assaulting smurf,0.13,Green
dc binds,0.13,Green
tourney,0.12,Green
kiting payload,0.10,Green
valid crate,0.10,Green
clear muting queue,0.10,Green
gratz disengaging shop,0.10,Green
bruh reviving dps,0.10,Green
req kills,0.13,Green
obv crate,0.10,Green
fwiw zone,0.12,Green
bbs chasing scoreboard,0.10,Green
selling party,0.12,Green
inc reviving cooldowns,0.12,Green
heard buying assists,0.10,Green
iirc ganking fountain,0.10,Green
irl main,0.12,Green
l creeps,0.13,Green
omg leashing choke,0.10,Green
surrendering smurf,0.10,Green
roger resetting scoreboard,0.10,Green
gratz reviving corner,0.13,Green
iirc stats,0.13,Green
cap peeking throne,0.10,Green
ranked crate,0.10,Green
escaping choke,0.12,Green
hp questing payload,0.12,Green
eta zoning site,0.12,Green
lol spraying radar,0.10,Green
nvm poking shop,0.10,Green
tmr buff,0.12,Green
yw,0.12,Green
yolo laning binds,0.10,Green
nt flank,0.13,Green
ngl planting cache,0.13,Green
raiding alt,0.10,Green
ok dodging smurf,0.12,Green
chill holding trio,0.10,Green
f farming stream,0.13,Green
hf rushing stamina,0.13,Green
np boss,0.10,Green
ggs,0.12,Green
jungling crystal,0.12,Green
nbd,0.10,Green
based kiting main,0.12,Green
pub streak,0.10,Green
lagging support,0.10,Green
idc defend bot,0.12,Green
spawning squad,0.12,Green
based deaths,0.13,Green
close ammo,0.12,Green
bbl trading ammo,0.12,Green
gm sieging mic,0.10,Green
lmfao looting chokepoint,0.10,Green
wtb reviving gold,0.10,Green
bbl kiting lag,0.12,Green
looting throne,0.13,Green
rng focusing mid,0.13,Green
wtb choke,0.13,Green
iirc energy,0.12,Green
dced sweeping perimeter,0.13,Green
league spectating comms,0.13,Green
scouting ping,0.13,Green
clear deaths,0.12,Green
nt questing gold,0.12,Green
omw peeking voice,0.10,Green
l equipping ping,0.13,Green
wtt chokepoint,0.13,Green
lmfao lagging choke,0.13,Green
goat drop chokepoint,0.12,Green
copy spectating clan,0.12,Green
kiting mana,0.12,Green
gl reviving cart,0.12,Green
valid baiting barracks,0.10,Green
stomp harassing top,0.12,Green
disengaging mic,0.10,Green
tilt,0.13,Green
hold capping cart,0.13,Green
tmr patrolling nerf,0.13,Green
kek alt,0.13,Green
eta respawn,0.10,Green
staggering base,0.13,Green
hp spawning voice,0.12,Green
imho chasing stream,0.12,Green
draft escaping scoreboard,0.10,Green
brb invading armor,0.10,Green
dc meter,0.12,Green
grinding armor,0.13,Green
cya anchoring top,0.12,Green
mmr scouting map,0.12,Green
afaik engaging nerf,0.12,Green
lmfao jungling lobby,0.10,Green
og deaths,0.13,Green
neutralizing base,0.12,Green
ngl spawning main,0.12,Green
peeling chest,0.12,Green
lowkey muting cooldowns,0.13,Green
standby,0.10,Green
gl match,0.13,Green
heard backdooring armor,0.13,Green
bg spawning scoreboard,0.10,Green
hf payload,0.10,Green
wtt,0.10,Green
copy peeking buff,0.12,Green
flanking mic,0.12,Green
sus patrolling support,0.12,Green
pog ping,0.10,Green
wtb deaths,0.10,Green
assaulting angle,0.13,Green
chasing support,0.10,Green
lol guild,0.10,Green
casual push comms,0.12,Green
stacking energy,0.12,Green
tmr poking turret,0.12,Green
capping tunnel,0.12,Green
peeking flag,0.10,Green
lfp dueling scoreboard,0.12,Green
gj,0.10,Green
cap escorting discord,0.12,Green
aiming discord,0.13,Green
valid sniping site,0.10,Green
diff grinding guild,0.12,Green
lfp poking nexus,0.10,Green
sus defusing perimeter,0.13,Green
valid countering site,0.10,Green
ama muting streak,0.12,Green
yw sprinting map,0.12,Green
rez harassing support,0.10,Green
wtt diving aggro,0.13,Green
countering duo,0.10,Green
dm health,0.12,Green
og streaming kills,0.10,Green
rng rushing lane,0.13,Green
rq crouching stamina,0.10,Green
gj backdooring cache,0.10,Green
rng roaming barracks,0.12,Green
countering dps,0.10,Green
based questing crystal,0.12,Green
wtt warding zone,0.13,Green
afaik drop lag,0.13,Green
pub rotating creeps,0.12,Green
hold mats,0.12,Green
mia leaving zone,0.13,Green
ulting clan,0.12,Green
tbh crafting chokepoint,0.12,Green
diff covering nerf,0.13,Green
np planting carry,0.10,Green
nt contesting dps,0.12,Green
selling zone,0.12,Green
ranked assaulting lobby,0.10,Green
afk kiting zone,0.12,Green
hp,0.10,Green
meta ganking core,0.10,Green
gtg holding site,0.10,Green
ff muting objective,0.10,Green
np spawning health,0.12,Green
dc flank,0.10,Green
hf pulling queue,0.10,Green
hype sprinting crate,0.10,Green
mmr nerf,0.10,Green
idc backing queue,0.13,Green
ganking discord,0.12,Green
selling minions,0.12,Green
lmfao leashing barracks,0.12,Green
patrolling inventory,0.12,Green
lol bombsite,0.13,Green
wya tapping stream,0.13,Green
obv carry,0.10,Green
f,0.13,Green
assaulting crate,0.12,Green
wait pulling base,0.10,Green
wya poking bombsite,0.13,Green
nt aiming extract,0.10,Green
meh bombsite,0.12,Green
lmao smurfing ping,0.13,Green
k reviving nerf,0.10,Green
customs cart,0.13,Green
ngl leaving mana,0.10,Green
bg assaulting buff,0.12,Green
facts shop,0.12,Green
gg neutralizing xp,0.13,Green
ngl trading flank,0.13,Green
oom defend account,0.13,Green
inc camping mic,0.13,Green
req,0.13,Green
patrolling mic,0.10,Green
elo snowballing stream,0.13,Green
ofc push choke,0.10,Green
bro sieging rank,0.12,Green
gm boosting throne,0.10,Green
hf jungling heals,0.10,Green
push sentry,0.10,Green
rotating turret,0.12,Green
swapping spawn,0.12,Green
chasing bridge,0.10,Green
imho,0.12,Green
nah rotating flag,0.13,Green
bet selling throne,0.12,Green
rushing cooldowns,0.13,Green
glhf rotating nerf,0.10,Green
lagging scoreboard,0.13,Green
pog rotating gold,0.12,Green
patrolling spawn,0.12,Green
tmr assaulting bridge,0.12,Green
smh kiting base,0.12,Green
hype chasing carry,0.12,Green
ig smurf,0.10,Green
aoe protecting mid,0.13,Green
covering mic,0.13,Green
fwiw objective,0.12,Green
iirc planting perimeter,0.12,Green
rq holding tunnel,0.12,Green
bruh tracking round,0.10,Green
close push ping,0.13,Green
defend crate,0.13,Green
customs inventory,0.12,Green
k crashing stamina,0.10,Green
draft staggering voice,0.13,Green
here defend discord,0.13,Green
heard warping fps,0.13,Green
peeking duo,0.13,Green
oom ulting mats,0.12,Green
ofc dueling gold,0.13,Green
rushing fountain,0.13,Green
flanking crate,0.10,Green
xd pulling perimeter,0.12,Green
inhouse pulling point,0.13,Green
hp defend kills,0.13,Green
equipping stream,0.13,Green
ig capping lobby,0.12,Green
bet reloading perimeter,0.12,Green
bbl contesting mic,0.10,Green
wtb contesting assists,0.10,Green
fr laning party,0.10,Green
soon buying jungle,0.13,Green
fr snowballing ping,0.12,Green
rip farming cache,0.10,Green
wow planting chest,0.12,Green
kk resetting cooldowns,0.10,Green
wtt wall,0.10,Green
mia neutralizing mic,0.13,Green
afaik fountain,0.10,Green
scrim covering map,0.13,Green
raiding settings,0.13,Green
w scouting pit,0.12,Green
tmr equipping backpack,0.10,Green
xd selling carry,0.12,Green
gratz pinging route,0.13,Green
bruh rushing kills,0.12,Green
mb dps,0.13,Green
chill nerf,0.10,Green
lmao jungling stats,0.13,Green
idk mats,0.13,Green
heard camping match,0.12,Green
inhouse poking gold,0.12,Green
tmr rushing minions,0.12,Green
oom sprinting meter,0.13,Green
diff healing clan,0.13,Green
rez loadout,0.10,Green
defend alt,0.10,Green
gl rotating scoreboard,0.13,Green
spectating scoreboard,0.10,Green
dced chasing cooldowns,0.10,Green
scrim poking stream,0.12,Green
op swapping chest,0.13,Green
inc binds,0.12,Green
deadass health,0.13,Green
wtb escaping aggro,0.10,Green
baiting fps,0.10,Green
vgg joining shields,0.13,Green
obv sieging match,0.10,Green
tbf loot,0.12,Green
ez reviving xp,0.10,Green
nvm muting tunnel,0.10,Green
ig tracking inventory,0.13,Green
zoning leaderboard,0.13,Green
boosting tower,0.13,Green
diff roaming duo,0.13,Green
wya smurfing objective,0.12,Green
hf bombsite,0.13,Green
meh lobby,0.12,Green
based lobby,0.12,Green
tmr grinding clan,0.10,Green
sus drop tower,0.12,Green
jk drop mana,0.13,Green
casual,0.12,Green
obv map,0.13,Green
afk contesting settings,0.10,Green
np crafting throne,0.13,Green
jk peeking flag,0.10,Green
meta carrying stamina,0.13,Green
irl pinging core,0.12,Green
oom sweeping zone,0.12,Green
eta protecting bot,0.13,Green
chill resetting crate,0.13,Green
idc anchoring round,0.10,Green
bruh sentry,0.13,Green
checking tunnel,0.10,Green
bet reloading crystal,0.13,Green
escaping dps,0.13,Green
tilt sentry,0.10,Green
disengaging pit,0.13,Green
sliding rank,0.13,Green
standby trio,0.12,Green
k ulting settings,0.10,Green
scrim queueing armor,0.12,Green
copy loadout,0.13,Green
leaving mid,0.10,Green
healing leaderboard,0.10,Green
oof,0.10,Green
holding flank,0.12,Green
tmr laning sentry,0.12,Green
deadass smurf,0.12,Green
staggering respawn,0.13,Green
done checking mana,0.13,Green
gg escorting payload,0.10,Green
scrim laning alt,0.10,Green
protecting round,0.12,Green
pve ulting angle,0.12,Green
wp spraying round,0.12,Green
countering cooldowns,0.10,Green
defend inventory,0.12,Green
vgg warping stats,0.10,Green
ig loadout,0.13,Green
spectating fountain,0.13,Green
invading bridge,0.10,Green
jk healing sentry,0.12,Green
muting choke,0.10,Green
brb crouching spawn,0.10,Green
irl queueing armor,0.10,Green
tourney planting ult,0.12,Green
smh binds,0.12,Green
snowballing chokepoint,0.12,Green
rq cooldowns,0.12,Green
cc smurfing dps,0.12,Green
f stats,0.12,Green
contesting stats,0.10,Green
jungling squad,0.12,Green
copy discord,0.13,Green
close,0.12,Green
mb alt,0.10,Green
nice stream,0.12,Green
wdym crashing rank,0.10,Green
tourney sprinting cart,0.13,Green
nice baiting flank,0.10,Green
dced objective,0.12,Green
rq minimap,0.13,Green
wtt push tank,0.10,Green
countering bombsite,0.10,Green
pog stacking point,0.12,Green
eta focusing match,0.10,Green
sec poking bombsite,0.13,Green
yw ping,0.10,Green
oom main,0.12,Green
ig laning scoreboard,0.13,Green
league flag,0.12,Green
thx turret,0.12,Green
omg resetting trio,0.10,Green
ig minimap,0.13,Green
rq sieging turret,0.10,Green
spraying health,0.12,Green
lagging choke,0.12,Green
mia sprinting bombsite,0.12,Green
aiming nexus,0.12,Green
meta,0.12,Green
mia crafting crystal,0.12,Green
iirc adds,0.12,Green
surrendering bot,0.12,Green
np smurf,0.13,Green
glhf stacking pit,0.13,Green
l kiting throne,0.10,Green
ama protecting trio,0.13,Green
tmr fountain,0.13,Green
req jungling xp,0.10,Green
wts neutralizing meter,0.12,Green
sus harassing leaderboard,0.13,Green
based push meter,0.10,Green
ok muting sentry,0.12,Green
kiting fountain,0.10,Green
f peeking party,0.10,Green
scrim chasing clan,0.10,Green
gratz pulling main,0.12,Green
hype sniping shop,0.10,Green
hf trading voice,0.10,Green
hf leashing ammo,0.12,Green
wts clan,0.13,Green
rez sieging match,0.12,Green
gz energy,0.13,Green
rng leaderboard,0.13,Green
glhf carrying ult,0.12,Green
ambushing backpack,0.13,Green
wtb carrying chest,0.12,Green
inhouse crafting armor,0.12,Green
aoe dodging tank,0.10,Green
elo bombsite,0.10,Green
yw barracks,0.10,Green
op harassing site,0.12,Green
ok armor,0.12,Green
ranked snowballing clan,0.10,Green
done reporting mid,0.12,Green
soon rushing angle,0.13,Green
dude queueing zone,0.13,Green
wya countering lane,0.12,Green
diving sentry,0.13,Green
deadass ambushing loot,0.10,Green
rez sprinting support,0.10,Green
gratz grinding match,0.12,Green
resetting barracks,0.12,Green
ready defusing lane,0.13,Green
glhf surrendering bombsite,0.12,Green
imho countering ammo,0.13,Green
idk snowballing shields,0.13,Green
ranked tower,0.12,Green
bbl ult,0.12,Green
gg lagging cooldowns,0.13,Green
pvp peeking vault,0.10,Green
close contesting site,0.13,Green
idc countering stream,0.13,Green
smh tower,0.10,Green
ff sweeping trio,0.10,Green
cap account,0.12,Green
customs spectating bridge,0.13,Green
splitpushing point,0.10,Green
poking creeps,0.10,Green
zoning shop,0.13,Green
stomp aiming crystal,0.10,Green
cc defusing nexus,0.12,Green
sweeping clan,0.10,Green
soon looting discord,0.12,Green
hp duo,0.10,Green
dude route,0.12,Green
lfg buying spawn,0.13,Green
valid capping mic,0.12,Green
mood focusing discord,0.13,Green
healing tunnel,0.10,Green
gl tracking ping,0.10,Green
gl staggering cache,0.13,Green
muting cooldowns,0.12,Green
ggs equipping fountain,0.12,Green
yolo invading nerf,0.12,Green
meta anchoring gold,0.12,Green
pulling deaths,0.12,Green
ready kiting throne,0.12,Green
imo ult,0.10,Green
yep backing radar,0.10,Green
aoe warding aggro,0.12,Green
lfg respawn,0.10,Green
league splitpushing chest,0.13,Green
wtb boosting main,0.12,Green
valid lane,0.12,Green
inhouse baiting kills,0.12,Green
fr camping scoreboard,0.10,Green
noted peeling objective,0.12,Green
obv anchoring base,0.10,Green
tapping assists,0.13,Green
yw throwing radar,0.10,Green
engaging rank,0.10,Green
peeling health,0.12,Green
inc fps,0.13,Green
f carrying minions,0.10,Green
wow tracking support,0.13,Green
ngl squad,0.12,Green
wya deaths,0.10,Green
dced kiting mats,0.10,Green
wts farming flag,0.10,Green
here reporting payload,0.12,Green
staggering mats,0.12,Green
casual bridge,0.13,Green
yep lane,0.10,Green
nbd grinding trio,0.12,Green
mmr trading binds,0.10,Green
nt crafting loot,0.13,Green
rng warping base,0.10,Green
soon splitpushing shop,0.10,Green
oom muting main,0.10,Green
ngl snowballing tank,0.13,Green
here saving carry,0.12,Green
chill lagging spawn,0.12,Green
tbh raiding sentry,0.10,Green
ranked streaming cooldowns,0.10,Green
rng defusing sentry,0.10,Green
surrendering route,0.12,Green
lowkey account,0.10,Green
eta camping jungle,0.13,Green
saving chokepoint,0.10,Green
backing cart,0.13,Green
fwiw selling cart,0.10,Green
warping lag,0.12,Green
league jungle,0.12,Green
imo rushing mic,0.13,Green
gj spectating minimap,0.10,Green
deadass scoreboard,0.13,Green
chill backing flag,0.12,Green
pve deaths,0.10,Green
warding point,0.13,Green
ngl sieging minimap,0.13,Green
nice snowballing ammo,0.12,Green
wdym kills,0.12,Green
done jungling rank,0.12,Green
bruh inventory,0.10,Green
aram bot,0.13,Green
sus backdooring sentry,0.13,Green
glhf,0.12,Green
rofl neutralizing meter,0.10,Green
vgg chasing spawn,0.12,Green
idk rushing meter,0.12,Green
ngl base,0.13,Green
lul streaming lobby,0.13,Green
tapping map,0.12,Green
aoe vaulting dps,0.13,Green
hold laning fountain,0.13,Green
wb queueing meter,0.13,Green
resetting leaderboard,0.10,Green
bbl,0.12,Green
copy capping deaths,0.13,Green
inc jungling flag,0.10,Green
tbh radar,0.10,Green
obv pinging loadout,0.12,Green
sure engaging settings,0.13,Green
here sliding armor,0.12,Green
reporting alt,0.10,Green
bruh smurf,0.13,Green
brb backing lobby,0.12,Green
yolo snowballing site,0.10,Green
ggs sniping comms,0.10,Green
pvp bot,0.10,Green
dced minions,0.13,Green
here carrying binds,0.13,Green
joining objective,0.13,Green
muting armor,0.10,Green
wya cooldowns,0.12,Green
afaik nexus,0.10,Green
oof voice,0.10,Green
defend jungle,0.12,Green
irl grinding boss,0.13,Green
f flank,0.12,Green
lowkey mid,0.13,Green
wdym harassing crystal,0.13,Green
gz,0.13,Green
gtg sniping stats,0.12,Green
pve fps,0.10,Green
k jungling throne,0.10,Green
crouching crystal,0.13,Green
req voice,0.13,Green
hp objective,0.13,Green
done binds,0.12,Green
hp countering backpack,0.13,Green
wb escaping streak,0.13,Green
grinding backpack,0.10,Green
nice saving choke,0.12,Green
og lagging creeps,0.10,Green
cap buying support,0.10,Green
meh angle,0.13,Green
gm spawning guild,0.10,Green
lmao poking barracks,0.10,Green
wdym roaming ping,0.13,Green
bg,0.10,Green
chill crashing bot,0.10,Green
hold farming minimap,0.13,Green
kek shields,0.10,Green
sus sniping base,0.13,Green
diving perimeter,0.10,Green
smh dodging spawn,0.13,Green
afk cache,0.10,Green
l lobby,0.12,Green
nice settings,0.12,Green
ty anchoring turret,0.10,Green
yolo farming mid,0.13,Green
ngl reloading creeps,0.13,Green
tourney reloading xp,0.10,Green
hf leaderboard,0.12,Green
dm poking angle,0.10,Green
hp push account,0.10,Green
scouting dps,0.12,Green
nt focusing nerf,0.10,Green
fr scouting flank,0.12,Green
jungling round,0.10,Green
rn map,0.13,Green
yep buff,0.12,Green
lol freezing mats,0.13,Green
fr warping meter,0.10,Green
escaping buff,0.13,Green
backdooring shields,0.13,Green
ty poking xp,0.12,Green
inc chasing guild,0.10,Green
yw assaulting settings,0.10,Green
fwiw tracking party,0.10,Green
wp extract,0.12,Green
crouching creeps,0.10,Green
irl focusing turret,0.12,Green
warping assists,0.10,Green
warping voice,0.13,Green
rofl reviving match,0.13,Green
wow baiting duo,0.13,Green
nope questing leaderboard,0.12,Green
nah camping buff,0.12,Green
gj flanking route,0.13,Green
dodging carry,0.12,Green
rn,0.10,Green
goat roaming carry,0.10,Green
kek ganking mic,0.10,Green
freezing buff,0.10,Green
focusing base,0.10,Green
wts invading xp,0.10,Green
omw armor,0.10,Green
sniping base,0.13,Green
meh selling alt,0.13,Green
rotating trio,0.10,Green
customs buying leaderboard,0.10,Green
gl party,0.13,Green
stacking jungle,0.10,Green
queueing bombsite,0.12,Green
splitpushing loadout,0.13,Green
afaik splitpushing barracks,0.10,Green
sniping leaderboard,0.10,Green
rez mats,0.12,Green
wtb invading cart,0.10,Green
cya reporting heals,0.12,Green
here vaulting flag,0.10,Green
ama contesting chest,0.10,Green
yw rotating kills,0.13,Green
based contesting smurf,0.10,Green
crouching account,0.10,Green
scrim flank,0.12,Green
aiming angle,0.13,Green
inhouse lane,0.12,Green
yolo snowballing flag,0.12,Green
customs raiding party,0.10,Green
kiting map,0.12,Green
covering mana,0.13,Green
casual capping party,0.10,Green
backing respawn,0.12,Green
nope tank,0.10,Green
joining barracks,0.10,Green
yw leaderboard,0.12,Green
fr guild,0.13,Green
poking health,0.10,Green
fwiw alt,0.12,Green
hp stacking vault,0.12,Green
stacking spawn,0.12,Green
jk,0.13,Green
yep buying lag,0.13,Green
ready sprinting wall,0.13,Green
kek wall,0.13,Green
inhouse stacking tank,0.12,Green
kk trading objective,0.10,Green
goat kiting loadout,0.12,Green
patrolling pit,0.13,Green
nt tank,0.13,Green
elo turret,0.10,Green
tilt warping fountain,0.13,Green
lmao laning buff,0.13,Green
sec covering cache,0.10,Green
trading creeps,0.10,Green
dc backdooring queue,0.10,Green
nice queueing discord,0.13,Green
draft peeling mana,0.10,Green
lmfao joining rank,0.12,Green
diff chasing extract,0.10,Green
surrendering lobby,0.13,Green
valid angle,0.13,Green
bet vaulting voice,0.10,Green
hold respawn,0.13,Green
aram protecting loot,0.13,Green
dodging lobby,0.10,Green
pvp roaming angle,0.13,Green
ranked defend bombsite,0.10,Green
op patrolling meter,0.12,Green
league match,0.13,Green
ranked creeps,0.12,Green
swapping bridge,0.13,Green
aiming jungle,0.12,Green
meh,0.13,Green
checking flag,0.12,Green
deadass questing extract,0.13,Green
meta joining meter,0.12,Green
questing angle,0.12,Green
sieging map,0.12,Green
standby kills,0.10,Green
equipping point,0.12,Green
mia smurfing tank,0.10,Green
pub laning ammo,0.12,Green
bro gold,0.13,Green
k bot,0.13,Green
spectating corner,0.13,Green
gratz staggering flag,0.13,Green
gn tower,0.12,Green
aoe covering mid,0.10,Green
here carry,0.13,Green
aiming tank,0.12,Green
ty gold,0.10,Green
contesting payload,0.13,Green
scouting top,0.12,Green
nvm sniping loot,0.10,Green
covering tunnel,0.10,Green
elo,0.10,Green
lfp trading match,0.10,Green
rez muting loadout,0.10,Green
gz smurf,0.13,Green
hold tracking dps,0.12,Green
lfp poking gold,0.12,Green
idk laning core,0.10,Green
omw questing nexus,0.12,Green
xd ulting flank,0.13,Green
lfg assaulting squad,0.12,Green
nt carry,0.13,Green
bro,0.12,Green
omw backdooring cooldowns,0.10,Green
kek smurfing tank,0.13,Green
saving nexus,0.10,Green
fr stacking loot,0.13,Green
reporting account,0.13,Green
lowkey cart,0.12,Green
nah lagging spawn,0.10,Green
lagging site,0.13,Green
vgg tank,0.12,Green
reloading settings,0.12,Green
contesting account,0.13,Green
ready clan,0.13,Green
idk adds,0.13,Green
protecting bot,0.10,Green
w stacking armor,0.10,Green
hype round,0.12,Green
tmr equipping crate,0.12,Green
scouting corner,0.13,Green
gm contesting trio,0.13,Green
ulting gold,0.10,Green
jk harassing stats,0.10,Green
inhouse peeking core,0.12,Green
gm buff,0.13,Green
planting map,0.13,Green
vgg chasing comms,0.10,Green
dm capping chokepoint,0.13,Green
casual alt,0.10,Green
mood pit,0.13,Green
lmfao kiting extract,0.13,Green
og raiding gold,0.10,Green
tapping perimeter,0.10,Green
lmfao rotating leaderboard,0.13,Green
rez spawning mid,0.10,Green
push deaths,0.12,Green
ranked zoning zone,0.13,Green
jungling deaths,0.13,Green
gj healing energy,0.13,Green
capping nexus,0.13,Green
defusing xp,0.10,Green
stomp need voice,0.12,Green
selling buff,0.10,Green
backdooring fountain,0.10,Green
deadass joining stats,0.13,Green
diff sliding discord,0.10,Green
bro binds,0.10,Green
kk tapping base,0.12,Green
gratz mats,0.12,Green
tbf baiting spawn,0.10,Green
dodging shields,0.10,Green
carrying objective,0.12,Green
smh aiming crate,0.13,Green
omw tapping turret,0.12,Green
stomp,0.13,Green
inhouse sniping ping,0.13,Green
facts contesting spawn,0.10,Green
gl protecting point,0.13,Green
wait stacking respawn,0.12,Green
gtg kiting bridge,0.10,Green
meta fountain,0.12,Green
vgg nerf,0.13,Green
kek leashing shop,0.13,Green
obv backing gold,0.10,Green
rushing objective,0.13,Green
crashing tower,0.12,Green
rng questing match,0.13,Green
bg armor,0.12,Green
soon map,0.12,Green
stacking bot,0.13,Green
gj cooldowns,0.12,Green
ama covering binds,0.13,Green
op harassing inventory,0.10,Green
lowkey spectating chokepoint,0.12,Green
muting vault,0.12,Green
lmfao trading xp,0.13,Green
ez surrendering crate,0.12,Green
l reloading cart,0.10,Green
kk queue,0.10,Green
wp pinging ping,0.10,Green
idk healing payload,0.10,Green
wb escaping comms,0.10,Green
streaming deaths,0.12,Green
rushing queue,0.12,Green
here looting trio,0.13,Green
wtt spawning loadout,0.13,Green
poggers meter,0.10,Green
rq spectating tower,0.12,Green
hp resetting objective,0.10,Green
ulting binds,0.12,Green
sure peeling fountain,0.10,Green
ez,0.13,Green
afk countering mats,0.13,Green
roger trio,0.13,Green
customs planting respawn,0.12,Green
ggs throwing flank,0.13,Green
fwiw throwing duo,0.10,Green
push nerf,0.13,Green
oof vaulting core,0.12,Green
warping adds,0.10,Green
mb engaging flag,0.13,Green
pve discord,0.10,Green
diff laning leaderboard,0.10,Green
bbl nerf,0.12,Green
gj looting energy,0.12,Green
gl snowballing base,0.10,Green
peeling crystal,0.12,Green
gl drop top,0.13,Green
oom carry,0.10,Green
inhouse adds,0.13,Green
ggs anchoring gold,0.12,Green
ama rotating objective,0.12,Green
ngl buying corner,0.13,Green
close push sentry,0.13,Green
vgg roaming core,0.12,Green
thx respawn,0.12,Green
oof bridge,0.10,Green
ama lobby,0.12,Green
yw ambushing bridge,0.10,Green
omw respawn,0.13,Green
backdooring crate,0.10,Green
hp spawning minions,0.10,Green
lol patrolling deaths,0.13,Green
brb crate,0.12,Green
bg invading zone,0.10,Green
gn sprinting bridge,0.10,Green
idc chokepoint,0.13,Green
ama saving trio,0.13,Green
wtt holding voice,0.13,Green
gtg base,0.10,Green
rushing boss,0.13,Green
copy mana,0.12,Green
jk farming assists,0.13,Green
raiding map,0.12,Green
saving mats,0.12,Green
queueing mana,0.12,Green
nvm laning tunnel,0.12,Green
f energy,0.13,Green
meta wall,0.12,Green
lmfao disengaging payload,0.10,Green
ama tower,0.12,Green
ggs defend xp,0.10,Green
f pit,0.10,Green
inc surrendering loot,0.13,Green
dodging support,0.13,Green
muting clan,0.10,Green
casual minimap,0.13,Green
league crouching backpack,0.13,Green
thx leashing main,0.13,Green
spectating alt,0.10,Green
nah disengaging cooldowns,0.12,Green
pulling round,0.10,Green
spraying match,0.12,Green
pog escaping lag,0.12,Green
ig pinging armor,0.12,Green
roger throwing turret,0.12,Green
ttyl harassing settings,0.12,Green
op chasing cache,0.12,Green
xd,0.12,Green
dc harassing nexus,0.10,Green
mood push discord,0.13,Green
ofc anchoring stamina,0.13,Green
bruh push crate,0.12,Green
kk dueling spawn,0.12,Green
wb crouching ping,0.10,Green
sliding squad,0.12,Green
valid pinging point,0.10,Green
draft spectating mana,0.13,Green
ganking binds,0.12,Green
gm capping buff,0.12,Green
idk lagging tunnel,0.10,Green
aiming sentry,0.12,Green
vgg reviving flank,0.12,Green
heard zoning support,0.10,Green
gg radar,0.13,Green
cc contesting lag,0.13,Green
iirc clan,0.13,Green
wts patrolling site,0.12,Green
pog stacking smurf,0.13,Green
bro laning mats,0.13,Green
fwiw defusing shop,0.10,Green
bbs comms,0.13,Green
dueling comms,0.12,Green
nt radar,0.12,Green
oof reloading cart,0.10,Green
lfp laning voice,0.13,Green
bruh pinging match,0.13,Green
ttyl covering inventory,0.13,Green
here pulling shields,0.10,Green
sprinting chokepoint,0.13,Green
muting nexus,0.13,Green
kek assaulting aggro,0.12,Green
engaging throne,0.10,Green
f barracks,0.10,Green
bet meter,0.10,Green
bruh chasing angle,0.12,Green
bro reloading gold,0.12,Green
lol trading bot,0.10,Green
gg focusing armor,0.12,Green
rn corner,0.12,Green
wtt leashing angle,0.10,Green
casual warding clan,0.10,Green
freezing throne,0.12,Green
oom leaderboard,0.10,Green
muting mic,0.10,Green
meta zoning creeps,0.12,Green
bruh planting site,0.10,Green
aoe nerf,0.10,Green
pvp spraying route,0.12,Green
rq discord,0.13,Green
yep spawning minions,0.12,Green
neutralizing stamina,0.10,Green
gm carry,0.10,Green
countering extract,0.13,Green
gtg camping adds,0.13,Green
aoe crafting round,0.13,Green
fr sliding buff,0.10,Green
cap chest,0.13,Green
lmao patrolling bridge,0.13,Green
chill diving fps,0.10,Green
roger muting corner,0.13,Green
nt crouching zone,0.10,Green
hp baiting tank,0.10,Green
lul buying leaderboard,0.13,Green
smurfing armor,0.13,Green
gj assaulting carry,0.12,Green
req peeking stats,0.13,Green
brb,0.13,Green
lmao raiding adds,0.12,Green
np minions,0.12,Green
copy protecting comms,0.10,Green
lfg defusing health,0.12,Green
rez laning discord,0.13,Green
fed queueing throne,0.13,Green
smh aiming base,0.13,Green
bbl disengaging queue,0.12,Green
peeking loadout,0.12,Green
meh inventory,0.13,Green
chill alt,0.13,Green
bbl chasing settings,0.10,Green
resetting flank,0.13,Green
ggs roaming round,0.13,Green
nvm kills,0.13,Green
casual equipping shop,0.12,Green
dc muting top,0.13,Green
roger reporting support,0.12,Green
k assists,0.12,Green
lmao healing bot,0.13,Green
throwing point,0.10,Green
nope bot,0.12,Green
jungling flag,0.12,Green
ready tapping jungle,0.10,Green
nice crafting wall,0.12,Green
draft,0.13,Green
boosting extract,0.12,Green
bet leashing mid,0.12,Green
reporting lane,0.10,Green
req zoning guild,0.12,Green
rn choke,0.12,Green
ff queue,0.12,Green
wb lobby,0.10,Green
tapping chokepoint,0.12,Green
dude radar,0.12,Green
bro reporting loot,0.10,Green
ok spectating aggro,0.10,Green
pve rotating tower,0.12,Green
goat binds,0.13,Green
kek raiding energy,0.13,Green
yolo streak,0.10,Green
resetting queue,0.10,Green
drop round,0.10,Green
bruh protecting assists,0.13,Green
gl flanking mic,0.13,Green
gg streaming alt,0.13,Green
nvm,0.12,Green
stomp stamina,0.10,Green
rushing rank,0.12,Green
harassing binds,0.10,Green
yep escaping comms,0.10,Green
oof zone,0.13,Green
valid,0.12,Green
tourney assists,0.12,Green
wtt carry,0.13,Green
valid peeking objective,0.10,Green
mia focusing wall,0.13,Green
sure ping,0.10,Green
done lobby,0.12,Green
eta vaulting main,0.12,Green
crafting bot,0.10,Green
freezing armor,0.10,Green
reviving lane,0.10,Green
spraying respawn,0.13,Green
done,0.10,Green
customs account,0.12,Green
sweeping stream,0.13,Green
leaving bombsite,0.12,Green
rez ambushing alt,0.13,Green
chill,0.13,Green
imho leaving alt,0.13,Green
gn radar,0.13,Green
tilt grinding nerf,0.12,Green
ranked assaulting crate,0.12,Green
covering fountain,0.12,Green
ulting pit,0.13,Green
wait minions,0.12,Green
tmr crafting minimap,0.13,Green
imho countering armor,0.12,Green
rez queueing deaths,0.13,Green
roger discord,0.10,Green
bbs queueing discord,0.12,Green
tilt dodging inventory,0.10,Green
lol chokepoint,0.10,Green
wts checking comms,0.10,Green
inc laning mats,0.13,Green
ok streaming support,0.10,Green
scouting scoreboard,0.10,Green
cap boosting account,0.10,Green
wtt dodging dps,0.12,Green
vgg crystal,0.12,Green
fed radar,0.13,Green
idk defend flag,0.10,Green
ez sniping throne,0.10,Green
wts barracks,0.10,Green
tilt boosting comms,0.13,Green
brb inventory,0.12,Green
tilt loot,0.13,Green
wtt lag,0.12,Green
noted zoning wall,0.13,Green
bro jungling bot,0.10,Green
ty buying choke,0.13,Green
ig mats,0.12,Green
pve chest,0.13,Green
done carrying guild,0.10,Green
done assaulting minimap,0.12,Green
afk patrolling shields,0.13,Green
planting throne,0.12,Green
diff countering cart,0.12,Green
need binds,0.10,Green
dueling fps,0.13,Green
np defusing point,0.10,Green
diff spawning crystal,0.13,Green
crashing ammo,0.12,Green
based sniping leaderboard,0.13,Green
ty rushing cache,0.12,Green
sus stacking jungle,0.12,Green
gratz grinding main,0.13,Green
pog objective,0.13,Green
meta queueing discord,0.13,Green
oof neutralizing ult,0.10,Green
mia route,0.12,Green
stomp inventory,0.13,Green
sweeping armor,0.12,Green
imho loot,0.12,Green
gratz deaths,0.10,Green
here selling mic,0.13,Green
pub backing carry,0.12,Green
obv boosting support,0.12,Green
fed rushing choke,0.12,Green
pve turret,0.10,Green
cya roaming route,0.13,Green
smurfing scoreboard,0.12,Green
draft rushing top,0.10,Green
invading armor,0.10,Green
valid spawn,0.12,Green
ttyl raiding queue,0.12,Green
imho need cooldowns,0.12,Green
brb ulting point,0.12,Green
backdooring leaderboard,0.10,Green
bbl carrying heals,0.10,Green
chill mic,0.13,Green
rip perimeter,0.12,Green
idc settings,0.13,Green
rq raiding ult,0.13,Green
wdym mid,0.12,Green
tmr baiting lag,0.12,Green
inc poking deaths,0.10,Green
rq peeling armor,0.13,Green
ama crouching match,0.10,Green
draft heals,0.12,Green
defusing angle,0.12,Green
selling respawn,0.12,Green
cya,0.13,Green
valid spawning mid,0.10,Green
vgg patrolling cache,0.12,Green
bet sniping health,0.12,Green
aram pulling shop,0.12,Green
based invading perimeter,0.10,Green
cap kills,0.10,Green
disengaging flag,0.12,Green
mood sniping respawn,0.10,Green
bet cache,0.12,Green
idk camping choke,0.10,Green
noted lagging shop,0.13,Green
wts alt,0.13,Green
stomp neutralizing boss,0.12,Green
afk lagging dps,0.12,Green
bg jungling inventory,0.13,Green
rofl capping deaths,0.12,Green
oom settings,0.12,Green
wow pinging match,0.13,Green
diving clan,0.13,Green
lowkey spectating adds,0.12,Green
ok staggering guild,0.12,Green
wow healing nerf,0.12,Green
tbf comms,0.12,Green
mood warding mana,0.10,Green
done planting barracks,0.12,Green
ofc ulting gold,0.12,Green
tilt joining jungle,0.12,Green
done sniping sentry,0.12,Green
bruh discord,0.13,Green
elo camping backpack,0.12,Green
snowballing ammo,0.13,Green
bet warding account,0.12,Green
oom crouching assists,0.10,Green
ty pinging objective,0.12,Green
here covering barracks,0.13,Green
spectating extract,0.10,Green
push ult,0.13,Green
noted ganking boss,0.10,Green
bro leaving loadout,0.12,Green
mood ambushing route,0.12,Green
wait anchoring squad,0.10,Green
ngl crystal,0.13,Green
casual leashing map,0.12,Green
noted countering payload,0.10,Green
lowkey raiding payload,0.12,Green
elo escorting account,0.12,Green
mmr pinging crate,0.10,Green
thx health,0.13,Green
lowkey,0.13,Green
jungling aggro,0.13,Green
l splitpushing crystal,0.12,Green
tracking armor,0.10,Green
poggers boosting match,0.10,Green
joining rank,0.12,Green
soon,0.10,Green
pulling energy,0.13,Green
tbh looting shields,0.13,Green
oom stamina,0.12,Green
lowkey perimeter,0.13,Green
req perimeter,0.13,Green
mb equipping cache,0.10,Green
draft rank,0.13,Green
ig looting stats,0.13,Green
fwiw wall,0.12,Green
tapping voice,0.10,Green
boosting zone,0.13,Green
bbs questing core,0.12,Green
scrim invading map,0.12,Green
tilt sieging ult,0.13,Green
inhouse stats,0.10,Green
buying extract,0.12,Green
brb roaming match,0.12,Green
poggers tracking ammo,0.10,Green
wb mats,0.12,Green
wdym zoning clan,0.13,Green
selling bridge,0.13,Green
leashing point,0.12,Green
tmr rushing stream,0.12,Green
wp smurfing chokepoint,0.10,Green
ranked spraying minimap,0.12,Green
omw escorting round,0.12,Green
smh invading guild,0.13,Green
patrolling flag,0.12,Green
ez pulling flank,0.12,Green
elo camping dps,0.10,Green
noted settings,0.12,Green
warping rank,0.12,Green
bg peeking barracks,0.10,Green
patrolling tower,0.12,Green
dc snowballing map,0.12,Green
nope assaulting dps,0.12,Green
rip peeling lane,0.10,Green
gm rotating bot,0.13,Green
fed queue,0.12,Green
cap baiting bot,0.12,Green
bbl drop minions,0.13,Green
patrolling top,0.13,Green
nbd gold,0.13,Green
gratz ulting party,0.10,Green
gl streaming armor,0.13,Green
nt holding loadout,0.13,Green
valid equipping loadout,0.12,Green
heard tracking armor,0.10,Green
lul nexus,0.13,Green
backing nexus,0.12,Green
focusing minimap,0.10,Green
op countering tower,0.10,Green
nbd freezing fps,0.13,Green
obv xp,0.13,Green
healing stats,0.12,Green
kek rushing mana,0.12,Green
rq pit,0.12,Green
wait dodging heals,0.10,Green
cc covering assists,0.10,Green
tourney raiding meter,0.12,Green
looting leaderboard,0.13,Green
grinding fountain,0.10,Green
spawning aggro,0.12,Green
valid reloading aggro,0.13,Green
fed tracking loadout,0.10,Green
l protecting radar,0.10,Green
pulling lag,0.12,Green
sec staggering health,0.12,Green
sec streaming top,0.13,Green
oom holding loot,0.12,Green
here backing xp,0.12,Green
nice equipping gold,0.12,Green
idk stacking lobby,0.12,Green
disengaging shields,0.12,Green
throwing site,0.10,Green
escorting wall,0.10,Green
ama healing binds,0.12,Green
glhf countering buff,0.10,Green
idk perimeter,0.10,Green
iirc defend nexus,0.12,Green
staggering mid,0.13,Green
rofl push pit,0.12,Green
customs,0.10,Green
hf farming match,0.12,Green
gl anchoring backpack,0.12,Green
wtt boosting comms,0.12,Green
rofl mid,0.10,Green
w backdooring flank,0.10,Green
selling discord,0.12,Green
peeling adds,0.12,Green
backing core,0.13,Green
nt fps,0.10,Green
roger round,0.12,Green
ngl swapping stream,0.12,Green
wtt vaulting core,0.10,Green
idc freezing squad,0.12,Green
jk poking ammo,0.13,Green
bet queue,0.13,Green
meh carrying energy,0.10,Green
roger sniping vault,0.10,Green
diving smurf,0.10,Green
cc tracking settings,0.10,Green
smh assists,0.10,Green
aoe smurf,0.10,Green
vaulting smurf,0.10,Green
boosting corner,0.12,Green
selling pit,0.10,Green
glhf dps,0.10,Green
wp escorting payload,0.12,Green
wb disengaging zone,0.12,Green
streaming minions,0.10,Green
afaik muting crate,0.13,Green
imo freezing smurf,0.12,Green
mia nexus,0.10,Green
np surrendering chest,0.12,Green
goat laning chest,0.10,Green
tilt aggro,0.10,Green
aram pinging match,0.12,Green
l crouching guild,0.10,Green
bruh flanking support,0.13,Green
kek,0.10,Green
draft boosting energy,0.12,Green
scrim jungling binds,0.12,Green
brb resetting top,0.13,Green
rez focusing buff,0.12,Green
raiding stream,0.10,Green
gg assaulting pit,0.13,Green
nt countering adds,0.10,Green
bg throwing clan,0.10,Green
dc looting mana,0.13,Green
stomp jungling lane,0.10,Green
copy peeling discord,0.10,Green
gl scoreboard,0.12,Green
rip need extract,0.12,Green
xd throne,0.12,Green
gz tapping creeps,0.12,Green
idc diving angle,0.10,Green
holding shields,0.12,Green
aram boss,0.12,Green
pve pinging sentry,0.12,Green
crashing chokepoint,0.10,Green
nt loot,0.13,Green
mood angle,0.12,Green
protecting match,0.13,Green
idk invading sentry,0.10,Green
wdym minions,0.10,Green
ready sprinting round,0.10,Green
healing backpack,0.13,Green
standby stacking bot,0.12,Green
ggs dodging match,0.10,Green
farming tunnel,0.10,Green
ty escaping backpack,0.13,Green
mia scouting duo,0.13,Green
hype rushing spawn,0.10,Green
lol warding sentry,0.13,Green
valid defusing discord,0.10,Green
muting payload,0.10,Green
facts sieging bot,0.12,Green
rng loot,0.10,Green
kek pulling aggro,0.10,Green
reporting nexus,0.12,Green
req match,0.13,Green
facts baiting cart,0.13,Green
k leashing stream,0.12,Green
fr flanking flag,0.10,Green
harassing streak,0.13,Green
eta warping objective,0.10,Green
assaulting mats,0.12,Green
np peeking wall,0.10,Green
fed harassing meter,0.12,Green
deadass grinding fps,0.12,Green
jk drop fountain,0.13,Green
wait chokepoint,0.13,Green
obv aiming shields,0.10,Green
thx aiming cache,0.13,Green
iirc anchoring adds,0.13,Green
afaik tank,0.10,Green
chill leaderboard,0.12,Green
disengaging nexus,0.10,Green
ngl mic,0.12,Green
w holding round,0.13,Green
anchoring dps,0.12,Green
diving stream,0.10,Green
saving voice,0.13,Green
smh settings,0.10,Green
pinging radar,0.12,Green
meh defusing meter,0.12,Green
casual questing ping,0.10,Green
draft clan,0.12,Green
idk sieging chest,0.12,Green
tourney escorting account,0.12,Green
noted contesting fps,0.13,Green
np,0.12,Green
lmao route,0.10,Green
nice ganking bombsite,0.13,Green
focusing support,0.12,Green
reviving spawn,0.13,Green
inc angle,0.12,Green
clear jungle,0.12,Green
equipping bot,0.12,Green
sieging scoreboard,0.10,Green
pvp push loot,0.12,Green
wdym chokepoint,0.13,Green
wdym streak,0.13,Green
clear farming loadout,0.12,Green
w ganking nerf,0.10,Green
smh smurf,0.10,Green
lfp aiming comms,0.10,Green
splitpushing pit,0.10,Green
thx chasing chokepoint,0.13,Green
elo carrying stats,0.13,Green
ff sliding map,0.13,Green
trading queue,0.12,Green
glhf streak,0.12,Green
pve,0.10,Green
customs raiding nexus,0.13,Green
push main,0.13,Green
og saving account,0.10,Green
based smurfing settings,0.12,Green
clear looting choke,0.12,Green
lol contesting account,0.12,Green
oom party,0.13,Green
aoe resetting barracks,0.12,Green
kiting mid,0.10,Green
gtg core,0.10,Green
tmr focusing rank,0.12,Green
nbd sweeping streak,0.12,Green
surrendering guild,0.10,Green
iirc laning cart,0.12,Green
wts warding respawn,0.12,Green
ok corner,0.10,Green
dm warping round,0.13,Green
lmao looting boss,0.12,Green
yolo,0.10,Green
close roaming scoreboard,0.12,Green
lmao trading crate,0.13,Green
dced reloading meter,0.12,Green
cya ult,0.12,Green
boosting ult,0.12,Green
spraying perimeter,0.12,Green
clear sweeping voice,0.12,Green
gg lane,0.13,Green
kk peeling support,0.12,Green
hype checking kills,0.13,Green
brb site,0.13,Green
ready raiding sentry,0.10,Green
stomp chasing loot,0.13,Green
np adds,0.13,Green
rng swapping health,0.10,Green
gratz warping tunnel,0.13,Green
lowkey freezing mic,0.13,Green
freezing queue,0.10,Green
kk escaping mats,0.13,Green
gj loot,0.13,Green
anchoring bombsite,0.13,Green
vgg spawning guild,0.12,Green
grinding loot,0.10,Green
dude health,0.10,Green
vgg defend main,0.12,Green
checking ping,0.10,Green
planting flag,0.12,Green
imo,0.13,Green
iirc queueing angle,0.12,Green
dc crouching stream,0.10,Green
mb sweeping fps,0.10,Green
yep defend cart,0.10,Green
pvp harassing cart,0.12,Green
ok lane,0.10,Green
yep focusing cooldowns,0.12,Green
dced jungle,0.13,Green
checking barracks,0.13,Green
resetting loadout,0.13,Green
disengaging crystal,0.12,Green
cc inventory,0.10,Green
draft staggering objective,0.10,Green
fed tank,0.10,Green
facts grinding health,0.10,Green
smurfing discord,0.13,Green
ngl backdooring stamina,0.10,Green
jk surrendering aggro,0.13,Green
pog stacking objective,0.12,Green
pog crafting lobby,0.12,Green
nice crashing ammo,0.10,Green
customs splitpushing lag,0.13,Green
iirc joining mid,0.10,Green
dude rotating lag,0.10,Green
lmao tank,0.12,Green
patrolling loot,0.13,Green
disengaging top,0.13,Green
carrying vault,0.13,Green
eta route,0.13,Green
protecting deaths,0.13,Green
nvm spawning energy,0.13,Green
carrying xp,0.13,Green
wait wall,0.13,Green
roger ganking party,0.12,Green
reviving backpack,0.12,Green
spawning guild,0.10,Green
resetting trio,0.13,Green
streaming jungle,0.13,Green
yolo rushing energy,0.12,Green
tbf,0.13,Green
gratz flanking squad,0.10,Green
cc escaping bombsite,0.12,Green
inhouse countering alt,0.12,Green
pog drop heals,0.13,Green
hold energy,0.13,Green
leaving throne,0.12,Green
aram carrying respawn,0.12,Green
oof vaulting bridge,0.12,Green
lol roaming choke,0.13,Green
copy ganking crate,0.12,Green
wtt chest,0.13,Green
nvm pinging meter,0.12,Green
lagging jungle,0.12,Green
tilt healing cart,0.13,Green
casual boosting base,0.10,Green
here loadout,0.13,Green
omw resetting main,0.13,Green
irl wall,0.12,Green
kek throwing ping,0.13,Green
escaping bot,0.12,Green
hf backdooring objective,0.12,Green
nice escaping alt,0.13,Green
assaulting mana,0.13,Green
tracking pit,0.12,Green
smh surrendering mid,0.10,Green
bro throwing shields,0.12,Green
staggering guild,0.13,Green
fwiw dodging mid,0.10,Green
elo disengaging streak,0.10,Green
assaulting creeps,0.10,Green
spectating buff,0.10,Green
nt sniping deaths,0.10,Green
mia peeling top,0.13,Green
lmfao escaping zone,0.10,Green
cya defusing party,0.13,Green
holding vault,0.13,Green
yep trading backpack,0.12,Green
gm backing mats,0.13,Green
wtb countering spawn,0.13,Green
cc dueling aggro,0.10,Green
mmr buying mic,0.12,Green
oof escorting chest,0.13,Green
stomp binds,0.10,Green
close scouting mid,0.13,Green
hf diving guild,0.13,Green
yep point,0.13,Green
noted need duo,0.12,Green
based camping point,0.13,Green
ig healing mana,0.10,Green
drop streak,0.13,Green
backdooring account,0.13,Green
soon sweeping round,0.10,Green
wya looting leaderboard,0.12,Green
ttyl top,0.12,Green
lol questing boss,0.12,Green
ez nerf,0.13,Green
ofc peeling route,0.10,Green
k,0.10,Green
afaik kiting throne,0.12,Green
nice boosting jungle,0.13,Green
bbl protecting backpack,0.10,Green
throwing deaths,0.12,Green
escorting fountain,0.13,Green
afk lagging smurf,0.13,Green
valid dodging squad,0.13,Green
gj rushing nerf,0.12,Green
wya,0.13,Green
cap sprinting choke,0.10,Green
pve spectating flag,0.10,Green
tbf peeling loot,0.10,Green
chill peeking aggro,0.10,Green
nice boosting payload,0.10,Green
nope rotating scoreboard,0.12,Green
tbf swapping flag,0.10,Green
yolo focusing lane,0.13,Green
fwiw looting lobby,0.13,Green
tourney match,0.13,Green
done backing stats,0.12,Green
meta protecting flag,0.13,Green
sure assaulting bridge,0.13,Green
based assaulting streak,0.12,Green
holding choke,0.10,Green
sweeping aggro,0.10,Green
sweeping base,0.10,Green
gtg need account,0.12,Green
oof chest,0.13,Green
brb anchoring corner,0.13,Green
close swapping wall,0.12,Green
escorting scoreboard,0.12,Green
standby crashing armor,0.12,Green
irl,0.13,Green
bro capping rank,0.12,Green
selling carry,0.12,Green
league buying objective,0.10,Green
kk jungling lane,0.13,Green
draft flanking wall,0.10,Green
aoe healing armor,0.12,Green
yolo contesting scoreboard,0.12,Green
goat snowballing aggro,0.12,Green
ganking bot,0.13,Green
inc crashing chest,0.12,Green
fr poking nerf,0.12,Green
wait aggro,0.10,Green
neutralizing perimeter,0.13,Green
fed anchoring shop,0.13,Green
smh defusing mic,0.13,Green
l crashing support,0.13,Green
wdym selling chest,0.12,Green
here ult,0.10,Green
need shop,0.10,Green
deadass pulling kills,0.10,Green
yolo pulling comms,0.12,Green
poggers muting lag,0.13,Green
dm leaving squad,0.13,Green
glhf invading corner,0.13,Green
ngl inventory,0.12,Green
deadass buying settings,0.12,Green
throwing crate,0.10,Green
ofc planting squad,0.10,Green
wtb scoreboard,0.13,Green
lfp energy,0.13,Green
nt cache,0.12,Green
nvm defusing buff,0.12,Green
fwiw crashing flank,0.13,Green
imho roaming leaderboard,0.12,Green
ig,0.10,Green
tilt assaulting zone,0.10,Green
rng,0.12,Green
close rushing core,0.10,Green
op kiting guild,0.12,Green
eta tracking adds,0.10,Green
bbs pinging trio,0.13,Green
nbd ambushing perimeter,0.12,Green
ez holding guild,0.13,Green
boosting mana,0.10,Green
dced raiding barracks,0.10,Green
irl objective,0.10,Green
kek spraying main,0.13,Green
rushing voice,0.13,Green
tourney guild,0.13,Green
obv scouting radar,0.10,Green
ngl leaderboard,0.10,Green
vgg flanking scoreboard,0.12,Green
og,0.12,Green
rip dueling minions,0.13,Green
gtg defusing aggro,0.10,Green
rez raiding bombsite,0.13,Green
hype perimeter,0.10,Green
gl queueing choke,0.13,Green
heard laning radar,0.13,Green
roger tapping mats,0.13,Green
eta pulling point,0.13,Green
ty lagging extract,0.12,Green
mmr tapping boss,0.13,Green
gl leashing barracks,0.12,Green
spawning shields,0.12,Green
w crouching respawn,0.12,Green
dude diving fps,0.12,Green
tourney queueing route,0.10,Green
obv drop trio,0.12,Green
facts sniping tunnel,0.13,Green
baiting discord,0.13,Green
smh leaderboard,0.12,Green
ofc voice,0.12,Green
lfg trio,0.12,Green
fr peeking gold,0.13,Green
wtb guild,0.13,Green
casual drop loot,0.12,Green
wow scoreboard,0.13,Green
mb chest,0.12,Green
imo tapping extract,0.12,Green
nbd drop stamina,0.10,Green
pub party,0.13,Green
op,0.13,Green
wya spectating corner,0.12,Green
ulting chokepoint,0.10,Green
mia extract,0.13,Green
casual warping rank,0.10,Green
fwiw,0.10,Green
chill kiting shop,0.10,Green
cap map,0.13,Green
gm xp,0.12,Green
vaulting cart,0.12,Green
casual lobby,0.12,Green
streaming shop,0.12,Green
disengaging dps,0.12,Green
flanking bridge,0.12,Green
nice ganking respawn,0.13,Green
wow stacking minions,0.10,Green
pinging cache,0.10,Green
reporting inventory,0.12,Green
trading health,0.10,Green
backdooring throne,0.13,Green
valid mats,0.12,Green
facts ambushing core,0.10,Green
scouting angle,0.12,Green
ggs healing tank,0.10,Green
ff crashing site,0.13,Green
looting radar,0.13,Green
oof account,0.12,Green
grinding boss,0.12,Green
np ganking point,0.10,Green
questing ult,0.12,Green
bro crystal,0.13,Green
warping flag,0.12,Green
questing gold,0.13,Green
afaik rotating barracks,0.12,Green
kk chasing pit,0.13,Green
ttyl muting aggro,0.13,Green
queueing comms,0.10,Green
diving vault,0.13,Green
draft contesting zone,0.13,Green
reloading minions,0.12,Green
wtb streak,0.12,Green
hp raiding tower,0.13,Green
nbd ulting stamina,0.13,Green
surrendering deaths,0.10,Green
poggers scouting smurf,0.12,Green
mia joining lag,0.10,Green
imo flanking mats,0.12,Green
inc crate,0.12,Green
reporting squad,0.13,Green
pve spraying trio,0.12,Green
ready escaping leaderboard,0.13,Green
og drop choke,0.10,Green
mmr capping clan,0.10,Green
lol backing scoreboard,0.13,Green
pvp barracks,0.12,Green
hf laning nerf,0.13,Green
tourney defend minimap,0.10,Green
tbh rushing base,0.13,Green
kek buff,0.10,Green
pvp equipping perimeter,0.10,Green
elo tower,0.12,Green
sniping ult,0.12,Green
wtt mid,0.12,Green
aoe reporting top,0.13,Green
gj flanking binds,0.10,Green
reporting smurf,0.10,Green
lfp flank,0.13,Green
aram checking comms,0.13,Green
tbf need loadout,0.12,Green
ama reviving gold,0.12,Green
cap throwing bridge,0.13,Green
wb boss,0.13,Green
ez questing party,0.13,Green
idc shop,0.12,Green
gm saving radar,0.12,Green
mood rushing dps,0.10,Green
streaming stats,0.12,Green
poggers loadout,0.10,Green
wp questing bridge,0.13,Green
bbl laning barracks,0.13,Green
lol peeling core,0.12,Green
nah laning cart,0.12,Green
ig chasing deaths,0.10,Green
snowballing flank,0.12,Green
hype tracking gold,0.13,Green
wts,0.13,Green
idc defend cart,0.12,Green
dude crafting guild,0.13,Green
rez staggering creeps,0.12,Green
gj ulting cache,0.10,Green
imho surrendering extract,0.13,Green
trading voice,0.12,Green
mb chasing ammo,0.10,Green
ama energy,0.10,Green
pulling loot,0.10,Green
jk aiming cooldowns,0.12,Green
heard equipping assists,0.12,Green
elo peeling bot,0.12,Green
focusing mana,0.13,Green
yep turret,0.10,Green
gratz ulting minions,0.13,Green
aram route,0.10,Green
hf health,0.13,Green
gj voice,0.12,Green
deadass laning crate,0.10,Green
rng pulling bombsite,0.13,Green
sus point,0.10,Green
patrolling extract,0.12,Green
lul rushing shop,0.10,Green
casual drop shields,0.12,Green
peeking settings,0.10,Green
poking point,0.13,Green
clear throne,0.13,Green
capping cooldowns,0.10,Green
gn harassing loot,0.13,Green
bbl duo,0.10,Green
gl spawning boss,0.13,Green
oom reviving mic,0.13,Green
deadass meter,0.10,Green
tracking stream,0.12,Green
tmr ganking discord,0.10,Green
rez throwing bot,0.10,Green
lfg rotating angle,0.13,Green
afaik harassing streak,0.13,Green
rushing base,0.12,Green
obv gold,0.12,Green
pog leashing buff,0.13,Green
done vaulting stamina,0.13,Green
based engaging jungle,0.10,Green
op leashing energy,0.10,Green
bbs flanking aggro,0.10,Green
bbl invading payload,0.13,Green
wtb pulling clan,0.10,Green
rn tunnel,0.13,Green
np peeling minions,0.10,Green
aram covering respawn,0.13,Green
league carrying map,0.12,Green
sure planting map,0.12,Green
league jungling extract,0.13,Green
casual perimeter,0.12,Green
queueing bridge,0.13,Green
aoe backing mid,0.12,Green
dc poking wall,0.12,Green
gm protecting nerf,0.10,Green
rotating assists,0.12,Green
wtb trading mid,0.12,Green
customs kiting ping,0.13,Green
meta selling minimap,0.12,Green
heard spawning round,0.12,Green
valid reviving heals,0.12,Green
aram main,0.12,Green
close defend route,0.10,Green
obv deaths,0.13,Green
poggers,0.10,Green
bg defusing aggro,0.10,Green
clear resetting flag,0.10,Green
gg neutralizing lag,0.12,Green
gl tapping meter,0.13,Green
pve warping bridge,0.13,Green
bro roaming jungle,0.13,Green
fwiw countering energy,0.13,Green
ready cart,0.13,Green
nvm diving carry,0.10,Green
omg capping match,0.12,Green
lagging match,0.10,Green
snowballing point,0.13,Green
wtt base,0.10,Green
idc wall,0.10,Green
pve cache,0.10,Green
yep chest,0.13,Green
trading lag,0.10,Green
patrolling chokepoint,0.12,Green
league defend respawn,0.12,Green
splitpushing round,0.13,Green
op spawning adds,0.12,Green
ama,0.10,Green
tmr spraying bombsite,0.10,Green
resetting bridge,0.10,Green
omg reloading squad,0.13,Green
covering payload,0.12,Green
ranked flanking health,0.10,Green
nah trading lane,0.12,Green
ig stacking kills,0.10,Green
obv sentry,0.12,Green
ngl deaths,0.10,Green
reloading chest,0.10,Green
aram crashing ping,0.10,Green
deadass crouching ammo,0.13,Green
league holding lane,0.12,Green
ez assaulting ult,0.13,Green
w raiding minimap,0.13,Green
valid harassing kills,0.13,Green
zoning flank,0.10,Green
patrolling leaderboard,0.10,Green
rushing squad,0.10,Green
hp warding account,0.12,Green
dm ganking lane,0.13,Green
gj protecting cart,0.10,Green
tourney raiding map,0.10,Green
diff defusing alt,0.12,Green
glhf sentry,0.13,Green
draft ult,0.13,Green
elo ulting smurf,0.12,Green
rez sniping voice,0.10,Green
roaming tunnel,0.10,Green
diff spawning perimeter,0.12,Green
tmr peeling choke,0.13,Green
ok tracking objective,0.10,Green
here tracking clan,0.12,Green
meh equipping cart,0.12,Green
sec patrolling minions,0.13,Green
lol baiting perimeter,0.12,Green
nah dodging chest,0.12,Green
sprinting alt,0.12,Green
aram carrying kills,0.10,Green
dueling alt,0.13,Green
glhf staggering lane,0.12,Green
imo harassing turret,0.12,Green
yolo planting turret,0.12,Green
reporting barracks,0.13,Green
smurfing binds,0.12,Green
rn stacking sentry,0.10,Green
ranked rushing crystal,0.12,Green
bbl camping support,0.12,Green
ama scouting angle,0.12,Green
diff backpack,0.12,Green
ama loot,0.12,Green
hf drop round,0.13,Green
rotating shields,0.13,Green
hold contesting leaderboard,0.12,Green
op sniping jungle,0.13,Green
aiming wall,0.13,Green
vgg xp,0.12,Green
gn roaming stamina,0.10,Green
thx backing top,0.12,Green
imho defend account,0.12,Green
ez sweeping bombsite,0.10,Green
throwing stamina,0.10,Green
tbf pulling bot,0.13,Green
warding health,0.13,Green
yolo corner,0.10,Green
inhouse streaming base,0.12,Green
pvp poking spawn,0.13,Green
tourney streaming jungle,0.10,Green
ez jungling binds,0.13,Green
bg sprinting point,0.12,Green
nvm ambushing lag,0.12,Green
poggers sniping kills,0.13,Green
fed defend smurf,0.10,Green
dm flank,0.10,Green
tmr healing account,0.10,Green
gj flanking mic,0.10,Green
nbd core,0.10,Green
gg holding duo,0.10,Green
checking match,0.12,Green
rn selling crate,0.12,Green
mmr focusing meter,0.13,Green
fr healing perimeter,0.12,Green
leaving backpack,0.13,Green
tmr peeking assists,0.10,Green
yolo scouting xp,0.13,Green
brb party,0.12,Green
mb joining throne,0.10,Green
inhouse sniping match,0.13,Green
mia zoning nerf,0.13,Green
brb zoning tank,0.13,Green
bro smurf,0.10,Green
k diving ping,0.12,Green
carrying dps,0.13,Green
pve vaulting kills,0.12,Green
nt,0.10,Green
lmao sliding fps,0.12,Green
stacking core,0.10,Green
rn disengaging settings,0.13,Green
ez voice,0.12,Green
yolo radar,0.10,Green
rez,0.13,Green
elo spawning rank,0.12,Green
soon patrolling heals,0.13,Green
thx ambushing top,0.12,Green
diff drop duo,0.12,Green
inhouse,0.12,Green
dude point,0.13,Green
clear questing alt,0.12,Green
wp need perimeter,0.13,Green
og adds,0.12,Green
raiding mic,0.12,Green
xd laning fps,0.13,Green
ready binds,0.10,Green
rotating map,0.12,Green
gratz,0.12,Green
rushing point,0.12,Green
glhf smurf,0.10,Green
hold drop chokepoint,0.10,Green
sus contesting pit,0.12,Green
sure,0.10,Green
surrendering leaderboard,0.10,Green
streaming stream,0.10,Green
bro disengaging mats,0.12,Green
pog healing leaderboard,0.10,Green
ofc trading loadout,0.12,Green
oom buff,0.10,Green
gz tunnel,0.12,Green
yep stacking settings,0.10,Green
idc aiming rank,0.10,Green
clear protecting core,0.12,Green
omg smurf,0.13,Green
mood mana,0.13,Green
pub queue,0.12,Green
smh,0.10,Green
wts rushing loot,0.10,Green
afaik settings,0.12,Green
inhouse crystal,0.12,Green
cap spawning heals,0.13,Green
close sprinting corner,0.13,Green
hold aiming turret,0.13,Green
crashing kills,0.12,Green
soon point,0.13,Green
cc throwing trio,0.12,Green
lol peeking buff,0.12,Green
ofc,0.12,Green
elo resetting lane,0.13,Green
crouching spawn,0.13,Green
thx assists,0.12,Green
tourney defend top,0.13,Green
sliding choke,0.10,Green
snowballing cooldowns,0.13,Green
wtb leashing lane,0.10,Green
noted fountain,0.12,Green
pve bombsite,0.12,Green
sure surrendering base,0.13,Green
xd leashing streak,0.12,Green
roger ambushing shop,0.13,Green
disengaging lobby,0.13,Green
wtt planting settings,0.13,Green
tilt anchoring settings,0.12,Green
bet selling loot,0.12,Green
tapping cache,0.13,Green
dced surrendering pit,0.10,Green
noted escaping leaderboard,0.13,Green
saving flag,0.10,Green
roaming pit,0.10,Green
wait camping jungle,0.13,Green
dm loot,0.12,Green
poggers radar,0.13,Green
ttyl saving throne,0.12,Green
tmr muting kills,0.12,Green
omw xp,0.10,Green
gl chasing spawn,0.10,Green
thx trio,0.10,Green
ranked,0.10,Green
lfp wall,0.12,Green
fed splitpushing smurf,0.10,Green
imho focusing crate,0.10,Green
muting tank,0.13,Green
customs crafting adds,0.13,Green
lfp staggering adds,0.12,Green
ig point,0.12,Green
scouting cache,0.12,Green
farming aggro,0.13,Green
omg leaving trio,0.10,Green
wb duo,0.10,Green
ready chasing core,0.12,Green
muting chest,0.10,Green
fed dueling stats,0.12,Green
lol peeling mana,0.12,Green
swapping streak,0.12,Green
gn reloading tunnel,0.13,Green
omw pulling site,0.13,Green
chill farming extract,0.13,Green
based queue,0.13,Green
iirc protecting turret,0.13,Green
np cooldowns,0.10,Green
fed selling match,0.13,Green
np stacking bot,0.13,Green
drop cooldowns,0.13,Green
clear vault,0.13,Green
ready ambushing extract,0.12,Green
splitpushing dps,0.10,Green
pvp assaulting crate,0.13,Green
jk checking crate,0.10,Green
fwiw crashing point,0.10,Green
ig defend buff,0.13,Green
poking queue,0.12,Green
reloading crate,0.12,Green
fr lagging queue,0.13,Green
close harassing cart,0.12,Green
equipping xp,0.13,Green
nbd selling top,0.10,Green
brb snowballing mats,0.13,Green
ggs jungle,0.13,Green
obv stacking streak,0.13,Green
vgg wall,0.12,Green
ttyl tapping point,0.10,Green
meta planting site,0.12,Green
wtt sprinting top,0.13,Green
gm dodging stats,0.12,Green
ama rushing alt,0.13,Green
sec buying corner,0.13,Green
idc buff,0.10,Green
og defusing zone,0.13,Green
crashing objective,0.13,Green
nbd resetting adds,0.12,Green
fwiw carrying assists,0.12,Green
og nerf,0.10,Green
lol pulling stats,0.10,Green
ff equipping nerf,0.12,Green
l,0.12,Green
elo surrendering cache,0.13,Green
thx support,0.10,Green
copy swapping mana,0.13,Green
nice need zone,0.12,Green
ff reporting wall,0.12,Green
swapping settings,0.13,Green
gj roaming lag,0.13,Green
hf tank,0.12,Green
mmr vaulting radar,0.10,Green
leaving turret,0.13,Green
idc fountain,0.13,Green
imho grinding radar,0.10,Green
hype defend loot,0.13,Green
hype boss,0.13,Green
wait smurf,0.12,Green
ttyl healing lobby,0.12,Green
mb sniping rank,0.13,Green
peeling inventory,0.13,Green
rng wall,0.12,Green
need bot,0.10,Green
throwing payload,0.10,Green
lmao alt,0.12,Green
based peeling account,0.13,Green
cap assaulting minimap,0.13,Green
staggering stamina,0.10,Green
oom backdooring ammo,0.12,Green
tbf patrolling settings,0.12,Green
elo staggering ammo,0.12,Green
jk buying nexus,0.10,Green
deadass poking cart,0.13,Green
omg energy,0.12,Green
wya tapping lag,0.13,Green
scrim pulling support,0.10,Green
fed reporting armor,0.13,Green
k contesting throne,0.10,Green
fwiw mats,0.13,Green
warping sentry,0.12,Green
mmr invading stream,0.10,Green
oof crashing respawn,0.10,Green
dc scouting backpack,0.12,Green
league radar,0.12,Green
heard resetting core,0.10,Green
push guild,0.13,Green
mmr covering pit,0.12,Green
nbd smurfing tunnel,0.10,Green
escorting chokepoint,0.13,Green
saving binds,0.12,Green
tilt reloading mats,0.10,Green
yep chokepoint,0.12,Green
hold escorting energy,0.13,Green
nice lane,0.13,Green
gl mid,0.13,Green
smh covering route,0.13,Green
hold chokepoint,0.10,Green
contesting lane,0.12,Green
lowkey contesting tunnel,0.12,Green
sure flanking queue,0.10,Green
focusing carry,0.10,Green
kk jungling throne,0.13,Green
nbd crashing heals,0.12,Green
casual ganking zone,0.12,Green
cc objective,0.12,Green
aram rotating lane,0.10,Green
ok chest,0.10,Green
draft grinding deaths,0.13,Green
kiting bridge,0.12,Green
cya match,0.10,Green
yw ambushing bombsite,0.13,Green
sweeping boss,0.13,Green
og throwing extract,0.12,Green
harassing ammo,0.13,Green
bbl peeling adds,0.10,Green
copy need tank,0.13,Green
roaming smurf,0.13,Green
ff covering cart,0.12,Green
rip dueling gold,0.10,Green
omw,0.12,Green
ngl chasing vault,0.12,Green
jk diving pit,0.12,Green
poggers lagging base,0.12,Green
kek spectating health,0.13,Green
obv focusing wall,0.13,Green
spraying barracks,0.13,Green
pinging stream,0.13,Green
cya covering point,0.12,Green
hp laning guild,0.10,Green
nt joining minimap,0.13,Green
lfg chest,0.10,Green
tbf resetting top,0.12,Green
yep peeking account,0.10,Green
jk boosting angle,0.10,Green
rn guild,0.12,Green
ggs fountain,0.12,Green
mood stream,0.10,Green
rn covering cache,0.13,Green
reporting flank,0.12,Green
mmr disengaging sentry,0.10,Green
wow aggro,0.13,Green
crashing binds,0.10,Green
diff rotating voice,0.12,Green
league crashing ult,0.10,Green
glhf pulling comms,0.12,Green
customs sprinting radar,0.13,Green
done farming leaderboard,0.10,Green
wts lagging health,0.10,Green
crouching health,0.12,Green
ofc binds,0.13,Green
nah patrolling queue,0.12,Green
draft vault,0.12,Green
lmfao,0.10,Green
meh countering heals,0.13,Green
poggers spraying stamina,0.13,Green
bro wall,0.12,Green
rng loadout,0.12,Green
yw pulling assists,0.13,Green
pog staggering payload,0.13,Green
protecting barracks,0.13,Green
vgg objective,0.12,Green
pub baiting binds,0.13,Green
mia angle,0.12,Green
gratz stacking flag,0.12,Green
sus peeking meter,0.12,Green
idk xp,0.13,Green
lmao chasing extract,0.10,Green
wts healing chokepoint,0.13,Green
brb diving duo,0.12,Green
gn warding flag,0.10,Green
aram backdooring nexus,0.13,Green
tbh queueing stats,0.13,Green
ok pulling duo,0.12,Green
roger harassing route,0.13,Green
tilt spectating binds,0.13,Green
lowkey escorting payload,0.12,Green
lol raiding duo,0.10,Green
gj sniping turret,0.13,Green
healing creeps,0.12,Green
customs swapping meter,0.13,Green
gj poking fountain,0.12,Green
pog spawning chest,0.10,Green
l guild,0.12,Green
nope sieging bridge,0.13,Green
copy adds,0.13,Green
meh laning lag,0.13,Green
lol freezing base,0.12,Green
standby corner,0.12,Green
pvp harassing kills,0.10,Green
k queueing heals,0.13,Green
afaik corner,0.13,Green
og lag,0.10,Green
stomp ambushing bombsite,0.13,Green
goat flanking lobby,0.10,Green
harassing extract,0.12,Green
escorting mana,0.13,Green
rq crashing ult,0.13,Green
ready guild,0.10,Green
scrim,0.10,Green
chasing match,0.13,Green
omg defusing barracks,0.10,Green
kek reporting kills,0.10,Green
kek barracks,0.13,Green
dm tunnel,0.10,Green
rez ambushing spawn,0.10,Green
clear scouting leaderboard,0.13,Green
ggs chasing extract,0.10,Green
cya ganking comms,0.13,Green
pve flag,0.12,Green
poggers ambushing crate,0.13,Green
need throne,0.12,Green
bro objective,0.12,Green
wait roaming crystal,0.13,Green
close neutralizing round,0.10,Green
nbd party,0.12,Green
grinding meter,0.12,Green
dced tapping voice,0.10,Green
lmao stamina,0.13,Green
rq flanking nexus,0.10,Green
nice dps,0.13,Green
op duo,0.12,Green
heard anchoring duo,0.10,Green
rn turret,0.10,Green
pub dodging discord,0.12,Green
defend smurf,0.12,Green
vgg capping discord,0.10,Green
questing corner,0.10,Green
yep capping tower,0.13,Green
nice warping deaths,0.13,Green
lfg wall,0.10,Green
og leashing flank,0.12,Green
trading base,0.12,Green
rn raiding support,0.12,Green
kek aiming zone,0.13,Green
wait patrolling boss,0.10,Green
gm harassing guild,0.13,Green
cya push comms,0.10,Green
glhf perimeter,0.10,Green
gtg,0.13,Green
wtb spraying round,0.12,Green
hype site,0.12,Green
gl harassing account,0.10,Green
w carrying cache,0.13,Green
wya nerf,0.13,Green
hf questing carry,0.13,Green
league backing lane,0.12,Green
ganking extract,0.12,Green
copy kills,0.13,Green
lmfao flanking minions,0.10,Green
elo reporting zone,0.12,Green
ttyl base,0.13,Green
glhf invading kills,0.12,Green
yolo warding flank,0.12,Green
f grinding stats,0.12,Green
pog grinding cart,0.12,Green
sieging barracks,0.10,Green
lol mid,0.13,Green
np protecting energy,0.13,Green
elo reviving lane,0.12,Green
close streaming assists,0.12,Green
chill looting energy,0.10,Green
customs reviving kills,0.10,Green
stomp peeling xp,0.10,Green
w stacking aggro,0.13,Green
tourney zoning corner,0.13,Green
vaulting heals,0.13,Green
mia tank,0.13,Green
wow grinding loot,0.12,Green
oom buying buff,0.12,Green
og lagging xp,0.12,Green
lowkey farming extract,0.13,Green
eta assaulting adds,0.10,Green
sec escaping lag,0.10,Green
lol carrying scoreboard,0.12,Green
assaulting support,0.10,Green
ez dps,0.10,Green
leaving top,0.12,Green
pog,0.12,Green
wtt barracks,0.12,Green
diff freezing health,0.13,Green
wtb boosting site,0.12,Green
based,0.13,Green
rushing barracks,0.12,Green
kk jungling comms,0.10,Green
ez saving discord,0.12,Green
nope main,0.10,Green
reporting leaderboard,0.10,Green
valid ganking fountain,0.12,Green
ttyl swapping base,0.10,Green
stomp shields,0.10,Green
pinging duo,0.10,Green
wya spawn,0.10,Green
based selling xp,0.13,Green
afaik splitpushing carry,0.10,Green
league saving chokepoint,0.12,Green
reloading discord,0.12,Green
fwiw dueling tank,0.12,Green
pvp escaping squad,0.12,Green
nice questing flag,0.10,Green
disengaging aggro,0.13,Green
mood roaming zone,0.10,Green
defusing chokepoint,0.12,Green
countering perimeter,0.12,Green
surrendering tank,0.13,Green
bbs warping match,0.12,Green
gl freezing chokepoint,0.13,Green
cc carrying smurf,0.12,Green
idk joining xp,0.13,Green
irl warping crate,0.13,Green
bruh muting tank,0.10,Green
wtb snowballing binds,0.10,Green
flanking binds,0.10,Green
scrim defusing stats,0.10,Green
w neutralizing scoreboard,0.13,Green
checking sentry,0.13,Green
hp boosting fps,0.10,Green
dude jungling clan,0.12,Green
inc map,0.12,Green
ngl angle,0.12,Green
lmfao dodging radar,0.10,Green
dm contesting backpack,0.10,Green
casual protecting squad,0.10,Green
sure tank,0.13,Green
assaulting xp,0.13,Green
spectating energy,0.13,Green
heard checking nerf,0.12,Green
goat lag,0.12,Green
gj stacking vault,0.13,Green
wya camping respawn,0.10,Green
kiting ult,0.10,Green
pub nexus,0.12,Green
bg sliding heals,0.13,Green
kiting site,0.13,Green
gj freezing round,0.12,Green
covering tower,0.12,Green
gtg checking point,0.12,Green
gz streaming energy,0.12,Green
pub,0.13,Green
leashing cart,0.13,Green
covering queue,0.12,Green
nt anchoring stream,0.13,Green
anchoring gold,0.10,Green
wtt capping extract,0.13,Green
rip throwing nerf,0.10,Green
pve round,0.12,Green
nice queueing ammo,0.13,Green
patrolling backpack,0.12,Green
wtt pit,0.13,Green
hp peeling stats,0.13,Green
nt pulling match,0.13,Green
scouting flank,0.13,Green
yolo tank,0.12,Green
chill stats,0.12,Green
kk anchoring backpack,0.13,Green
dc raiding respawn,0.10,Green
defend meter,0.12,Green
close bot,0.10,Green
gn disengaging shields,0.10,Green
gratz smurf,0.10,Green
nice reporting trio,0.10,Green
dc route,0.13,Green
lfg,0.10,Green
nice laning binds,0.12,Green
hype sieging nexus,0.10,Green
hold ulting nexus,0.13,Green
copy,0.12,Green
lmfao push lag,0.13,Green
scrim neutralizing throne,0.12,Green
hf warping mana,0.10,Green
gn escaping gold,0.13,Green
np farming vault,0.12,Green
wp defusing route,0.12,Green
spraying extract,0.13,Green
thx barracks,0.13,Green
bet looting trio,0.13,Green
bg crate,0.10,Green
gg sprinting chokepoint,0.12,Green
heard meter,0.13,Green
sus carrying nexus,0.13,Green
stomp holding kills,0.13,Green
gg flag,0.10,Green
obv patrolling vault,0.10,Green
scrim sliding radar,0.10,Green
inhouse need inventory,0.13,Green
glhf pinging meter,0.10,Green
freezing adds,0.13,Green
iirc muting spawn,0.13,Green
nvm guild,0.10,Green
dm spawn,0.13,Green
heard questing aggro,0.13,Green
raiding respawn,0.12,Green
eta boosting trio,0.13,Green
req ult,0.13,Green
ofc pinging rank,0.10,Green
pog anchoring fps,0.10,Green
mood harassing mic,0.12,Green
wtb round,0.10,Green
brb patrolling aggro,0.13,Green
chill pulling tower,0.10,Green
warping tank,0.10,Green
gn sniping bombsite,0.13,Green
wait questing binds,0.10,Green
dm tank,0.10,Green
countering point,0.12,Green
rq splitpushing buff,0.13,Green
meh equipping inventory,0.10,Green
lmao selling duo,0.13,Green
diff kiting point,0.13,Green
omw zoning spawn,0.10,Green
smurfing zone,0.10,Green
boosting mats,0.10,Green
nvm protecting base,0.10,Green
bbl holding fountain,0.12,Green
valid bot,0.12,Green
eta spawn,0.10,Green
hype dodging duo,0.10,Green
rushing armor,0.12,Green
copy grinding spawn,0.13,Green
defend deaths,0.12,Green
tbf spraying stamina,0.13,Green
rotating ammo,0.12,Green
trading wall,0.12,Green
gtg muting settings,0.10,Green
throwing flag,0.10,Green
deadass throwing fps,0.10,Green
lul surrendering stats,0.10,Green
disengaging route,0.12,Green
joining minions,0.12,Green
ok push choke,0.13,Green
wdym,0.10,Green
meta leashing shields,0.12,Green
jk poking scoreboard,0.10,Green
fwiw warping tank,0.10,Green
joining trio,0.13,Green
glhf sprinting stream,0.10,Green
dm pulling stream,0.10,Green
gz buying boss,0.13,Green
tracking settings,0.13,Green
focusing bot,0.10,Green
yep sieging lag,0.10,Green
k warding deaths,0.10,Green
rng rushing queue,0.13,Green
obv harassing flag,0.12,Green
idk chasing pit,0.13,Green
sus staggering fountain,0.13,Green
yw fountain,0.10,Green
nice bridge,0.10,Green
buying stamina,0.13,Green
gj muting trio,0.10,Green
rip freezing gold,0.10,Green
deadass equipping crate,0.12,Green
f tapping bombsite,0.10,Green
bruh trading crystal,0.12,Green
goat mana,0.10,Green
valid assists,0.13,Green
push stream,0.12,Green
meta scoreboard,0.13,Green
smurfing streak,0.12,Green
idk muting mats,0.13,Green
dueling ammo,0.12,Green
fwiw round,0.10,Green
hold,0.13,Green
rushing map,0.10,Green
lol peeking spawn,0.13,Green
based leaving base,0.10,Green
scrim spawning lane,0.12,Green
resetting settings,0.13,Green
obv chokepoint,0.12,Green
invading ammo,0.10,Green
cap roaming bridge,0.13,Green
pve sprinting perimeter,0.13,Green
sus spectating tunnel,0.13,Green
inc carrying map,0.13,Green
dm smurfing barracks,0.10,Green
wtb surrendering meter,0.10,Green
escorting shields,0.12,Green
tourney crashing cooldowns,0.12,Green
healing flag,0.13,Green
kk boosting bot,0.10,Green
capping buff,0.13,Green
fed objective,0.10,Green
tmr sliding respawn,0.10,Green
imo ambushing lobby,0.13,Green
raiding mats,0.13,Green
lfp invading settings,0.12,Green
wtt rushing stamina,0.13,Green
crashing cache,0.13,Green
dc reloading voice,0.12,Green
l cooldowns,0.10,Green
bbl defend extract,0.12,Green
sure pulling inventory,0.13,Green
yep flanking sentry,0.13,Green
push core,0.10,Green
oof reporting mats,0.12,Green
close smurfing trio,0.10,Green
escorting jungle,0.13,Green
np kiting smurf,0.10,Green
lfp bot,0.10,Green
glhf ganking main,0.13,Green
op mats,0.12,Green
cap covering crate,0.10,Green
healing barracks,0.10,Green
dm leaving smurf,0.13,Green
cc,0.12,Green
meh tapping alt,0.12,Green
elo leaving minimap,0.10,Green
league drop jungle,0.13,Green
protecting adds,0.12,Green
lol rushing corner,0.10,Green
ofc covering shop,0.12,Green
yep aiming adds,0.13,Green
tbf rushing bridge,0.13,Green
pub account,0.12,Green
l lagging cooldowns,0.13,Green
surrendering corner,0.12,Green
defend corner,0.13,Green
sure selling support,0.12,Green
gm queueing inventory,0.12,Green
draft cooldowns,0.13,Green
afk capping stamina,0.10,Green
dude patrolling map,0.12,Green
wb protecting heals,0.12,Green
fwiw scouting tank,0.10,Green
bro smurfing mic,0.13,Green
splitpushing creeps,0.10,Green
spawning throne,0.10,Green
op scoreboard,0.12,Green
chill cart,0.12,Green
here ulting nerf,0.10,Green
casual camping inventory,0.12,Green
ez baiting queue,0.13,Green
imho laning alt,0.10,Green
gn looting lobby,0.10,Green
tilt resetting flag,0.13,Green
bet carry,0.13,Green
inhouse reloading angle,0.13,Green
ready ping,0.12,Green
neutralizing wall,0.13,Green
casual lagging carry,0.12,Green
ig stats,0.13,Green
crashing fountain,0.12,Green
gn farming mats,0.10,Green
mia tracking top,0.12,Green
buying assists,0.13,Green
casual harassing creeps,0.10,Green
hp account,0.13,Green
omg choke,0.10,Green
f armor,0.12,Green
clear warding lag,0.12,Green
here patrolling trio,0.12,Green
pulling barracks,0.13,Green
smh aiming mana,0.10,Green
bg laning energy,0.10,Green
irl escaping armor,0.10,Green
brb dueling streak,0.10,Green
pvp minimap,0.12,Green
throwing jungle,0.12,Green
pulling tank,0.12,Green
stacking meter,0.13,Green
nope smurfing party,0.13,Green
lmao jungling gold,0.10,Green
wya creeps,0.13,Green
tourney minimap,0.10,Green
poggers resetting mid,0.10,Green
reloading backpack,0.13,Green
bet duo,0.12,Green
bet backing radar,0.12,Green
kiting ping,0.12,Green
fed protecting sentry,0.12,Green
ff mid,0.12,Green
lmfao top,0.13,Green
gn comms,0.13,Green
yolo rushing lobby,0.10,Green
bruh anchoring armor,0.13,Green
nt snowballing settings,0.13,Green
cc selling stream,0.13,Green
nvm muting energy,0.12,Green
lfg countering leaderboard,0.13,Green
rez streaming payload,0.13,Green
meta sentry,0.13,Green
saving health,0.13,Green
wdym warping leaderboard,0.13,Green
cc reloading stamina,0.12,Green
aoe staggering perimeter,0.10,Green
soon ambushing turret,0.10,Green
pulling corner,0.13,Green
fed,0.12,Green
wts dodging mic,0.13,Green
rn jungling duo,0.13,Green
smurfing crystal,0.10,Green
bruh reloading payload,0.13,Green
kiting dps,0.10,Green
resetting scoreboard,0.12,Green
ngl tower,0.13,Green
xd wall,0.12,Green
nope,0.13,Green
idc aggro,0.12,Green
rofl resetting duo,0.10,Green
dude energy,0.12,Green
mb spectating scoreboard,0.13,Green
lol ganking carry,0.10,Green
close holding account,0.13,Green
omw leaving ammo,0.10,Green
cap selling perimeter,0.10,Green
brb guild,0.12,Green
clear,0.13,Green
spraying flag,0.12,Green
rotating payload,0.13,Green
fed anchoring buff,0.13,Green
diff countering fountain,0.13,Green
omw baiting site,0.13,Green
leaving squad,0.12,Green
gratz questing scoreboard,0.12,Green
wp roaming main,0.13,Green
farming settings,0.10,Green
pvp healing tank,0.12,Green
lagging alt,0.10,Green
wts baiting objective,0.10,Green
ez jungling queue,0.10,Green
nt perimeter,0.10,Green
based top,0.12,Green
afaik spraying wall,0.13,Green
sweeping round,0.10,Green
obv,0.10,Green
cc choke,0.13,Green
gl objective,0.13,Green
standby discord,0.13,Green
brb assaulting site,0.10,Green
questing base,0.12,Green
iirc holding trio,0.10,Green
jk warping carry,0.10,Green
ready peeking radar,0.13,Green
holding jungle,0.13,Green
goat stamina,0.10,Green
yolo disengaging scoreboard,0.13,Green
roaming party,0.13,Green
smh match,0.13,Green
wts rushing match,0.10,Green
dm need sentry,0.13,Green
rushing top,0.13,Green
kek ping,0.12,Green
meh sweeping smurf,0.13,Green
wp stats,0.13,Green
buying sentry,0.13,Green
patrolling shields,0.13,Green
harassing nexus,0.13,Green
thx poking tower,0.12,Green
laning queue,0.10,Green
planting spawn,0.10,Green
sure pinging streak,0.12,Green
lfp vaulting creeps,0.12,Green
oom staggering crate,0.13,Green
nice rotating lobby,0.12,Green
imo contesting spawn,0.12,Green
aram invading alt,0.10,Green
kk mic,0.12,Green
idk,0.12,Green
pog throne,0.10,Green
hype harassing deaths,0.10,Green
op sieging perimeter,0.13,Green
bruh choke,0.12,Green
buying stream,0.13,Green
og crashing route,0.13,Green
fr scoreboard,0.13,Green
carrying throne,0.13,Green
diff saving ping,0.10,Green
ok discord,0.10,Green
crashing armor,0.10,Green
bruh objective,0.10,Green
aoe swapping extract,0.13,Green
cc selling assists,0.12,Green
kek sieging cooldowns,0.13,Green
league reviving route,0.13,Green
here creeps,0.10,Green
wb push meter,0.12,Green
done covering ping,0.13,Green
wait crafting aggro,0.13,Green
kek crouching stats,0.12,Green
crouching inventory,0.10,Green
gj support,0.12,Green
ty,0.13,Green
sec spectating trio,0.13,Green
mmr tunnel,0.12,Green
rushing loadout,0.13,Green
ranked engaging stream,0.12,Green
wow escorting corner,0.12,Green
soon pit,0.12,Green
dude buying match,0.12,Green
ambushing pit,0.10,Green
tmr carrying settings,0.13,Green
gz dodging fps,0.13,Green
based jungling assists,0.10,Green
assaulting chokepoint,0.13,Green
goat baiting deaths,0.10,Green
pulling trio,0.12,Green
hype backpack,0.10,Green
sure rushing trio,0.10,Green
l throwing map,0.12,Green
wya flanking barracks,0.10,Green
invading heals,0.10,Green
copy roaming round,0.10,Green
facts bridge,0.10,Green
eta rushing ammo,0.13,Green
heard crystal,0.12,Green
eta boosting dps,0.13,Green
farming match,0.10,Green
dc flanking mats,0.13,Green
req flag,0.12,Green
dm crouching bot,0.13,Green
k stats,0.12,Green
leaving binds,0.10,Green
lmao poking nerf,0.13,Green
dced invading xp,0.10,Green
pinging ping,0.10,Green
raiding creeps,0.13,Green
mb boosting trio,0.10,Green
sprinting fountain,0.13,Green
ggs engaging settings,0.13,Green
spectating support,0.12,Green
jk covering fps,0.12,Green
customs backing creeps,0.12,Green
rez crafting crystal,0.10,Green
throwing perimeter,0.12,Green
smh planting throne,0.10,Green
resetting buff,0.12,Green
ranked tank,0.13,Green
ggs support,0.10,Green
draft ammo,0.10,Green
chasing rank,0.10,Green
throwing heals,0.12,Green
tbh scouting tower,0.13,Green
afaik minions,0.13,Green
rng payload,0.13,Green
bbl crafting stream,0.13,Green
standby throwing cache,0.10,Green
tilt healing voice,0.10,Green
streaming tower,0.12,Green
gn freezing ult,0.13,Green
cya jungling trio,0.12,Green
dm,0.12,Green
ready jungling settings,0.12,Green
dc tracking ammo,0.12,Green
chill sieging objective,0.12,Green
wp shop,0.10,Green
inhouse assaulting boss,0.12,Green
aoe crouching crystal,0.10,Green
gg warding smurf,0.12,Green
standby leaderboard,0.10,Green
nbd sweeping lane,0.10,Green
farming throne,0.13,Green
done laning rank,0.10,Green
iirc diving discord,0.12,Green
sieging spawn,0.13,Green
bet looting core,0.10,Green
tbf disengaging bridge,0.13,Green
lul squad,0.13,Green
rng shop,0.13,Green
kk lagging round,0.13,Green
need lane,0.10,Green
hp sweeping meter,0.10,Green
queueing flag,0.13,Green
fed peeling pit,0.10,Green
casual rushing loot,0.13,Green
ngl farming match,0.13,Green
eta flank,0.12,Green
k tracking flag,0.12,Green
wb harassing stream,0.12,Green
oof spraying base,0.13,Green
aoe cooldowns,0.12,Green
gl ping,0.10,Green
f round,0.10,Green
req rotating minions,0.12,Green
meta flanking comms,0.10,Green
league sliding smurf,0.10,Green
meh assaulting objective,0.12,Green
poking lane,0.12,Green
lul sweeping adds,0.10,Green
bruh streaming party,0.12,Green
cya queueing discord,0.10,Green
ok mic,0.10,Green
aram staggering backpack,0.10,Green
rn dodging fountain,0.13,Green
casual mid,0.10,Green
lmfao defusing stats,0.12,Green
idc kills,0.10,Green
gg,0.13,Green
mmr capping trio,0.13,Green
og crafting buff,0.12,Green
yw main,0.13,Green
covering support,0.12,Green
ready fps,0.12,Green
lfg ambushing voice,0.10,Green
sec sniping corner,0.10,Green
idc meter,0.10,Green
surrendering spawn,0.13,Green
lmao swapping trio,0.13,Green
wtt buying aggro,0.13,Green
rotating creeps,0.12,Green
nah staggering stamina,0.10,Green
camping minions,0.13,Green
close choke,0.10,Green
nbd main,0.12,Green
lmfao drop nerf,0.10,Green
ty crashing radar,0.12,Green
disengaging choke,0.13,Green
planting heals,0.13,Green
xd diving bridge,0.13,Green
throwing energy,0.10,Green
gratz throne,0.12,Green
roger rushing health,0.13,Green
og rushing radar,0.10,Green
yw patrolling mats,0.10,Green
nah kiting cart,0.10,Green
np disengaging lane,0.13,Green
tbf vaulting top,0.12,Green
lmfao laning cache,0.12,Green
swapping turret,0.10,Green
irl grinding adds,0.10,Green
mia snowballing minions,0.13,Green
rng patrolling creeps,0.12,Green
xd patrolling throne,0.12,Green
inc swapping top,0.12,Green
hp healing radar,0.12,Green
nice lag,0.13,Green
heard flanking aggro,0.12,Green
holding mats,0.13,Green
crashing corner,0.12,Green
scouting cooldowns,0.10,Green
cc snowballing crystal,0.10,Green
sprinting site,0.10,Green
rip smurfing top,0.13,Green
saving top,0.12,Green
fwiw freezing base,0.12,Green
yep crashing respawn,0.10,Green
gz checking lobby,0.12,Green
clear holding guild,0.12,Green
tbf rotating assists,0.10,Green
og flanking meter,0.10,Green
wb fountain,0.12,Green
ok shop,0.13,Green
dude fountain,0.13,Green
ready ulting perimeter,0.13,Green
peeling point,0.13,Green
rng contesting point,0.13,Green
capping bot,0.10,Green
farming carry,0.12,Green
omw flanking bridge,0.10,Green
wtb crouching sentry,0.12,Green
ok freezing lag,0.12,Green
gtg comms,0.12,Green
pve kiting lag,0.12,Green
fed staggering stats,0.10,Green
clear tapping site,0.12,Green
escorting ult,0.13,Green
imho selling tower,0.12,Green
imo patrolling ult,0.13,Green
cc flanking match,0.13,Green
here streak,0.12,Green
draft cache,0.12,Green
flanking wall,0.10,Green
customs covering cart,0.10,Green
bruh kiting streak,0.10,Green
mb,0.10,Green
ready leaderboard,0.12,Green
meh laning energy,0.10,Green
rq payload,0.12,Green
stacking discord,0.10,Green
gl pinging tunnel,0.13,Green
bbs warding fps,0.10,Green
wtb baiting stamina,0.12,Green
inhouse diving aggro,0.12,Green
idc,0.10,Green
dm muting minions,0.12,Green
imo trading point,0.10,Green
wow backdooring zone,0.10,Green
ty chest,0.12,Green
oof jungling ammo,0.10,Green
cc defusing main,0.13,Green
gj kiting minions,0.10,Green
dc voice,0.13,Green
deadass rushing respawn,0.10,Green
roger peeking backpack,0.10,Green
surrendering payload,0.12,Green
hold sweeping base,0.13,Green
elo grinding base,0.10,Green
healing tower,0.13,Green
nbd laning guild,0.13,Green
hp drop lag,0.10,Green
based buying armor,0.10,Green
yw covering mic,0.13,Green
dude rotating nerf,0.12,Green
tbf capping fps,0.13,Green
wdym warping duo,0.12,Green
checking buff,0.13,Green
close rotating mid,0.13,Green
wow neutralizing voice,0.12,Green
poggers vaulting mats,0.10,Green
yep mid,0.12,Green
nice assaulting stamina,0.13,Green
eta farming bot,0.12,Green
casual vaulting choke,0.13,Green
cap flank,0.10,Green
aram duo,0.12,Green
f resetting assists,0.10,Green
xd staggering shop,0.12,Green
cya aiming heals,0.13,Green
lmfao rushing energy,0.13,Green
buying guild,0.13,Green
mia cache,0.10,Green
gm cooldowns,0.13,Green
hf smurf,0.10,Green
mmr,0.12,Green
based rotating alt,0.12,Green
mmr angle,0.10,Green
kk drop adds,0.13,Green
inhouse healing fps,0.10,Green
w escaping meter,0.13,Green
jk diving minimap,0.12,Green
irl snowballing carry,0.10,Green
customs sentry,0.13,Green
yep,0.13,Green
vgg looting xp,0.10,Green
rip reviving energy,0.10,Green
gz reviving stamina,0.12,Green
surrendering top,0.13,Green
lmao spectating guild,0.12,Green
reporting kills,0.13,Green
nvm focusing jungle,0.13,Green
og flanking round,0.13,Green
capping ping,0.10,Green
escorting leaderboard,0.13,Green
dced assaulting binds,0.12,Green
sec,0.12,Green
tbh splitpushing wall,0.13,Green
pub zoning chest,0.10,Green
gm baiting shop,0.12,Green
done warping streak,0.10,Green
omw surrendering scoreboard,0.12,Green
farming heals,0.12,Green
ngl harassing squad,0.12,Green
pog backdooring angle,0.12,Green
customs kiting map,0.13,Green
looting cart,0.13,Green
diving site,0.13,Green
warding turret,0.13,Green
raiding mana,0.10,Green
np planting route,0.12,Green
op engaging shields,0.13,Green
hp scouting shields,0.13,Green
vgg perimeter,0.13,Green
omw anchoring sentry,0.12,Green
fwiw disengaging squad,0.12,Green
gtg voice,0.10,Green
defusing settings,0.10,Green
anchoring point,0.10,Green
hold leashing smurf,0.10,Green
bbl raiding corner,0.13,Green
hold selling aggro,0.13,Green
tilt buying round,0.10,Green
chasing scoreboard,0.10,Green
meta drop tunnel,0.12,Green
pvp splitpushing map,0.10,Green
focusing ping,0.13,Green
sec crate,0.12,Green
cap staggering xp,0.12,Green
sus planting throne,0.10,Green
fwiw saving aggro,0.10,Green
customs engaging minimap,0.13,Green
roger diving tunnel,0.13,Green
trading minions,0.10,Green
tmr resetting respawn,0.10,Green
wdym guild,0.13,Green
bro peeling throne,0.10,Green
thx contesting core,0.12,Green
tourney capping support,0.12,Green
fwiw need chokepoint,0.13,Green
elo patrolling creeps,0.13,Green
rn settings,0.10,Green
bruh invading scoreboard,0.13,Green
chasing respawn,0.12,Green
pve anchoring crystal,0.12,Green
facts support,0.10,Green
covering heals,0.10,Green
need mana,0.10,Green
escaping backpack,0.13,Green
ngl site,0.13,Green
mb disengaging cache,0.10,Green
dude smurfing assists,0.13,Green
mood reviving map,0.10,Green
close lag,0.12,Green
pvp,0.12,Green
wp squad,0.12,Green
casual assaulting adds,0.13,Green
valid carrying comms,0.13,Green
yolo defend chokepoint,0.12,Green
lmfao poking armor,0.10,Green
afaik,0.12,Green
lmao covering match,0.13,Green
ofc health,0.10,Green
idc chasing ult,0.13,Green
cc surrendering chokepoint,0.10,Green
og defusing party,0.12,Green
gj drop main,0.13,Green
tilt selling nexus,0.10,Green
pve baiting mats,0.10,Green
aiming corner,0.13,Green
sec warping tunnel,0.10,Green
ambushing scoreboard,0.13,Green
meta voice,0.13,Green
wp joining kills,0.10,Green
disengaging armor,0.12,Green
tourney settings,0.13,Green
draft drop angle,0.10,Green
invading trio,0.10,Green
ff laning nerf,0.10,Green
selling tunnel,0.10,Green
goat carrying lobby,0.10,Green
pub carrying main,0.12,Green
w,0.12,Green
omw checking trio,0.13,Green
dced neutralizing bombsite,0.10,Green
op selling party,0.12,Green
dm resetting gold,0.12,Green
nbd buying alt,0.13,Green
wp aiming xp,0.12,Green
gz scouting lag,0.13,Green
rushing deaths,0.13,Green
gn,0.10,Green
flanking respawn,0.10,Green
noted drop minimap,0.10,Green
goat freezing backpack,0.12,Green
inhouse dueling nexus,0.13,Green
dude lagging tower,0.13,Green
gratz ult,0.13,Green
poking choke,0.10,Green
fwiw lag,0.10,Green
ranked countering discord,0.12,Green
poggers trading angle,0.13,Green
stacking flank,0.13,Green
deadass drop ult,0.13,Green
bbs main,0.10,Green
selling chest,0.12,Green
oom ammo,0.12,Green
wts assaulting cart,0.12,Green
stomp tracking map,0.13,Green
heard rushing party,0.13,Green
gl freezing carry,0.10,Green
l neutralizing lane,0.10,Green
tbf ulting lobby,0.12,Green
hold tracking party,0.13,Green
omw jungling settings,0.13,Green
wow respawn,0.12,Green
nt rushing ult,0.12,Green
sure raiding rank,0.12,Green
gg stats,0.12,Green
fwiw spraying map,0.10,Green
defusing alt,0.10,Green
ofc holding kills,0.10,Green
close rotating queue,0.10,Green
based invading guild,0.10,Green
og crafting nexus,0.12,Green
diff tapping jungle,0.13,Green
gg buff,0.10,Green
snowballing minions,0.10,Green
facts snowballing backpack,0.13,Green
lmao lagging trio,0.10,Green
lfg radar,0.13,Green
grinding bot,0.12,Green
pub looting assists,0.12,Green
ama camping duo,0.13,Green
standby defend alt,0.12,Green
kiting flag,0.13,Green
goat disengaging corner,0.12,Green
sniping payload,0.10,Green
ngl chokepoint,0.13,Green
aiming creeps,0.13,Green
sprinting kills,0.10,Green
backing chest,0.13,Green
ff leaving binds,0.10,Green
dueling inventory,0.12,Green
req cart,0.12,Green
scrim buying lobby,0.12,Green
bet planting health,0.10,Green
gg leashing point,0.13,Green
imo warping route,0.13,Green
yw planting spawn,0.12,Green
hf chest,0.10,Green
dm vaulting map,0.10,Green
wait need stream,0.12,Green
ranked roaming trio,0.12,Green
oom chasing mats,0.12,Green
idk sweeping cart,0.13,Green
kek surrendering core,0.10,Green
pve sliding rank,0.13,Green
here boosting queue,0.12,Green
nope sweeping shop,0.10,Green
inc smurfing cart,0.13,Green
gz pulling inventory,0.12,Green
protecting aggro,0.10,Green
og sweeping rank,0.13,Green
tbh trio,0.10,Green
rip contesting account,0.13,Green
ready drop mic,0.10,Green
crashing payload,0.12,Green
ranked alt,0.10,Green
aiming top,0.13,Green
draft chest,0.12,Green
neutralizing cache,0.12,Green
tbf spawn,0.10,Green
backing bot,0.10,Green
pve laning minimap,0.13,Green
poggers drop aggro,0.12,Green
dodging armor,0.13,Green
casual shields,0.10,Green
elo rushing perimeter,0.10,Green
gn raiding vault,0.10,Green
stomp choke,0.12,Green
vgg ambushing mats,0.12,Green
yep spraying account,0.13,Green
planting duo,0.10,Green
bro peeling barracks,0.10,Green
gn dodging ult,0.10,Green
smh stamina,0.10,Green
league lag,0.12,Green
facts tapping bombsite,0.12,Green
brb stacking cart,0.13,Green
diff lagging bot,0.13,Green
yw trio,0.12,Green
omw barracks,0.12,Green
wtb perimeter,0.10,Green
sweeping kills,0.10,Green
mb rotating flank,0.12,Green
glhf queueing flag,0.10,Green
farming backpack,0.10,Green
tourney jungling objective,0.10,Green
dc muting kills,0.10,Green
poggers neutralizing streak,0.12,Green
streaming core,0.13,Green
omw trio,0.10,Green
tilt warding comms,0.12,Green
gl contesting chokepoint,0.12,Green
cc sieging health,0.13,Green
w roaming rank,0.10,Green
k trading mid,0.12,Green
draft backpack,0.10,Green
vgg flanking lobby,0.10,Green
casual payload,0.12,Green
reloading loadout,0.10,Green
done pinging stats,0.10,Green
sliding leaderboard,0.12,Green
kiting zone,0.10,Green
rez contesting payload,0.12,Green
close mana,0.12,Green
gz escorting crate,0.12,Green
ggs payload,0.12,Green
bg sprinting boss,0.12,Green
elo top,0.12,Green
tmr,0.13,Green
assaulting ping,0.12,Green
dude,0.10,Green
gtg jungling dps,0.13,Green
idk planting smurf,0.13,Green
elo mats,0.12,Green
contesting throne,0.12,Green
yw looting tunnel,0.12,Green
ranked contesting streak,0.10,Green
clear loot,0.10,Green
valid sniping chokepoint,0.12,Green
crouching objective,0.10,Green
wait selling discord,0.10,Green
kek spectating comms,0.12,Green
gl questing scoreboard,0.10,Green
wts raiding lane,0.10,Green
nt resetting zone,0.10,Green
league,0.10,Green
gl camping flank,0.13,Green
focusing leaderboard,0.13,Green
hold surrendering base,0.13,Green
dude crashing ping,0.13,Green
bruh,0.10,Green
bbl smurfing kills,0.10,Green
protecting base,0.12,Green
crouching flank,0.10,Green
fwiw defend base,0.10,Green
wdym main,0.12,Green
sweeping fps,0.13,Green
dced,0.10,Green
based grinding gold,0.10,Green
elo streak,0.12,Green
noted,0.13,Green
backing ping,0.12,Green
smh reviving binds,0.12,Green
trading scoreboard,0.13,Green
wtb sprinting lane,0.13,Green
tapping barracks,0.10,Green
tbf engaging stamina,0.10,Green
roger poking perimeter,0.10,Green
gl,0.10,Green
elo pinging angle,0.10,Green
nvm camping bot,0.12,Green
pulling adds,0.10,Green
ttyl leaving armor,0.10,Green
ggs trading turret,0.12,Green
gg assaulting site,0.12,Green
brb scouting loadout,0.13,Green
customs crouching chest,0.10,Green
facts camping queue,0.13,Green
brb chasing streak,0.12,Green
need payload,0.10,Green
bbl zone,0.10,Green
here fps,0.12,Green
yep guild,0.12,Green
engaging settings,0.12,Green
draft scouting objective,0.10,Green
yw surrendering wall,0.13,Green
hp sieging stamina,0.13,Green
pve kiting tower,0.10,Green
lmfao stacking stamina,0.13,Green
kk spraying cooldowns,0.10,Green
yw scoreboard,0.10,Green
contesting carry,0.13,Green
gg pulling flag,0.10,Green
mmr surrendering comms,0.12,Green
ff stacking assists,0.10,Green
smh rushing trio,0.13,Green
afk crouching spawn,0.12,Green
iirc jungle,0.13,Green
customs armor,0.12,Green
rofl patrolling choke,0.10,Green
idc party,0.13,Green
dude covering stats,0.12,Green
omg radar,0.13,Green
sure diving scoreboard,0.10,Green
dced peeling aggro,0.12,Green
ff boss,0.10,Green
copy lagging crystal,0.10,Green
thx heals,0.13,Green
dced covering minions,0.10,Green
leaving flag,0.12,Green
ty splitpushing top,0.10,Green
cc tracking mic,0.10,Green
kek planting ult,0.10,Green
draft spawning ammo,0.12,Green
l reporting choke,0.12,Green
eta cart,0.10,Green
bruh radar,0.13,Green
ttyl checking alt,0.13,Green
league smurfing tower,0.12,Green
ty stats,0.13,Green
gz crouching crystal,0.10,Green
pub defend shop,0.10,Green
heard contesting bridge,0.13,Green
defusing bombsite,0.12,Green
req snowballing bridge,0.12,Green
invading mic,0.13,Green
pvp rushing voice,0.13,Green
wya diving deaths,0.12,Green
leaving shields,0.12,Green
defend aggro,0.13,Green
leashing adds,0.10,Green
ttyl queueing trio,0.10,Green
gtg disengaging scoreboard,0.12,Green
hp nexus,0.13,Green
smh flanking leaderboard,0.13,Green
ff defend objective,0.12,Green
yep equipping flag,0.12,Green
pvp roaming rank,0.12,Green
lfg pinging base,0.12,Green
gm dueling backpack,0.12,Green
irl deaths,0.12,Green
stacking leaderboard,0.13,Green
tourney trading sentry,0.10,Green
escaping tank,0.12,Green
cap reloading site,0.10,Green
queueing queue,0.10,Green
splitpushing heals,0.13,Green
scouting streak,0.10,Green
rn lagging crate,0.13,Green
sec selling bot,0.13,Green
camping ping,0.10,Green
lfp roaming extract,0.10,Green
equipping main,0.13,Green
need dps,0.10,Green
rip flag,0.10,Green
heard checking stamina,0.10,Green
tapping energy,0.13,Green
chill bot,0.12,Green
wp mic,0.10,Green
aram chokepoint,0.13,Green
eta shields,0.13,Green
wtb muting point,0.13,Green
facts lane,0.10,Green
crafting radar,0.10,Green
tmr looting kills,0.12,Green
sliding ult,0.13,Green
iirc roaming gold,0.13,Green
iirc heals,0.10,Green
mmr holding settings,0.13,Green
backing kills,0.12,Green
fwiw map,0.12,Green
fr jungle,0.10,Green
push tunnel,0.13,Green
pog leaving minions,0.12,Green
wtb protecting tower,0.12,Green
bbs assists,0.10,Green
gj ulting route,0.10,Green
wtt ult,0.10,Green
wya countering round,0.12,Green
selling mats,0.10,Green
pub jungle,0.12,Green
brb crashing ult,0.13,Green
ttyl rushing loadout,0.13,Green
ok,0.12,Green
wtb patrolling aggro,0.10,Green
wtb spawning creeps,0.10,Green
gtg shop,0.10,Green
based vaulting barracks,0.13,Green
tapping jungle,0.12,Green
irl peeking corner,0.12,Green
mood spraying zone,0.13,Green
fr chest,0.12,Green
mmr reporting top,0.10,Green
heard sniping comms,0.10,Green
copy cache,0.10,Green
reporting lag,0.12,Green
ez gold,0.13,Green
ready sliding ult,0.12,Green
bg grinding flank,0.13,Green
close leashing gold,0.13,Green
casual streaming nexus,0.10,Green
chill surrendering turret,0.12,Green
w dodging streak,0.12,Green
ranked account,0.12,Green
hf crate,0.12,Green
defend shop,0.10,Green
muting flag,0.10,Green
oof carry,0.10,Green
pve splitpushing adds,0.10,Green
spectating tower,0.12,Green
roger flanking ping,0.10,Green
bbl cooldowns,0.12,Green
sec contesting clan,0.10,Green
wow capping shop,0.10,Green
afk spraying rank,0.13,Green
ofc shop,0.13,Green
ofc sliding lane,0.13,Green
dude rotating cart,0.10,Green
lul aiming lane,0.12,Green
f chasing perimeter,0.10,Green
cc carrying streak,0.12,Green
wts xp,0.12,Green
ama stacking discord,0.10,Green
ggs splitpushing ammo,0.12,Green
mood escorting ammo,0.12,Green
clear trading base,0.10,Green
kk site,0.13,Green
rip countering account,0.13,Green
nvm harassing chokepoint,0.12,Green
ez stamina,0.13,Green
imo warding mid,0.12,Green
hp cache,0.10,Green
hype raiding guild,0.12,Green
afaik match,0.12,Green
leashing route,0.12,Green
ttyl,0.13,Green
league streaming point,0.12,Green
omw settings,0.10,Green
spawning respawn,0.10,Green
fed dps,0.12,Green
dude peeling heals,0.12,Green
rushing shields,0.12,Green
nvm tapping crate,0.10,Green
saving heals,0.13,Green
equipping flank,0.12,Green
lmao farming boss,0.10,Green
league lobby,0.13,Green
ggs escaping inventory,0.10,Green
rushing payload,0.10,Green
heard snowballing extract,0.10,Green
tbh covering adds,0.12,Green
cap splitpushing nexus,0.10,Green
cap aiming tower,0.12,Green
eta loadout,0.12,Green
wya healing shields,0.10,Green
gz tracking account,0.12,Green
wtt sieging flag,0.13,Green
customs warding mic,0.12,Green
bg leaving cache,0.12,Green
valid streaming map,0.13,Green
rn tapping respawn,0.13,Green
buying main,0.10,Green
aoe pinging mana,0.12,Green
fr holding extract,0.10,Green
aoe pinging crate,0.12,Green
soon backing health,0.12,Green
lfp spectating meter,0.13,Green
bet saving mats,0.12,Green
f nexus,0.13,Green
bro capping route,0.12,Green
hype,0.10,Green
ig rotating comms,0.12,Green
ofc scoreboard,0.13,Green
close questing lobby,0.13,Green
gz escorting buff,0.13,Green
equipping account,0.10,Green
vgg flanking clan,0.10,Green
ttyl grinding meter,0.13,Green
farming ammo,0.13,Green
req choke,0.10,Green
f planting map,0.10,Green
wb engaging choke,0.13,Green
ez poking smurf,0.10,Green
kk,0.13,Green
cc saving backpack,0.13,Green
wts grinding smurf,0.10,Green
stomp aiming armor,0.10,Green
oom sweeping health,0.10,Green
valid boss,0.12,Green
omw ammo,0.13,Green
hp lobby,0.12,Green
lmao pulling tank,0.12,Green
here stamina,0.12,Green
wp reviving barracks,0.10,Green
imo snowballing cooldowns,0.12,Green
mia queueing scoreboard,0.13,Green
crashing party,0.13,Green
cc sprinting tunnel,0.12,Green
farming cache,0.10,Green
lmfao defusing zone,0.10,Green
req map,0.13,Green
mia spectating perimeter,0.12,Green
tilt tunnel,0.10,Green
push trio,0.13,Green
warding inventory,0.12,Green
gl grinding dps,0.13,Green
ganking nexus,0.13,Green
cc ganking squad,0.12,Green
poking loadout,0.10,Green
smurfing radar,0.13,Green
rip pulling trio,0.13,Green
wb chasing lane,0.12,Green
omw looting settings,0.12,Green
crashing point,0.12,Green
sec spraying clan,0.13,Green
assaulting cache,0.13,Green
f selling queue,0.10,Green
pve questing boss,0.13,Green
np checking ult,0.12,Green
kiting trio,0.10,Green
pub focusing lag,0.12,Green
sieging smurf,0.10,Green
yep fps,0.10,Green
obv lag,0.13,Green
mmr dueling settings,0.10,Green
rip alt,0.10,Green
looting minimap,0.10,Green
laning crate,0.12,Green
ganking duo,0.10,Green
gg lag,0.13,Green
mmr dueling assists,0.10,Green
leaving bridge,0.10,Green
brb queueing leaderboard,0.12,Green
pve spectating scoreboard,0.10,Green
ok neutralizing scoreboard,0.13,Green
cap protecting lag,0.13,Green
imo warping inventory,0.10,Green
hf contesting support,0.13,Green
staggering adds,0.13,Green
defusing party,0.10,Green
deadass checking crate,0.10,Green
afk,0.13,Green
staggering nexus,0.10,Green
omg lagging duo,0.10,Green
ez dueling binds,0.12,Green
lfp camping health,0.13,Green
gg sprinting main,0.13,Green
fwiw sweeping route,0.13,Green
valid disengaging tunnel,0.12,Green
nice swapping flag,0.10,Green
ok baiting carry,0.12,Green
bbs rushing heals,0.13,Green
hype disengaging tank,0.13,Green
lagging bridge,0.13,Green
tbf jungling heals,0.10,Green
cya settings,0.13,Green
nope buying tunnel,0.12,Green
gn push heals,0.12,Green
mood roaming mid,0.13,Green
rofl surrendering support,0.13,Green
rushing match,0.12,Green
bbs reporting site,0.13,Green
jk drop inventory,0.12,Green
ez comms,0.12,Green
obv duo,0.10,Green
here planting flag,0.10,Green
sec crouching tower,0.13,Green
cap disengaging voice,0.10,Green
anchoring account,0.12,Green
cc dueling angle,0.12,Green
league raiding adds,0.10,Green
k snowballing map,0.13,Green
customs farming throne,0.13,Green
ganking radar,0.12,Green
bbs joining clan,0.12,Green
dced buying nerf,0.12,Green
sliding lobby,0.13,Green
lfp shop,0.10,Green
elo carrying bot,0.13,Green
focusing lane,0.13,Green
tmr streaming sentry,0.13,Green
ranked grinding stream,0.13,Green
customs gold,0.13,Green
aoe freezing stats,0.12,Green
facts jungle,0.12,Green
ulting flag,0.12,Green
gm kiting armor,0.13,Green
streaming flag,0.10,Green
vgg site,0.12,Green
fed zoning wall,0.13,Green
